customer_id,genero,mayor_65,tiene_pareja,tiene_dependientes,antiguedad_meses,tipo_contrato,facturacion_electronica,metodo_pago,servicio_internet,seguridad_online,soporte_tecnico,streaming_tv,cargo_mensual,cargo_total,num_incidencias_soporte,churn
CU5000,Masculino,0,Sí,Sí,35,Dos años,Sí,Transferencia,Fibra óptica,Sí,No,Sí,49.71,1607.68,1,0
CU5001,Masculino,0,Sí,Sí,21,Dos años,Sí,Cheque electrónico,Sin internet,Sí,No,Sí,77.26,1568.4,1,0
CU5002,Masculino,0,No,Sí,52,Un año,Sí,Cheque electrónico,Fibra óptica,No,Sí,No,92.81,4625.8,1,0
CU5003,Femenino,1,Sí,No,37,Dos años,No,Transferencia,DSL,No,No,No,80.24,2790.49,0,0
CU5004,Femenino,0,No,No,65,Dos años,Sí,Cheque electrónico,Fibra óptica,No,Sí,Sí,51.87,3485.55,2,0
CU5005,Femenino,0,Sí,Sí,54,Mes a mes,No,Cheque electrónico,Fibra óptica,No,No,No,70.83,3583.99,0,0
CU5006,Femenino,0,Sí,No,43,Un año,Sí,Cheque electrónico,Fibra óptica,No,No,Sí,57.8,2435.49,2,0
CU5007,Masculino,1,Sí,Sí,30,Mes a mes,Sí,Domiciliación bancaria,DSL,No,No,No,18.0,518.98,0,0
CU5008,Masculino,0,No,No,48,Un año,No,Domiciliación bancaria,Sin internet,No,No,No,59.05,2898.01,1,0
CU5009,Masculino,0,Sí,No,26,Mes a mes,No,Transferencia,Fibra óptica,Sí,Sí,Sí,53.5,1447.09,3,0
CU5010,Femenino,0,Sí,Sí,68,Mes a mes,No,Transferencia,Fibra óptica,No,No,Sí,87.27,5620.11,0,0
CU5011,Masculino,0,Sí,No,43,Un año,No,Domiciliación bancaria,Sin internet,No,No,No,34.09,1357.03,3,0
CU5012,Masculino,1,Sí,No,54,Mes a mes,No,Cheque electrónico,DSL,Sí,No,Sí,37.32,2036.06,1,0
CU5013,Femenino,0,No,No,15,Mes a mes,Sí,Cheque electrónico,Fibra óptica,No,Sí,Sí,94.6,1452.49,2,1
CU5014,Masculino,0,No,Sí,16,Dos años,Sí,Cheque electrónico,Sin internet,Sí,Sí,No,39.22,601.82,0,0
CU5015,Femenino,0,No,Sí,34,Dos años,Sí,Tarjeta de crédito,Fibra óptica,No,No,Sí,45.7,1549.87,2,0
CU5016,Femenino,1,Sí,No,55,Dos años,Sí,Transferencia,DSL,No,No,No,78.91,4421.01,2,0
CU5017,Masculino,0,Sí,Sí,66,Dos años,No,Tarjeta de crédito,Sin internet,No,No,Sí,84.97,5240.81,3,0
CU5018,Masculino,0,No,No,9,Mes a mes,No,Domiciliación bancaria,Fibra óptica,No,No,Sí,104.1,930.42,1,0
CU5019,Femenino,0,Sí,Sí,7,Mes a mes,Sí,Transferencia,DSL,No,No,Sí,55.08,361.36,1,0
CU5020,Femenino,0,Sí,No,9,Mes a mes,No,Cheque electrónico,Fibra óptica,No,Sí,No,56.67,529.66,1,0
CU5021,Masculino,0,Sí,No,7,Mes a mes,Sí,Cheque electrónico,Fibra óptica,No,No,No,60.43,396.86,0,0
CU5022,Masculino,0,Sí,No,69,Un año,No,Cheque electrónico,Fibra óptica,No,No,No,48.12,3087.95,1,0
CU5023,Masculino,0,Sí,Sí,10,Dos años,No,Transferencia,Sin internet,No,No,Sí,77.15,784.59,0,0
CU5024,Masculino,0,Sí,Sí,8,Dos años,Sí,Cheque electrónico,Fibra óptica,No,No,No,55.78,430.27,1,0
CU5025,Femenino,0,Sí,No,23,Un año,Sí,Cheque electrónico,Fibra óptica,No,No,Sí,30.79,741.64,2,0
CU5026,Femenino,1,No,No,60,Mes a mes,Sí,Cheque electrónico,Fibra óptica,Sí,Sí,No,18.0,1117.07,2,0
CU5027,Femenino,0,No,No,66,Mes a mes,Sí,Cheque electrónico,Fibra óptica,No,Sí,No,61.47,3918.26,1,0
CU5028,Masculino,1,No,Sí,49,Mes a mes,Sí,Transferencia,DSL,No,No,No,82.38,3883.3,1,0
CU5029,Masculino,0,Sí,Sí,43,Mes a mes,Sí,Transferencia,Fibra óptica,Sí,No,No,45.78,1988.41,0,0
CU5030,Masculino,0,No,Sí,55,Mes a mes,No,Transferencia,Sin internet,No,No,No,28.43,1475.73,1,0
CU5031,Masculino,0,No,No,6,Mes a mes,Sí,Domiciliación bancaria,DSL,No,No,No,107.96,656.73,0,1
CU5032,Masculino,0,No,No,40,Mes a mes,Sí,Domiciliación bancaria,DSL,No,Sí,Sí,55.08,2247.71,0,0
CU5033,Femenino,0,No,Sí,4,Dos años,Sí,Transferencia,Fibra óptica,Sí,No,No,90.19,352.73,2,1
CU5034,Femenino,0,Sí,No,55,Mes a mes,Sí,Domiciliación bancaria,Sin internet,No,No,No,94.47,5406.45,2,0
CU5035,Femenino,0,Sí,No,36,Mes a mes,No,Cheque electrónico,Fibra óptica,Sí,No,No,107.29,3919.03,2,1
CU5036,Femenino,0,No,No,69,Un año,No,Domiciliación bancaria,Sin internet,Sí,Sí,No,63.4,4478.74,2,0
CU5037,Masculino,1,No,No,43,Mes a mes,Sí,Transferencia,Fibra óptica,No,Sí,No,24.97,1078.85,0,0
CU5038,Femenino,0,Sí,No,54,Dos años,No,Transferencia,DSL,No,No,Sí,18.0,944.98,0,0
CU5039,Femenino,0,No,No,4,Dos años,No,Domiciliación bancaria,DSL,Sí,No,Sí,57.57,231.14,0,0
CU5040,Masculino,0,No,No,23,Mes a mes,Sí,Domiciliación bancaria,DSL,No,Sí,Sí,112.51,2404.2,3,0
CU5041,Masculino,0,No,No,33,Mes a mes,Sí,Tarjeta de crédito,Fibra óptica,Sí,No,Sí,67.07,2133.64,1,0
CU5042,Masculino,0,No,No,65,Mes a mes,Sí,Transferencia,Fibra óptica,No,Sí,No,103.01,6264.25,0,0
CU5043,Femenino,0,Sí,No,49,Dos años,Sí,Transferencia,Fibra óptica,Sí,No,Sí,37.8,1712.46,1,0
CU5044,Femenino,0,Sí,Sí,34,Mes a mes,No,Domiciliación bancaria,Sin internet,Sí,Sí,Sí,105.67,3623.72,3,0
CU5045,Masculino,0,Sí,No,47,Dos años,Sí,Transferencia,Fibra óptica,Sí,Sí,Sí,83.89,4100.5,3,0
CU5046,Femenino,0,Sí,No,11,Dos años,Sí,Domiciliación bancaria,DSL,No,No,Sí,68.65,748.0,1,0
CU5047,Femenino,1,Sí,No,50,Dos años,Sí,Cheque electrónico,Fibra óptica,Sí,Sí,No,91.29,4777.12,0,0
CU5048,Masculino,0,No,Sí,66,Un año,Sí,Cheque electrónico,Fibra óptica,No,No,Sí,49.07,3349.86,1,0
CU5049,Masculino,0,No,Sí,24,Mes a mes,Sí,Domiciliación bancaria,Fibra óptica,No,No,Sí,77.96,1862.13,1,0
CU5050,Femenino,0,Sí,Sí,30,Un año,No,Tarjeta de crédito,Sin internet,Sí,No,Sí,41.33,1214.19,1,0
CU5051,Masculino,0,No,No,69,Mes a mes,Sí,Domiciliación bancaria,DSL,Sí,Sí,No,47.9,3309.51,1,0
CU5052,Femenino,0,Sí,No,18,Mes a mes,Sí,Cheque electrónico,DSL,No,Sí,Sí,39.31,706.68,2,0
CU5053,Femenino,0,No,Sí,49,Un año,No,Cheque electrónico,DSL,No,Sí,No,39.98,1840.18,0,0
CU5054,Femenino,0,No,Sí,46,Mes a mes,Sí,Domiciliación bancaria,Fibra óptica,Sí,Sí,No,18.0,864.03,1,0
CU5055,Masculino,0,Sí,No,15,Dos años,Sí,Cheque electrónico,DSL,Sí,No,Sí,128.7,1948.82,1,1
CU5056,Femenino,0,No,Sí,72,Mes a mes,No,Domiciliación bancaria,Sin internet,No,No,No,31.34,2188.07,0,0
CU5057,Femenino,0,No,No,69,Mes a mes,Sí,Transferencia,DSL,No,No,Sí,93.94,6176.57,0,0
CU5058,Femenino,0,Sí,No,61,Mes a mes,No,Cheque electrónico,DSL,No,No,Sí,18.0,1112.53,2,0
CU5059,Femenino,0,Sí,No,47,Mes a mes,No,Transferencia,DSL,No,No,Sí,48.83,2245.45,1,0
CU5060,Femenino,0,No,Sí,18,Un año,Sí,Tarjeta de crédito,Fibra óptica,No,No,No,54.97,993.8,1,1
CU5061,Masculino,1,Sí,No,1,Mes a mes,Sí,Domiciliación bancaria,Fibra óptica,No,No,No,104.82,103.88,0,1
CU5062,Femenino,0,No,No,52,Un año,No,Domiciliación bancaria,Fibra óptica,No,Sí,Sí,74.27,3753.08,0,0
CU5063,Femenino,0,Sí,No,51,Mes a mes,No,Cheque electrónico,DSL,No,No,Sí,34.98,1785.65,2,0
CU5064,Femenino,0,Sí,No,18,Mes a mes,No,Transferencia,Fibra óptica,No,No,No,58.15,1000.31,1,1
CU5065,Masculino,0,Sí,Sí,9,Un año,Sí,Tarjeta de crédito,Fibra óptica,No,No,Sí,98.22,864.46,4,0
CU5066,Masculino,0,No,No,37,Mes a mes,No,Domiciliación bancaria,Fibra óptica,No,Sí,Sí,94.41,3334.34,2,1
CU5067,Femenino,0,No,No,72,Dos años,Sí,Domiciliación bancaria,Sin internet,No,Sí,Sí,46.28,3405.14,0,0
CU5068,Masculino,0,No,No,10,Un año,Sí,Tarjeta de crédito,Fibra óptica,Sí,No,Sí,23.83,220.66,1,0
CU5069,Femenino,0,No,No,22,Mes a mes,No,Cheque electrónico,Fibra óptica,Sí,No,Sí,47.02,976.54,0,0
CU5070,Femenino,0,Sí,No,21,Un año,No,Tarjeta de crédito,Fibra óptica,No,No,Sí,84.01,1770.29,0,1
CU5071,Femenino,0,Sí,No,12,Un año,Sí,Domiciliación bancaria,Fibra óptica,No,No,No,18.0,208.6,0,0
CU5072,Femenino,0,No,No,72,Dos años,No,Tarjeta de crédito,Sin internet,No,Sí,No,60.15,4289.1,0,0
CU5073,Masculino,0,Sí,No,62,Mes a mes,No,Transferencia,Fibra óptica,No,Sí,No,30.86,1791.87,0,0
CU5074,Femenino,0,Sí,No,33,Un año,No,Cheque electrónico,Fibra óptica,No,No,No,51.39,1765.28,0,0
CU5075,Femenino,0,No,No,27,Mes a mes,No,Tarjeta de crédito,Sin internet,Sí,No,No,79.32,2052.32,0,0
CU5076,Femenino,0,Sí,Sí,54,Mes a mes,No,Cheque electrónico,Fibra óptica,No,No,No,63.19,3533.88,0,0
CU5077,Masculino,0,No,Sí,71,Un año,No,Transferencia,DSL,No,No,No,84.47,5859.03,0,0
CU5078,Masculino,0,Sí,No,31,Un año,No,Domiciliación bancaria,DSL,Sí,No,No,99.29,3129.05,1,0
CU5079,Femenino,1,Sí,No,63,Un año,Sí,Cheque electrónico,Fibra óptica,No,Sí,Sí,130.0,8069.93,1,1
CU5080,Masculino,1,No,Sí,0,Mes a mes,Sí,Cheque electrónico,DSL,Sí,Sí,No,90.41,90.52,1,1
CU5081,Femenino,0,Sí,No,45,Mes a mes,No,Transferencia,Fibra óptica,No,No,Sí,81.85,3467.54,1,0
CU5082,Masculino,0,Sí,No,47,Un año,Sí,Cheque electrónico,Fibra óptica,Sí,No,Sí,46.65,2064.1,3,0
CU5083,Femenino,0,Sí,No,30,Mes a mes,No,Transferencia,DSL,No,Sí,Sí,90.04,2535.14,1,0
CU5084,Masculino,0,Sí,No,30,Mes a mes,Sí,Cheque electrónico,Fibra óptica,No,Sí,Sí,108.8,3178.64,1,1
CU5085,Masculino,0,No,Sí,10,Mes a mes,No,Domiciliación bancaria,Fibra óptica,No,Sí,No,46.09,462.48,1,0
CU5086,Femenino,0,No,No,19,Mes a mes,No,Tarjeta de crédito,Sin internet,No,Sí,No,49.31,965.52,0,0
CU5087,Femenino,0,Sí,No,48,Mes a mes,Sí,Domiciliación bancaria,Fibra óptica,Sí,Sí,No,46.85,2237.65,3,0
CU5088,Masculino,0,Sí,Sí,14,Un año,No,Cheque electrónico,Fibra óptica,No,No,Sí,27.96,376.59,0,0
CU5089,Femenino,1,Sí,No,20,Un año,Sí,Cheque electrónico,Fibra óptica,No,Sí,Sí,64.55,1323.46,1,1
CU5090,Femenino,1,Sí,No,35,Mes a mes,Sí,Tarjeta de crédito,DSL,No,Sí,Sí,27.26,901.11,2,1
CU5091,Femenino,0,Sí,Sí,7,Mes a mes,Sí,Domiciliación bancaria,Fibra óptica,No,No,No,62.22,442.78,0,0
CU5092,Masculino,1,No,No,65,Mes a mes,Sí,Transferencia,Fibra óptica,Sí,Sí,No,73.96,4869.25,3,0
CU5093,Masculino,1,No,No,66,Dos años,No,Tarjeta de crédito,Sin internet,No,Sí,Sí,72.92,4868.17,1,0
CU5094,Masculino,0,No,No,24,Mes a mes,Sí,Domiciliación bancaria,DSL,No,No,No,51.12,1165.49,1,0
CU5095,Femenino,0,Sí,No,20,Mes a mes,Sí,Domiciliación bancaria,DSL,No,Sí,Sí,21.63,426.05,1,0
CU5096,Femenino,1,Sí,No,41,Un año,No,Transferencia,DSL,No,No,No,99.12,3791.74,2,1
CU5097,Femenino,0,No,No,64,Mes a mes,Sí,Transferencia,Fibra óptica,No,No,No,18.0,1099.75,1,0
CU5098,Masculino,0,No,No,3,Dos años,Sí,Cheque electrónico,DSL,No,No,Sí,68.29,197.75,1,0
CU5099,Femenino,0,Sí,No,2,Mes a mes,No,Cheque electrónico,Fibra óptica,Sí,Sí,No,106.6,199.46,1,0
CU5100,Masculino,0,Sí,Sí,52,Mes a mes,Sí,Cheque electrónico,Fibra óptica,No,No,No,67.57,3621.97,1,1
CU5101,Masculino,0,Sí,No,50,Dos años,No,Cheque electrónico,Fibra óptica,No,Sí,Sí,100.8,4783.04,0,0
CU5102,Masculino,0,Sí,Sí,57,Dos años,No,Domiciliación bancaria,Fibra óptica,No,No,Sí,79.28,4236.32,2,0
CU5103,Femenino,1,Sí,No,43,Mes a mes,Sí,Transferencia,Sin internet,No,No,No,25.99,1034.29,0,0
CU5104,Femenino,0,No,No,27,Mes a mes,No,Domiciliación bancaria,Fibra óptica,No,Sí,No,101.72,2837.34,1,0
CU5105,Masculino,0,Sí,Sí,3,Dos años,Sí,Tarjeta de crédito,Fibra óptica,No,No,No,48.5,141.92,4,0
CU5106,Masculino,0,No,No,32,Mes a mes,Sí,Domiciliación bancaria,Sin internet,No,Sí,Sí,53.0,1777.4,0,0
CU5107,Femenino,0,No,Sí,7,Dos años,Sí,Transferencia,Fibra óptica,No,Sí,Sí,84.15,611.0,0,0
CU5108,Masculino,0,No,No,5,Mes a mes,Sí,Cheque electrónico,Fibra óptica,Sí,Sí,Sí,38.46,194.92,1,0
CU5109,Femenino,0,No,No,41,Dos años,No,Tarjeta de crédito,Fibra óptica,Sí,No,Sí,91.32,3498.25,2,0
CU5110,Femenino,0,Sí,No,67,Un año,Sí,Domiciliación bancaria,Fibra óptica,Sí,Sí,No,76.81,5115.73,3,0
CU5111,Femenino,0,No,No,54,Dos años,Sí,Tarjeta de crédito,Fibra óptica,No,Sí,No,111.33,5923.37,1,0
CU5112,Masculino,0,Sí,No,40,Mes a mes,Sí,Cheque electrónico,Fibra óptica,Sí,No,No,97.13,4042.26,2,1
CU5113,Femenino,0,Sí,No,14,Dos años,Sí,Tarjeta de crédito,Sin internet,No,No,Sí,59.26,785.93,2,1
CU5114,Masculino,0,No,No,10,Mes a mes,No,Transferencia,DSL,Sí,No,No,53.34,519.31,3,1
CU5115,Femenino,0,No,No,7,Mes a mes,Sí,Cheque electrónico,DSL,No,No,Sí,44.51,322.3,0,0
CU5116,Femenino,1,Sí,No,54,Un año,No,Transferencia,Sin internet,No,Sí,Sí,58.0,2950.58,0,1
CU5117,Masculino,0,No,No,60,Mes a mes,No,Tarjeta de crédito,Fibra óptica,Sí,No,Sí,39.75,2432.71,1,1
CU5118,Masculino,1,No,No,56,Mes a mes,Sí,Transferencia,DSL,No,Sí,No,56.34,2990.51,1,0
CU5119,Masculino,0,Sí,Sí,0,Un año,Sí,Domiciliación bancaria,DSL,No,No,Sí,29.57,29.76,1,0
CU5120,Femenino,1,Sí,Sí,14,Un año,Sí,Cheque electrónico,DSL,No,No,No,37.72,548.61,1,0
CU5121,Femenino,0,Sí,No,34,Un año,Sí,Domiciliación bancaria,Fibra óptica,No,No,Sí,103.29,3407.69,0,0
CU5122,Masculino,0,Sí,No,33,Mes a mes,Sí,Domiciliación bancaria,Fibra óptica,No,No,Sí,27.47,926.78,1,0
CU5123,Femenino,0,Sí,Sí,9,Mes a mes,No,Domiciliación bancaria,Fibra óptica,No,No,Sí,25.0,210.88,0,0
CU5124,Masculino,1,Sí,Sí,32,Mes a mes,Sí,Tarjeta de crédito,Fibra óptica,No,No,Sí,44.68,1339.6,3,0
CU5125,Femenino,0,No,No,42,Un año,Sí,Tarjeta de crédito,DSL,Sí,No,Sí,103.23,4160.87,2,0
CU5126,Masculino,0,Sí,No,27,Mes a mes,No,Cheque electrónico,Sin internet,No,No,Sí,38.65,1065.48,1,0
CU5127,Femenino,0,Sí,No,39,Dos años,No,Transferencia,DSL,No,No,No,56.37,2142.32,1,0
CU5128,Femenino,0,Sí,Sí,63,Dos años,No,Transferencia,Sin internet,No,Sí,Sí,72.86,4359.8,0,0
CU5129,Masculino,1,Sí,Sí,11,Dos años,No,Domiciliación bancaria,Sin internet,No,Sí,No,79.71,896.55,2,0
CU5130,Femenino,0,No,No,51,Mes a mes,Sí,Cheque electrónico,Fibra óptica,No,No,Sí,61.91,3226.54,1,1
CU5131,Masculino,1,Sí,Sí,55,Mes a mes,No,Transferencia,DSL,Sí,No,Sí,75.85,4238.12,2,1
CU5132,Masculino,0,No,Sí,64,Mes a mes,Sí,Tarjeta de crédito,DSL,No,No,No,91.94,6147.36,1,0
CU5133,Femenino,1,Sí,Sí,18,Un año,No,Cheque electrónico,Fibra óptica,Sí,No,Sí,28.89,535.81,0,0
CU5134,Masculino,0,Sí,No,38,Dos años,Sí,Transferencia,DSL,No,No,Sí,45.87,1662.98,2,0
CU5135,Femenino,1,No,No,31,Dos años,Sí,Transferencia,DSL,No,Sí,No,41.43,1255.36,0,0
CU5136,Femenino,0,Sí,No,59,Mes a mes,No,Tarjeta de crédito,DSL,No,Sí,No,54.61,3093.72,0,0
CU5137,Femenino,1,Sí,No,12,Mes a mes,Sí,Domiciliación bancaria,Fibra óptica,Sí,Sí,No,99.72,1234.47,0,0
CU5138,Masculino,0,No,No,17,Un año,No,Transferencia,DSL,No,Sí,Sí,92.22,1641.41,0,0
CU5139,Masculino,0,Sí,No,20,Mes a mes,No,Transferencia,Fibra óptica,No,No,Sí,62.58,1294.93,3,1
CU5140,Femenino,0,No,Sí,20,Un año,Sí,Transferencia,Fibra óptica,Sí,No,Sí,87.51,1720.39,2,1
CU5141,Femenino,0,Sí,No,61,Un año,Sí,Domiciliación bancaria,Fibra óptica,Sí,Sí,Sí,124.25,7379.1,1,0
CU5142,Masculino,1,No,No,36,Un año,Sí,Transferencia,Fibra óptica,Sí,Sí,Sí,30.09,1124.45,0,0
CU5143,Masculino,0,Sí,No,50,Mes a mes,No,Cheque electrónico,DSL,No,Sí,No,46.38,2186.59,0,0
CU5144,Femenino,0,No,No,35,Un año,No,Tarjeta de crédito,Sin internet,No,No,No,57.4,2005.93,0,1
CU5145,Femenino,0,No,No,55,Mes a mes,Sí,Domiciliación bancaria,Sin internet,No,No,Sí,75.53,4274.77,0,0
CU5146,Masculino,0,No,No,3,Mes a mes,No,Cheque electrónico,Fibra óptica,Sí,Sí,No,79.44,234.42,1,1
CU5147,Masculino,0,No,Sí,16,Un año,Sí,Tarjeta de crédito,Sin internet,No,Sí,Sí,35.26,582.32,2,0
CU5148,Masculino,0,No,No,42,Mes a mes,Sí,Tarjeta de crédito,Fibra óptica,Sí,No,No,70.01,2768.58,0,1
CU5149,Masculino,0,No,Sí,19,Dos años,No,Cheque electrónico,Fibra óptica,No,Sí,No,88.68,1550.72,1,0
CU5150,Femenino,0,Sí,No,1,Mes a mes,Sí,Transferencia,DSL,No,Sí,No,30.83,32.02,2,0
CU5151,Masculino,0,Sí,Sí,55,Dos años,Sí,Domiciliación bancaria,Fibra óptica,No,No,No,69.2,3902.6,0,0
CU5152,Masculino,0,Sí,No,14,Dos años,Sí,Cheque electrónico,DSL,No,No,No,47.81,689.92,0,0
CU5153,Femenino,0,No,Sí,62,Mes a mes,No,Transferencia,Fibra óptica,No,No,No,24.58,1407.46,2,0
CU5154,Masculino,0,No,No,22,Mes a mes,Sí,Domiciliación bancaria,DSL,No,No,No,92.48,2082.8,2,1
CU5155,Masculino,0,No,No,38,Mes a mes,No,Domiciliación bancaria,Fibra óptica,No,Sí,Sí,78.04,3043.19,0,1
CU5156,Femenino,0,No,No,61,Un año,No,Transferencia,Fibra óptica,No,Sí,No,39.85,2324.05,3,0
CU5157,Masculino,0,Sí,Sí,24,Mes a mes,Sí,Transferencia,Sin internet,No,Sí,Sí,90.66,2244.5,1,0
CU5158,Masculino,0,No,No,14,Dos años,No,Domiciliación bancaria,Sin internet,Sí,No,No,124.36,1765.07,1,0
CU5159,Femenino,0,Sí,No,30,Un año,No,Domiciliación bancaria,Fibra óptica,No,No,Sí,67.96,1878.6,3,0
CU5160,Masculino,0,Sí,No,28,Un año,No,Tarjeta de crédito,Fibra óptica,No,No,No,26.29,770.8,1,0
CU5161,Femenino,0,No,No,43,Un año,No,Tarjeta de crédito,DSL,No,No,Sí,56.57,2509.52,4,0
CU5162,Femenino,0,Sí,No,47,Un año,Sí,Tarjeta de crédito,DSL,Sí,No,Sí,18.0,828.43,1,0
CU5163,Masculino,1,No,Sí,70,Mes a mes,Sí,Transferencia,Fibra óptica,Sí,Sí,Sí,61.64,4343.45,0,0
CU5164,Masculino,0,Sí,No,10,Un año,Sí,Tarjeta de crédito,Fibra óptica,Sí,No,Sí,54.24,539.64,1,0
CU5165,Femenino,0,Sí,No,14,Un año,Sí,Domiciliación bancaria,DSL,Sí,No,Sí,86.89,1274.66,0,1
CU5166,Masculino,0,Sí,Sí,5,Un año,Sí,Cheque electrónico,DSL,Sí,Sí,No,48.26,224.18,1,0
CU5167,Femenino,0,Sí,No,6,Dos años,Sí,Cheque electrónico,Fibra óptica,No,No,Sí,90.07,525.85,1,0
CU5168,Masculino,0,No,No,0,Mes a mes,Sí,Domiciliación bancaria,DSL,No,No,No,42.59,41.78,1,1
CU5169,Femenino,0,Sí,No,26,Un año,Sí,Transferencia,DSL,Sí,Sí,Sí,61.67,1504.31,1,0
CU5170,Femenino,0,No,Sí,70,Mes a mes,Sí,Tarjeta de crédito,DSL,No,Sí,Sí,25.62,1724.63,1,0
CU5171,Masculino,0,Sí,No,3,Un año,No,Tarjeta de crédito,DSL,No,No,Sí,35.09,109.28,2,0
CU5172,Masculino,0,Sí,No,2,Dos años,No,Cheque electrónico,Fibra óptica,No,Sí,No,86.94,173.08,1,0
CU5173,Femenino,0,Sí,No,24,Un año,No,Cheque electrónico,Fibra óptica,No,No,Sí,94.97,2377.86,0,0
CU5174,Femenino,1,Sí,No,47,Mes a mes,Sí,Cheque electrónico,DSL,Sí,Sí,No,46.69,2025.37,2,0
CU5175,Femenino,0,No,Sí,48,Mes a mes,Sí,Cheque electrónico,Fibra óptica,No,No,No,79.54,3716.18,1,1
CU5176,Femenino,0,Sí,No,0,Dos años,No,Tarjeta de crédito,DSL,No,No,Sí,86.83,90.57,3,0
CU5177,Masculino,0,Sí,No,1,Mes a mes,Sí,Cheque electrónico,Fibra óptica,No,No,No,35.1,32.85,2,1
CU5178,Masculino,0,Sí,Sí,60,Dos años,No,Domiciliación bancaria,Fibra óptica,Sí,Sí,No,77.64,4456.71,1,0
CU5179,Femenino,0,No,No,59,Dos años,No,Transferencia,Fibra óptica,No,Sí,Sí,65.34,3604.17,3,0
CU5180,Masculino,0,No,No,48,Mes a mes,Sí,Domiciliación bancaria,DSL,Sí,No,Sí,74.82,3332.54,2,0
CU5181,Femenino,0,No,Sí,10,Dos años,Sí,Domiciliación bancaria,Fibra óptica,No,No,No,61.61,610.69,1,0
CU5182,Femenino,0,Sí,Sí,71,Un año,Sí,Cheque electrónico,Fibra óptica,No,No,Sí,18.0,1318.34,3,0
CU5183,Femenino,0,No,Sí,53,Dos años,Sí,Domiciliación bancaria,Sin internet,No,No,No,69.68,3865.91,1,0
CU5184,Femenino,0,No,No,68,Mes a mes,Sí,Tarjeta de crédito,DSL,No,Sí,Sí,60.35,4172.88,0,0
CU5185,Masculino,0,Sí,No,44,Un año,No,Domiciliación bancaria,Fibra óptica,No,No,Sí,55.68,2263.59,0,0
CU5186,Masculino,0,Sí,No,70,Mes a mes,Sí,Tarjeta de crédito,DSL,No,No,No,19.02,1350.25,1,0
CU5187,Femenino,0,Sí,No,8,Mes a mes,No,Tarjeta de crédito,Fibra óptica,No,Sí,Sí,93.03,710.68,1,0
CU5188,Femenino,0,Sí,No,5,Mes a mes,No,Domiciliación bancaria,Sin internet,No,No,No,66.14,333.47,1,1
CU5189,Femenino,0,No,Sí,69,Un año,No,Tarjeta de crédito,Fibra óptica,Sí,No,No,18.0,1238.48,2,0
CU5190,Femenino,0,No,No,42,Mes a mes,No,Cheque electrónico,Fibra óptica,No,No,Sí,103.1,4084.08,0,0
CU5191,Masculino,0,Sí,No,44,Dos años,Sí,Tarjeta de crédito,Fibra óptica,No,No,Sí,76.94,3360.2,1,0
CU5192,Masculino,0,Sí,No,54,Mes a mes,No,Transferencia,Fibra óptica,No,No,Sí,90.8,4839.09,3,1
CU5193,Femenino,0,No,No,67,Un año,Sí,Tarjeta de crédito,Sin internet,Sí,No,Sí,56.69,3635.59,5,0
CU5194,Masculino,0,No,Sí,9,Dos años,Sí,Domiciliación bancaria,Fibra óptica,No,Sí,No,64.63,567.54,0,0
CU5195,Femenino,0,Sí,No,19,Mes a mes,No,Cheque electrónico,DSL,No,No,No,94.81,1783.92,1,1
CU5196,Masculino,0,Sí,No,15,Mes a mes,No,Transferencia,DSL,No,Sí,Sí,77.18,1098.5,0,1
CU5197,Masculino,0,No,Sí,19,Mes a mes,Sí,Tarjeta de crédito,Fibra óptica,No,Sí,No,61.13,1162.79,1,0
CU5198,Masculino,1,No,Sí,29,Dos años,No,Domiciliación bancaria,DSL,No,Sí,Sí,47.14,1415.76,1,0
CU5199,Femenino,0,No,Sí,41,Dos años,No,Transferencia,Fibra óptica,Sí,No,No,18.0,684.76,0,0
CU5200,Masculino,0,Sí,No,62,Un año,No,Tarjeta de crédito,DSL,No,Sí,No,90.59,5369.07,0,0
CU5201,Masculino,0,No,No,17,Un año,Sí,Cheque electrónico,Sin internet,Sí,No,No,91.44,1491.14,1,0
CU5202,Femenino,0,No,Sí,59,Mes a mes,Sí,Transferencia,Fibra óptica,No,No,Sí,85.9,4724.02,0,0
CU5203,Femenino,1,Sí,No,41,Mes a mes,Sí,Cheque electrónico,Fibra óptica,No,Sí,Sí,96.97,3975.15,0,0
CU5204,Masculino,0,Sí,Sí,59,Un año,Sí,Transferencia,DSL,Sí,No,No,39.06,2169.29,1,0
CU5205,Masculino,0,No,No,58,Mes a mes,Sí,Tarjeta de crédito,Sin internet,Sí,No,No,55.32,2984.11,1,0
CU5206,Femenino,0,Sí,No,20,Dos años,Sí,Cheque electrónico,Sin internet,Sí,Sí,No,51.68,1000.38,0,0
CU5207,Femenino,0,No,Sí,56,Dos años,No,Domiciliación bancaria,Sin internet,Sí,No,Sí,18.0,1020.32,0,0
CU5208,Femenino,0,Sí,No,55,Dos años,Sí,Transferencia,Sin internet,Sí,Sí,Sí,48.28,2475.97,0,0
CU5209,Femenino,0,No,Sí,41,Mes a mes,No,Transferencia,Fibra óptica,Sí,Sí,No,69.77,2742.36,2,0
CU5210,Masculino,0,Sí,No,6,Mes a mes,No,Transferencia,Sin internet,No,Sí,No,94.34,576.5,0,0
CU5211,Femenino,0,No,Sí,69,Dos años,Sí,Domiciliación bancaria,Fibra óptica,No,No,No,79.54,5728.54,0,0
CU5212,Masculino,0,Sí,No,69,Mes a mes,No,Domiciliación bancaria,DSL,Sí,Sí,No,47.39,3358.58,1,0
CU5213,Masculino,0,Sí,No,25,Mes a mes,Sí,Transferencia,DSL,Sí,No,No,91.8,2313.62,2,0
CU5214,Masculino,1,No,Sí,36,Mes a mes,No,Domiciliación bancaria,DSL,No,Sí,Sí,73.6,2667.21,0,1
CU5215,Femenino,0,No,No,31,Mes a mes,No,Domiciliación bancaria,Fibra óptica,No,No,Sí,19.32,561.03,0,0
CU5216,Masculino,1,No,No,52,Mes a mes,Sí,Tarjeta de crédito,DSL,No,Sí,No,70.88,3623.95,0,0
CU5217,Femenino,0,Sí,No,23,Mes a mes,No,Tarjeta de crédito,Fibra óptica,No,No,No,87.83,1911.08,0,0
CU5218,Masculino,0,No,Sí,71,Un año,No,Cheque electrónico,Sin internet,No,No,No,80.8,5862.11,1,0
CU5219,Femenino,0,No,No,6,Mes a mes,No,Transferencia,DSL,No,Sí,No,32.98,203.54,0,0
CU5220,Masculino,0,Sí,No,30,Mes a mes,No,Tarjeta de crédito,Fibra óptica,Sí,Sí,Sí,39.51,1224.15,3,0
CU5221,Femenino,0,No,No,33,Un año,Sí,Domiciliación bancaria,Fibra óptica,No,Sí,No,123.9,4042.48,0,0
CU5222,Masculino,1,No,No,22,Mes a mes,No,Domiciliación bancaria,Sin internet,Sí,Sí,No,40.62,867.02,3,0
CU5223,Masculino,0,Sí,No,34,Mes a mes,Sí,Cheque electrónico,DSL,Sí,No,Sí,67.6,2177.18,2,0
CU5224,Masculino,0,Sí,No,23,Un año,No,Domiciliación bancaria,DSL,No,No,Sí,18.0,389.31,0,0
CU5225,Femenino,0,No,No,25,Un año,No,Transferencia,DSL,No,No,Sí,102.75,2377.72,0,1
CU5226,Masculino,0,Sí,No,6,Mes a mes,No,Tarjeta de crédito,Sin internet,Sí,Sí,Sí,88.18,498.44,3,1
CU5227,Masculino,0,Sí,No,29,Mes a mes,No,Transferencia,DSL,No,No,No,114.43,3174.14,3,0
CU5228,Masculino,0,No,No,49,Dos años,Sí,Cheque electrónico,Sin internet,No,No,No,36.56,1659.93,0,0
CU5229,Femenino,0,No,Sí,67,Mes a mes,Sí,Transferencia,Fibra óptica,No,No,Sí,100.21,6801.95,1,0
CU5230,Femenino,0,No,No,72,Mes a mes,No,Cheque electrónico,DSL,No,No,No,36.92,2559.84,0,0
CU5231,Masculino,0,Sí,No,57,Mes a mes,Sí,Tarjeta de crédito,DSL,No,Sí,No,109.45,6507.15,2,0
CU5232,Masculino,0,No,No,63,Un año,Sí,Cheque electrónico,Sin internet,Sí,No,No,18.0,1146.59,3,0
CU5233,Masculino,1,No,No,25,Un año,Sí,Domiciliación bancaria,Sin internet,No,Sí,No,95.27,2220.55,1,0
CU5234,Masculino,0,Sí,Sí,70,Dos años,Sí,Tarjeta de crédito,Sin internet,No,Sí,Sí,67.11,4352.66,0,0
CU5235,Femenino,1,Sí,No,63,Un año,No,Cheque electrónico,DSL,Sí,Sí,No,85.15,5584.83,0,0
CU5236,Femenino,0,No,No,15,Mes a mes,No,Cheque electrónico,DSL,No,No,Sí,81.85,1159.91,0,1
CU5237,Masculino,1,No,No,52,Un año,Sí,Transferencia,Fibra óptica,Sí,Sí,No,78.88,4177.34,0,1
CU5238,Masculino,0,No,No,5,Mes a mes,No,Transferencia,Fibra óptica,Sí,No,Sí,130.0,654.77,1,0
CU5239,Masculino,0,No,No,23,Dos años,No,Cheque electrónico,DSL,Sí,No,No,117.61,2654.44,1,0
CU5240,Femenino,0,Sí,No,20,Mes a mes,No,Domiciliación bancaria,Fibra óptica,No,No,No,82.44,1629.15,2,1
CU5241,Masculino,0,Sí,No,57,Mes a mes,No,Domiciliación bancaria,Fibra óptica,No,No,No,72.18,4188.57,1,0
CU5242,Masculino,0,Sí,No,44,Dos años,Sí,Domiciliación bancaria,Fibra óptica,Sí,Sí,Sí,107.94,4668.57,2,0
CU5243,Masculino,1,No,Sí,22,Un año,Sí,Transferencia,Sin internet,No,No,No,109.97,2418.85,1,0
CU5244,Femenino,0,Sí,Sí,53,Mes a mes,Sí,Tarjeta de crédito,Fibra óptica,No,No,No,69.68,3560.88,0,0
CU5245,Femenino,0,No,No,7,Un año,No,Domiciliación bancaria,Fibra óptica,No,No,Sí,68.31,469.11,1,1
CU5246,Masculino,0,No,No,57,Mes a mes,No,Transferencia,Sin internet,Sí,No,Sí,39.76,2144.85,2,0
CU5247,Masculino,1,No,No,63,Mes a mes,Sí,Domiciliación bancaria,DSL,Sí,Sí,No,75.41,4838.55,1,0
CU5248,Femenino,0,Sí,No,3,Mes a mes,Sí,Transferencia,Fibra óptica,Sí,No,Sí,72.83,210.38,2,0
CU5249,Femenino,1,Sí,No,54,Dos años,No,Domiciliación bancaria,Fibra óptica,No,No,Sí,94.19,4844.72,1,0
CU5250,Masculino,0,Sí,No,44,Un año,Sí,Cheque electrónico,DSL,No,Sí,No,117.36,5075.87,3,0
CU5251,Masculino,0,No,Sí,16,Mes a mes,Sí,Transferencia,DSL,No,Sí,No,101.24,1491.24,2,1
CU5252,Femenino,0,Sí,Sí,19,Un año,No,Transferencia,Fibra óptica,Sí,No,No,96.19,1837.1,0,0
CU5253,Masculino,0,No,No,15,Dos años,No,Tarjeta de crédito,DSL,No,Sí,No,60.31,860.9,1,0
CU5254,Femenino,0,No,No,19,Un año,Sí,Cheque electrónico,Sin internet,No,No,No,55.28,1045.88,0,0
CU5255,Femenino,1,No,No,24,Mes a mes,No,Cheque electrónico,DSL,No,Sí,No,87.61,1934.99,3,0
CU5256,Masculino,0,Sí,Sí,57,Dos años,Sí,Tarjeta de crédito,Fibra óptica,No,Sí,No,82.94,4920.44,1,0
CU5257,Femenino,0,No,No,20,Dos años,Sí,Cheque electrónico,DSL,No,No,Sí,86.27,1639.47,2,0
CU5258,Femenino,0,Sí,No,65,Mes a mes,Sí,Domiciliación bancaria,Fibra óptica,No,No,Sí,39.12,2617.36,4,0
CU5259,Femenino,0,Sí,No,39,Dos años,Sí,Tarjeta de crédito,Fibra óptica,Sí,Sí,No,38.96,1407.5,0,0
CU5260,Femenino,0,Sí,No,43,Mes a mes,No,Cheque electrónico,DSL,Sí,Sí,No,52.1,2063.8,3,0
CU5261,Femenino,1,No,Sí,65,Mes a mes,Sí,Cheque electrónico,Sin internet,No,No,No,86.48,5391.52,0,0
CU5262,Femenino,0,Sí,No,1,Mes a mes,Sí,Transferencia,Fibra óptica,No,Sí,No,66.37,66.02,0,1
CU5263,Masculino,1,No,No,30,Dos años,Sí,Tarjeta de crédito,DSL,Sí,No,Sí,109.24,3175.74,3,0
CU5264,Femenino,0,No,No,23,Un año,Sí,Tarjeta de crédito,DSL,Sí,No,No,37.79,874.63,1,0
CU5265,Masculino,0,Sí,Sí,58,Dos años,Sí,Transferencia,DSL,No,No,No,38.16,2049.18,2,0
CU5266,Masculino,1,No,No,68,Un año,Sí,Cheque electrónico,Fibra óptica,Sí,Sí,No,59.88,4074.58,1,0
CU5267,Masculino,0,Sí,No,70,Un año,No,Domiciliación bancaria,Fibra óptica,Sí,Sí,Sí,50.48,3684.61,5,0
CU5268,Femenino,0,Sí,No,45,Dos años,Sí,Cheque electrónico,DSL,Sí,Sí,No,42.95,1889.73,2,0
CU5269,Masculino,0,Sí,No,20,Mes a mes,Sí,Transferencia,Sin internet,Sí,No,Sí,67.83,1375.41,1,0
CU5270,Femenino,0,No,Sí,60,Un año,Sí,Domiciliación bancaria,Sin internet,Sí,Sí,No,68.8,4217.03,0,0
CU5271,Masculino,0,No,No,42,Mes a mes,Sí,Domiciliación bancaria,Sin internet,Sí,No,No,30.14,1282.51,0,0
CU5272,Masculino,0,Sí,No,34,Mes a mes,Sí,Domiciliación bancaria,Sin internet,No,No,No,48.77,1629.54,2,0
CU5273,Femenino,0,No,No,32,Mes a mes,No,Domiciliación bancaria,Fibra óptica,No,Sí,Sí,85.45,2570.27,1,0
CU5274,Femenino,0,No,No,32,Un año,No,Tarjeta de crédito,Fibra óptica,Sí,Sí,No,57.72,1799.28,1,0
CU5275,Femenino,0,No,No,63,Dos años,Sí,Transferencia,Fibra óptica,Sí,Sí,No,42.27,2467.57,0,0
CU5276,Masculino,0,Sí,No,40,Mes a mes,Sí,Domiciliación bancaria,DSL,No,No,Sí,55.16,2206.39,1,0
CU5277,Femenino,0,Sí,No,64,Dos años,Sí,Cheque electrónico,DSL,Sí,No,No,30.91,2061.25,1,0
CU5278,Femenino,0,No,Sí,61,Un año,No,Domiciliación bancaria,Sin internet,Sí,No,Sí,115.03,6784.35,1,0
CU5279,Masculino,0,Sí,Sí,20,Un año,Sí,Domiciliación bancaria,Fibra óptica,Sí,No,Sí,89.94,1724.61,3,0
CU5280,Masculino,0,Sí,No,69,Un año,Sí,Tarjeta de crédito,Fibra óptica,No,No,No,130.0,8519.18,0,0
CU5281,Masculino,0,No,No,24,Mes a mes,No,Domiciliación bancaria,Fibra óptica,Sí,No,Sí,67.85,1541.1,1,1
CU5282,Femenino,0,Sí,No,39,Mes a mes,No,Cheque electrónico,Fibra óptica,No,No,Sí,55.25,2010.18,1,0
CU5283,Femenino,0,Sí,No,68,Mes a mes,Sí,Tarjeta de crédito,Fibra óptica,No,Sí,Sí,40.91,2840.91,0,0
CU5284,Masculino,0,Sí,Sí,69,Mes a mes,Sí,Domiciliación bancaria,Fibra óptica,Sí,No,No,77.84,5329.01,3,0
CU5285,Masculino,0,Sí,No,10,Mes a mes,No,Cheque electrónico,Fibra óptica,No,No,No,52.47,538.58,1,0
CU5286,Femenino,0,Sí,No,57,Mes a mes,Sí,Transferencia,DSL,No,No,No,38.12,2123.63,3,0
CU5287,Masculino,0,Sí,No,38,Un año,No,Transferencia,Fibra óptica,No,No,No,102.07,3876.22,0,0
CU5288,Femenino,0,Sí,No,56,Un año,No,Transferencia,Fibra óptica,No,No,Sí,66.09,3513.78,0,0
CU5289,Masculino,0,No,No,63,Un año,Sí,Domiciliación bancaria,Fibra óptica,Sí,No,No,72.34,4428.04,5,1
CU5290,Masculino,0,Sí,Sí,68,Mes a mes,No,Tarjeta de crédito,Sin internet,No,Sí,Sí,71.17,4927.08,1,0
CU5291,Masculino,0,Sí,No,7,Mes a mes,No,Transferencia,Sin internet,No,No,Sí,76.56,498.87,0,1
CU5292,Masculino,1,Sí,Sí,10,Dos años,Sí,Cheque electrónico,Fibra óptica,No,Sí,Sí,18.0,186.61,2,1
CU5293,Femenino,0,Sí,No,48,Dos años,No,Tarjeta de crédito,Fibra óptica,No,No,No,32.76,1583.89,1,0
CU5294,Femenino,0,No,Sí,3,Un año,Sí,Tarjeta de crédito,DSL,No,No,No,116.58,343.54,2,1
CU5295,Femenino,1,Sí,No,44,Un año,No,Tarjeta de crédito,Sin internet,Sí,No,No,63.69,2941.87,1,0
CU5296,Masculino,0,Sí,No,8,Dos años,No,Cheque electrónico,DSL,Sí,No,No,76.55,615.04,0,0
CU5297,Masculino,0,No,No,51,Mes a mes,Sí,Transferencia,DSL,Sí,No,No,87.32,4293.06,1,0
CU5298,Masculino,0,Sí,No,41,Mes a mes,No,Domiciliación bancaria,DSL,No,No,Sí,54.5,2303.67,1,0
CU5299,Masculino,0,No,No,67,Un año,Sí,Cheque electrónico,DSL,No,Sí,No,35.06,2302.25,1,0
CU5300,Femenino,0,No,Sí,62,Mes a mes,Sí,Tarjeta de crédito,Sin internet,No,Sí,No,26.74,1704.34,2,0
CU5301,Masculino,1,Sí,No,23,Mes a mes,Sí,Transferencia,DSL,No,No,Sí,36.77,798.99,1,0
CU5302,Femenino,0,No,No,3,Dos años,No,Transferencia,Fibra óptica,No,No,No,45.72,133.05,0,0
CU5303,Masculino,0,No,Sí,41,Mes a mes,No,Cheque electrónico,Sin internet,Sí,No,No,43.67,1730.98,0,0
CU5304,Femenino,1,No,No,37,Un año,No,Cheque electrónico,Fibra óptica,No,Sí,No,28.93,1003.28,1,0
CU5305,Masculino,0,Sí,No,30,Mes a mes,No,Transferencia,Fibra óptica,No,No,No,90.78,2709.33,2,0
CU5306,Masculino,0,No,No,45,Mes a mes,Sí,Transferencia,DSL,Sí,No,No,106.26,4824.86,0,1
CU5307,Masculino,1,Sí,No,50,Mes a mes,Sí,Tarjeta de crédito,Sin internet,No,No,No,38.83,1834.76,1,0
CU5308,Masculino,0,No,No,44,Mes a mes,No,Cheque electrónico,DSL,No,No,Sí,18.0,813.3,0,0
CU5309,Femenino,0,No,Sí,69,Mes a mes,Sí,Cheque electrónico,Fibra óptica,Sí,Sí,No,66.67,4588.23,1,0
CU5310,Femenino,1,No,No,21,Un año,Sí,Cheque electrónico,DSL,No,No,No,107.4,2333.09,1,0
CU5311,Femenino,0,No,No,37,Mes a mes,Sí,Transferencia,DSL,Sí,No,No,27.75,1037.57,3,0
CU5312,Masculino,0,No,Sí,17,Mes a mes,No,Transferencia,Fibra óptica,Sí,No,No,28.52,463.9,0,0
CU5313,Masculino,1,No,No,49,Mes a mes,No,Transferencia,Fibra óptica,Sí,No,Sí,18.0,899.33,2,0
CU5314,Masculino,1,No,Sí,1,Mes a mes,Sí,Tarjeta de crédito,Sin internet,No,Sí,No,72.23,68.07,1,1
CU5315,Masculino,0,No,No,45,Mes a mes,No,Tarjeta de crédito,Fibra óptica,No,Sí,No,37.0,1573.45,0,0
CU5316,Femenino,0,No,No,11,Mes a mes,No,Cheque electrónico,Fibra óptica,No,No,Sí,89.64,1000.47,0,0
CU5317,Masculino,0,No,No,0,Un año,No,Tarjeta de crédito,DSL,No,No,No,85.3,83.79,0,1
CU5318,Masculino,0,Sí,Sí,0,Un año,No,Domiciliación bancaria,Fibra óptica,No,Sí,No,106.85,107.21,2,1
CU5319,Femenino,0,No,Sí,47,Mes a mes,No,Cheque electrónico,Sin internet,No,No,Sí,95.7,4636.87,2,0
CU5320,Femenino,0,Sí,No,35,Mes a mes,Sí,Tarjeta de crédito,Sin internet,No,Sí,Sí,20.64,664.93,1,0
CU5321,Masculino,0,Sí,No,42,Mes a mes,Sí,Domiciliación bancaria,DSL,Sí,No,No,57.19,2451.57,1,0
CU5322,Femenino,0,No,No,48,Un año,Sí,Cheque electrónico,DSL,Sí,Sí,Sí,96.9,4554.05,2,0
CU5323,Masculino,0,No,Sí,12,Un año,Sí,Domiciliación bancaria,Sin internet,No,No,No,26.69,298.14,2,0
CU5324,Masculino,0,Sí,No,44,Mes a mes,Sí,Transferencia,DSL,No,No,No,54.41,2329.71,1,0
CU5325,Femenino,0,Sí,Sí,34,Un año,Sí,Domiciliación bancaria,DSL,No,Sí,No,66.95,2191.9,1,0
CU5326,Femenino,0,No,No,52,Mes a mes,Sí,Cheque electrónico,DSL,No,No,No,63.6,3052.63,1,1
CU5327,Femenino,0,Sí,No,36,Mes a mes,Sí,Domiciliación bancaria,Sin internet,Sí,Sí,No,73.28,2623.96,1,0
CU5328,Masculino,1,No,No,6,Mes a mes,No,Transferencia,Fibra óptica,Sí,No,No,45.97,275.81,1,1
CU5329,Femenino,1,Sí,No,10,Mes a mes,No,Transferencia,Fibra óptica,Sí,No,No,38.78,384.04,2,1
CU5330,Masculino,0,Sí,No,41,Mes a mes,No,Transferencia,Fibra óptica,Sí,No,Sí,77.63,3156.96,0,1
CU5331,Femenino,1,No,No,1,Un año,Sí,Transferencia,Fibra óptica,No,Sí,No,59.99,58.09,1,1
CU5332,Femenino,0,No,No,14,Mes a mes,No,Tarjeta de crédito,Fibra óptica,Sí,Sí,No,124.19,1782.44,0,0
CU5333,Femenino,0,Sí,Sí,67,Mes a mes,Sí,Domiciliación bancaria,DSL,No,No,No,33.91,2297.64,0,0
CU5334,Masculino,1,Sí,No,47,Mes a mes,Sí,Tarjeta de crédito,Fibra óptica,No,No,No,63.37,2911.91,1,0
CU5335,Masculino,0,Sí,No,60,Un año,Sí,Tarjeta de crédito,Fibra óptica,Sí,No,No,27.9,1634.27,3,0
CU5336,Masculino,0,No,Sí,58,Mes a mes,No,Tarjeta de crédito,Sin internet,No,No,No,75.25,4024.78,2,0
CU5337,Masculino,0,Sí,No,58,Un año,Sí,Domiciliación bancaria,DSL,No,Sí,No,59.19,3334.64,3,0
CU5338,Femenino,0,Sí,Sí,46,Dos años,Sí,Tarjeta de crédito,Fibra óptica,Sí,No,No,79.69,3512.59,0,0
CU5339,Femenino,0,No,No,40,Un año,Sí,Transferencia,Sin internet,No,Sí,Sí,45.0,1774.32,2,0
CU5340,Masculino,0,No,No,28,Un año,Sí,Transferencia,DSL,Sí,Sí,No,18.0,503.07,1,0
CU5341,Masculino,0,Sí,No,49,Dos años,No,Tarjeta de crédito,Fibra óptica,Sí,No,No,100.74,4741.28,1,0
CU5342,Femenino,0,No,No,28,Dos años,No,Domiciliación bancaria,DSL,No,No,Sí,90.19,2398.62,1,0
CU5343,Masculino,0,Sí,Sí,46,Mes a mes,Sí,Domiciliación bancaria,Sin internet,No,Sí,Sí,91.41,4192.46,2,0
CU5344,Femenino,0,Sí,No,40,Mes a mes,No,Domiciliación bancaria,DSL,Sí,Sí,No,89.89,3366.74,2,0
CU5345,Masculino,0,Sí,No,22,Mes a mes,Sí,Tarjeta de crédito,Sin internet,No,No,No,67.79,1533.58,0,1
CU5346,Masculino,0,Sí,Sí,65,Mes a mes,Sí,Tarjeta de crédito,Sin internet,No,No,Sí,82.12,5190.69,3,1
CU5347,Masculino,1,Sí,No,68,Mes a mes,Sí,Transferencia,Sin internet,Sí,Sí,Sí,39.62,2636.67,2,0
CU5348,Femenino,0,Sí,No,47,Dos años,No,Transferencia,DSL,Sí,No,Sí,53.33,2481.43,1,0
CU5349,Masculino,0,No,Sí,27,Un año,Sí,Domiciliación bancaria,DSL,Sí,Sí,Sí,96.79,2632.21,1,1
CU5350,Masculino,0,No,No,7,Mes a mes,Sí,Domiciliación bancaria,Fibra óptica,Sí,No,No,121.83,796.68,0,1
CU5351,Masculino,0,No,Sí,53,Mes a mes,Sí,Tarjeta de crédito,DSL,No,No,Sí,74.19,3871.78,0,0
CU5352,Femenino,0,No,Sí,57,Un año,No,Transferencia,DSL,No,No,No,18.0,994.14,1,0
CU5353,Masculino,1,No,Sí,43,Mes a mes,Sí,Cheque electrónico,DSL,Sí,Sí,No,74.95,3277.69,4,0
CU5354,Femenino,0,Sí,No,3,Mes a mes,Sí,Transferencia,DSL,Sí,No,No,104.73,298.42,0,1
CU5355,Femenino,1,No,No,62,Dos años,Sí,Transferencia,Sin internet,No,Sí,No,56.49,3227.7,1,0
CU5356,Masculino,0,No,No,27,Dos años,Sí,Tarjeta de crédito,Fibra óptica,No,No,Sí,36.89,934.49,0,0
CU5357,Femenino,0,Sí,No,5,Mes a mes,Sí,Tarjeta de crédito,DSL,No,No,No,91.91,434.86,1,1
CU5358,Masculino,0,No,No,27,Un año,Sí,Tarjeta de crédito,Sin internet,Sí,No,No,55.07,1525.44,3,0
CU5359,Femenino,0,No,No,37,Mes a mes,Sí,Tarjeta de crédito,Sin internet,No,Sí,No,54.87,1966.31,0,0
CU5360,Masculino,0,No,No,45,Dos años,Sí,Tarjeta de crédito,Fibra óptica,Sí,Sí,No,18.25,817.06,1,0
CU5361,Masculino,0,Sí,No,70,Mes a mes,Sí,Domiciliación bancaria,Sin internet,Sí,Sí,No,18.8,1295.6,0,0
CU5362,Femenino,0,No,No,61,Mes a mes,Sí,Tarjeta de crédito,Sin internet,No,Sí,No,88.41,5316.92,3,0
CU5363,Masculino,0,Sí,No,15,Mes a mes,Sí,Domiciliación bancaria,Fibra óptica,No,No,No,30.38,442.58,2,1
CU5364,Masculino,1,No,Sí,20,Mes a mes,No,Domiciliación bancaria,Sin internet,No,Sí,No,114.53,2353.61,3,0
CU5365,Femenino,0,Sí,No,71,Mes a mes,No,Domiciliación bancaria,Fibra óptica,Sí,No,Sí,120.84,8870.42,0,0
CU5366,Femenino,1,No,Sí,46,Mes a mes,Sí,Transferencia,DSL,Sí,No,No,35.78,1666.5,0,0
CU5367,Masculino,0,No,No,60,Un año,No,Tarjeta de crédito,Fibra óptica,Sí,Sí,No,45.67,2659.59,3,0
CU5368,Femenino,0,Sí,Sí,42,Un año,Sí,Tarjeta de crédito,Fibra óptica,No,No,No,84.74,3645.21,2,0
CU5369,Masculino,0,No,Sí,23,Mes a mes,Sí,Transferencia,Fibra óptica,Sí,Sí,No,107.76,2505.31,1,1
CU5370,Femenino,0,Sí,No,44,Mes a mes,No,Cheque electrónico,Fibra óptica,No,No,Sí,69.73,2893.53,1,0
CU5371,Femenino,1,Sí,No,58,Mes a mes,No,Transferencia,DSL,Sí,No,No,46.77,2834.39,1,0
CU5372,Masculino,0,Sí,No,1,Mes a mes,Sí,Cheque electrónico,Fibra óptica,No,Sí,No,54.18,51.59,1,1
CU5373,Masculino,0,Sí,No,7,Mes a mes,Sí,Cheque electrónico,Fibra óptica,No,Sí,No,68.14,439.37,0,1
CU5374,Femenino,0,No,No,37,Un año,Sí,Cheque electrónico,DSL,No,Sí,No,49.94,1836.86,0,0
CU5375,Femenino,0,No,No,72,Un año,Sí,Transferencia,DSL,No,No,Sí,99.15,6959.14,1,0
CU5376,Femenino,0,No,No,68,Dos años,No,Cheque electrónico,Fibra óptica,Sí,Sí,No,45.57,2918.83,0,0
CU5377,Femenino,0,Sí,Sí,28,Dos años,No,Domiciliación bancaria,Fibra óptica,No,No,No,77.86,2021.75,1,0
CU5378,Femenino,0,No,No,17,Mes a mes,No,Transferencia,Fibra óptica,No,Sí,Sí,86.33,1412.6,0,0
CU5379,Masculino,0,No,No,26,Un año,No,Transferencia,Fibra óptica,No,Sí,Sí,65.28,1595.42,2,0
CU5380,Femenino,1,Sí,Sí,57,Un año,No,Tarjeta de crédito,Sin internet,No,No,Sí,58.67,3397.93,2,0
CU5381,Femenino,0,Sí,Sí,51,Dos años,No,Cheque electrónico,DSL,No,Sí,Sí,64.32,3038.64,1,0
CU5382,Femenino,0,Sí,Sí,52,Mes a mes,No,Domiciliación bancaria,Fibra óptica,No,No,Sí,40.61,2125.6,3,1
CU5383,Masculino,0,No,No,48,Mes a mes,Sí,Tarjeta de crédito,Sin internet,No,No,No,86.7,4054.65,3,0
CU5384,Femenino,0,No,No,71,Mes a mes,No,Cheque electrónico,Sin internet,Sí,No,Sí,61.34,4091.84,1,1
CU5385,Masculino,1,No,Sí,64,Mes a mes,No,Tarjeta de crédito,Sin internet,No,No,Sí,57.95,3814.36,3,0
CU5386,Masculino,0,No,Sí,23,Un año,Sí,Domiciliación bancaria,DSL,No,No,No,34.33,820.42,1,0
CU5387,Femenino,0,Sí,No,57,Dos años,Sí,Transferencia,DSL,Sí,No,Sí,119.54,6506.25,1,0
CU5388,Femenino,0,No,No,62,Mes a mes,No,Domiciliación bancaria,DSL,No,Sí,Sí,89.0,5454.09,0,0
CU5389,Masculino,0,No,Sí,67,Mes a mes,Sí,Cheque electrónico,Fibra óptica,No,No,Sí,24.12,1616.67,0,0
CU5390,Femenino,0,No,Sí,20,Mes a mes,Sí,Cheque electrónico,DSL,No,No,No,80.83,1628.75,3,1
CU5391,Masculino,0,No,No,26,Mes a mes,Sí,Tarjeta de crédito,DSL,No,No,No,47.94,1260.51,0,0
CU5392,Masculino,0,Sí,No,33,Mes a mes,Sí,Transferencia,Fibra óptica,No,Sí,No,39.55,1207.83,1,0
CU5393,Masculino,0,No,No,37,Mes a mes,No,Transferencia,Fibra óptica,No,No,Sí,44.51,1636.17,1,0
CU5394,Masculino,0,Sí,No,35,Mes a mes,No,Domiciliación bancaria,Fibra óptica,Sí,No,No,79.53,2726.86,0,0
CU5395,Masculino,0,Sí,No,67,Un año,Sí,Cheque electrónico,DSL,No,No,No,60.97,3930.69,1,0
CU5396,Femenino,0,No,No,51,Mes a mes,Sí,Tarjeta de crédito,DSL,Sí,Sí,Sí,63.58,3127.82,0,0
CU5397,Masculino,0,No,No,29,Mes a mes,Sí,Tarjeta de crédito,DSL,No,No,Sí,72.94,2092.79,0,1
CU5398,Masculino,1,No,No,18,Un año,Sí,Domiciliación bancaria,Fibra óptica,No,No,No,91.29,1556.56,2,0
CU5399,Femenino,0,No,No,7,Un año,Sí,Tarjeta de crédito,DSL,No,Sí,No,129.73,851.72,2,0
CU5400,Masculino,0,Sí,No,24,Mes a mes,Sí,Domiciliación bancaria,Fibra óptica,Sí,Sí,Sí,57.62,1299.46,1,0
CU5401,Femenino,0,No,No,66,Un año,No,Transferencia,Fibra óptica,No,Sí,Sí,53.1,3604.66,0,0
CU5402,Femenino,0,Sí,Sí,71,Mes a mes,Sí,Domiciliación bancaria,Fibra óptica,Sí,No,Sí,67.97,4711.04,0,0
CU5403,Masculino,1,No,No,60,Mes a mes,No,Cheque electrónico,Fibra óptica,No,No,No,84.74,4852.44,2,0
CU5404,Masculino,0,No,No,47,Dos años,Sí,Transferencia,Fibra óptica,No,No,Sí,95.72,4178.67,1,0
CU5405,Femenino,0,No,No,3,Dos años,Sí,Domiciliación bancaria,Fibra óptica,Sí,No,No,37.13,115.12,1,0
CU5406,Masculino,0,No,No,40,Mes a mes,Sí,Tarjeta de crédito,Sin internet,No,No,Sí,130.0,5420.85,2,0
CU5407,Masculino,0,No,No,3,Mes a mes,Sí,Cheque electrónico,Fibra óptica,No,Sí,No,32.01,97.61,0,0
CU5408,Femenino,0,Sí,Sí,4,Mes a mes,No,Cheque electrónico,Sin internet,No,Sí,No,89.95,370.25,0,1
CU5409,Femenino,1,No,No,22,Un año,Sí,Transferencia,DSL,No,No,No,86.04,1776.35,1,0
CU5410,Masculino,0,Sí,No,72,Mes a mes,No,Domiciliación bancaria,Fibra óptica,Sí,Sí,No,25.76,1783.07,0,0
CU5411,Femenino,0,No,No,36,Mes a mes,No,Domiciliación bancaria,Fibra óptica,No,No,No,72.54,2439.98,0,0
CU5412,Masculino,1,Sí,No,55,Mes a mes,No,Domiciliación bancaria,DSL,No,No,No,18.0,969.44,2,0
CU5413,Femenino,0,Sí,No,58,Dos años,No,Transferencia,Fibra óptica,No,Sí,No,41.78,2342.71,1,1
CU5414,Femenino,0,No,No,71,Mes a mes,Sí,Domiciliación bancaria,Fibra óptica,No,Sí,No,63.12,4514.14,0,1
CU5415,Femenino,0,Sí,Sí,67,Dos años,Sí,Cheque electrónico,Fibra óptica,Sí,No,No,68.96,4603.47,4,0
CU5416,Femenino,1,No,Sí,24,Mes a mes,No,Transferencia,DSL,Sí,No,Sí,99.86,2459.27,1,1
CU5417,Masculino,0,Sí,No,65,Mes a mes,No,Transferencia,Fibra óptica,No,Sí,No,45.61,3027.72,1,0
CU5418,Masculino,0,Sí,No,9,Dos años,Sí,Tarjeta de crédito,DSL,Sí,Sí,No,75.19,640.99,3,1
CU5419,Femenino,0,No,No,41,Mes a mes,No,Domiciliación bancaria,Fibra óptica,No,No,Sí,90.92,3690.12,0,0
CU5420,Masculino,0,Sí,Sí,54,Un año,Sí,Domiciliación bancaria,DSL,Sí,No,No,63.37,3240.35,0,0
CU5421,Femenino,0,Sí,Sí,55,Mes a mes,Sí,Tarjeta de crédito,Fibra óptica,Sí,No,No,64.85,3621.9,1,1
CU5422,Femenino,0,Sí,No,53,Mes a mes,No,Transferencia,DSL,No,Sí,No,24.2,1193.11,2,0
CU5423,Masculino,0,No,No,61,Un año,Sí,Domiciliación bancaria,Sin internet,No,No,No,19.7,1243.05,1,0
CU5424,Femenino,0,No,No,63,Mes a mes,No,Tarjeta de crédito,DSL,Sí,Sí,Sí,41.45,2494.46,1,0
CU5425,Femenino,1,Sí,Sí,47,Un año,Sí,Domiciliación bancaria,DSL,No,No,No,103.98,4771.48,0,0
CU5426,Masculino,0,No,No,0,Mes a mes,Sí,Transferencia,Fibra óptica,No,No,Sí,104.08,105.63,1,1
CU5427,Masculino,0,Sí,No,8,Dos años,No,Cheque electrónico,DSL,No,Sí,No,99.95,805.19,1,0
CU5428,Masculino,0,No,No,42,Mes a mes,Sí,Domiciliación bancaria,DSL,No,No,No,75.39,3111.0,0,1
CU5429,Masculino,0,Sí,No,51,Mes a mes,No,Domiciliación bancaria,Fibra óptica,Sí,No,Sí,79.62,4236.68,1,0
CU5430,Femenino,0,No,No,10,Mes a mes,Sí,Domiciliación bancaria,Sin internet,Sí,No,Sí,53.5,539.77,0,1
CU5431,Masculino,1,No,No,6,Dos años,No,Domiciliación bancaria,DSL,No,No,No,54.57,301.71,0,0
CU5432,Femenino,0,Sí,Sí,34,Dos años,Sí,Transferencia,Sin internet,No,Sí,No,18.0,587.7,2,0
CU5433,Masculino,0,No,No,66,Mes a mes,Sí,Domiciliación bancaria,Fibra óptica,No,Sí,No,70.87,4699.03,1,0
CU5434,Femenino,0,No,No,72,Mes a mes,Sí,Cheque electrónico,DSL,Sí,Sí,No,78.19,5708.81,0,0
CU5435,Masculino,0,Sí,No,14,Mes a mes,No,Cheque electrónico,Fibra óptica,No,Sí,No,47.74,636.79,0,0
CU5436,Masculino,0,No,No,54,Un año,Sí,Tarjeta de crédito,Fibra óptica,No,Sí,No,90.55,4552.29,0,0
CU5437,Masculino,1,No,No,55,Mes a mes,Sí,Transferencia,Fibra óptica,No,No,No,99.4,5298.54,0,1
CU5438,Femenino,0,No,No,19,Dos años,Sí,Domiciliación bancaria,DSL,Sí,Sí,No,33.55,618.09,1,0
CU5439,Masculino,0,No,Sí,60,Un año,No,Tarjeta de crédito,Fibra óptica,No,No,No,129.68,7654.97,2,0
CU5440,Femenino,0,Sí,Sí,45,Mes a mes,Sí,Transferencia,Fibra óptica,No,No,No,80.25,3470.83,0,0
CU5441,Masculino,0,No,Sí,67,Un año,Sí,Domiciliación bancaria,Sin internet,No,No,No,108.43,7148.94,1,0
CU5442,Femenino,0,No,Sí,35,Dos años,Sí,Transferencia,Sin internet,No,Sí,Sí,45.73,1598.37,0,0
CU5443,Femenino,0,Sí,No,16,Mes a mes,Sí,Tarjeta de crédito,DSL,No,No,No,105.62,1570.39,2,0
CU5444,Masculino,1,Sí,Sí,33,Mes a mes,Sí,Tarjeta de crédito,Fibra óptica,No,No,No,83.53,2650.54,0,0
CU5445,Masculino,0,Sí,No,25,Un año,No,Tarjeta de crédito,Fibra óptica,No,Sí,No,56.79,1448.46,1,1
CU5446,Femenino,0,Sí,No,4,Mes a mes,Sí,Tarjeta de crédito,DSL,No,Sí,No,34.2,136.77,1,0
CU5447,Masculino,0,No,No,6,Mes a mes,Sí,Cheque electrónico,DSL,No,No,No,65.28,365.97,1,1
CU5448,Femenino,0,No,No,47,Mes a mes,No,Cheque electrónico,DSL,No,Sí,Sí,86.82,3961.01,0,0
CU5449,Masculino,0,No,No,44,Un año,Sí,Tarjeta de crédito,Sin internet,Sí,Sí,No,67.15,3044.42,1,0
CU5450,Femenino,0,No,No,44,Dos años,Sí,Cheque electrónico,Fibra óptica,Sí,Sí,No,67.48,2891.64,2,0
CU5451,Femenino,0,Sí,Sí,16,Dos años,Sí,Tarjeta de crédito,Sin internet,No,No,Sí,51.35,756.63,1,0
CU5452,Masculino,0,No,No,6,Mes a mes,No,Cheque electrónico,DSL,No,Sí,Sí,27.95,165.41,2,0
CU5453,Masculino,0,Sí,No,62,Mes a mes,Sí,Transferencia,DSL,No,No,Sí,69.97,4085.43,1,0
CU5454,Femenino,0,Sí,No,9,Dos años,Sí,Domiciliación bancaria,DSL,Sí,No,No,38.96,358.53,0,0
CU5455,Femenino,0,Sí,Sí,65,Un año,Sí,Tarjeta de crédito,Fibra óptica,Sí,No,No,91.63,6074.23,2,0
CU5456,Masculino,0,No,Sí,33,Mes a mes,Sí,Cheque electrónico,Sin internet,No,Sí,No,88.53,2886.17,1,1
CU5457,Femenino,0,Sí,No,36,Un año,Sí,Tarjeta de crédito,Fibra óptica,No,No,Sí,111.74,4100.88,1,0
CU5458,Femenino,0,No,No,39,Un año,No,Cheque electrónico,Fibra óptica,No,No,No,54.43,2011.73,2,0
CU5459,Masculino,1,No,No,53,Un año,No,Tarjeta de crédito,Sin internet,No,No,No,63.81,3421.94,3,0
CU5460,Femenino,0,Sí,No,13,Mes a mes,Sí,Transferencia,Fibra óptica,No,No,No,23.79,317.28,1,0
CU5461,Femenino,0,No,No,8,Un año,Sí,Tarjeta de crédito,Sin internet,Sí,Sí,No,49.46,412.91,1,0
CU5462,Masculino,0,Sí,Sí,60,Mes a mes,Sí,Domiciliación bancaria,Sin internet,No,No,No,64.84,3674.07,0,0
CU5463,Femenino,0,Sí,No,6,Dos años,Sí,Tarjeta de crédito,DSL,Sí,No,No,67.19,389.31,0,0
CU5464,Femenino,0,No,Sí,51,Dos años,Sí,Tarjeta de crédito,Sin internet,Sí,No,No,54.35,2775.71,0,0
CU5465,Femenino,0,No,Sí,4,Dos años,Sí,Tarjeta de crédito,Sin internet,Sí,Sí,No,47.46,192.54,0,0
CU5466,Femenino,0,Sí,No,16,Mes a mes,No,Cheque electrónico,DSL,Sí,Sí,Sí,71.82,1073.28,2,1
CU5467,Femenino,0,Sí,No,47,Mes a mes,Sí,Domiciliación bancaria,DSL,No,No,No,56.63,2783.6,0,0
CU5468,Femenino,0,Sí,No,58,Un año,Sí,Tarjeta de crédito,DSL,No,Sí,Sí,101.7,5453.21,1,0
CU5469,Masculino,1,Sí,Sí,6,Mes a mes,Sí,Cheque electrónico,Fibra óptica,No,Sí,No,72.07,444.69,2,0
CU5470,Masculino,0,Sí,Sí,42,Mes a mes,No,Tarjeta de crédito,DSL,No,Sí,No,50.06,2055.78,2,0
CU5471,Masculino,1,Sí,Sí,1,Un año,No,Cheque electrónico,Fibra óptica,Sí,No,No,95.34,93.76,1,1
CU5472,Femenino,0,Sí,No,23,Mes a mes,No,Cheque electrónico,Sin internet,No,No,Sí,36.83,857.45,3,0
CU5473,Masculino,0,Sí,No,61,Mes a mes,Sí,Tarjeta de crédito,DSL,No,Sí,Sí,54.04,3121.19,0,0
CU5474,Masculino,0,Sí,No,60,Dos años,Sí,Domiciliación bancaria,Fibra óptica,No,No,No,35.65,2113.39,1,0
CU5475,Femenino,0,Sí,Sí,37,Mes a mes,Sí,Cheque electrónico,Sin internet,No,Sí,No,57.88,2048.73,0,0
CU5476,Masculino,0,No,Sí,37,Dos años,No,Cheque electrónico,Sin internet,No,Sí,No,103.45,3617.11,1,0
CU5477,Masculino,0,Sí,Sí,14,Un año,Sí,Domiciliación bancaria,DSL,No,Sí,No,70.25,964.85,2,0
CU5478,Femenino,0,No,No,31,Un año,No,Domiciliación bancaria,Fibra óptica,No,No,Sí,18.0,520.23,1,0
CU5479,Femenino,0,Sí,No,7,Mes a mes,Sí,Transferencia,Sin internet,No,No,No,54.27,372.77,1,0
CU5480,Femenino,1,No,Sí,1,Mes a mes,Sí,Transferencia,Sin internet,Sí,No,Sí,72.47,73.19,2,1
CU5481,Femenino,0,No,No,16,Dos años,No,Cheque electrónico,Fibra óptica,Sí,No,Sí,73.14,1091.96,1,0
CU5482,Masculino,0,No,No,59,Un año,No,Tarjeta de crédito,DSL,No,No,Sí,60.12,3633.74,2,0
CU5483,Femenino,0,No,No,30,Mes a mes,Sí,Transferencia,Sin internet,No,Sí,Sí,86.54,2593.51,2,0
CU5484,Femenino,0,No,No,20,Mes a mes,Sí,Tarjeta de crédito,Sin internet,Sí,No,No,81.4,1504.2,1,1
CU5485,Masculino,0,Sí,No,7,Mes a mes,Sí,Tarjeta de crédito,Sin internet,No,No,Sí,60.75,435.05,1,1
CU5486,Masculino,0,Sí,No,21,Un año,No,Cheque electrónico,DSL,No,No,No,71.65,1398.68,1,0
CU5487,Femenino,0,Sí,No,32,Mes a mes,No,Tarjeta de crédito,Fibra óptica,No,No,Sí,61.06,2036.87,1,0
CU5488,Femenino,0,No,No,60,Mes a mes,Sí,Transferencia,DSL,Sí,Sí,No,66.57,3799.92,1,0
CU5489,Femenino,0,No,No,10,Dos años,Sí,Transferencia,Fibra óptica,Sí,No,No,70.34,659.55,0,0
CU5490,Femenino,0,No,Sí,6,Mes a mes,No,Domiciliación bancaria,DSL,No,Sí,No,93.45,534.81,1,1
CU5491,Femenino,1,No,No,4,Mes a mes,Sí,Transferencia,DSL,Sí,No,No,78.23,308.84,0,0
CU5492,Masculino,0,No,No,69,Mes a mes,No,Transferencia,Sin internet,No,No,Sí,65.09,4576.29,1,0
CU5493,Masculino,0,No,No,70,Un año,Sí,Domiciliación bancaria,DSL,Sí,Sí,Sí,53.67,3882.8,0,0
CU5494,Masculino,0,Sí,No,24,Mes a mes,Sí,Domiciliación bancaria,Fibra óptica,No,No,Sí,83.57,1972.72,1,0
CU5495,Masculino,0,Sí,No,24,Dos años,No,Transferencia,Fibra óptica,No,No,Sí,73.89,1795.47,1,0
CU5496,Masculino,0,No,No,24,Mes a mes,Sí,Cheque electrónico,DSL,No,No,No,62.31,1539.89,0,0
CU5497,Femenino,0,Sí,Sí,7,Mes a mes,Sí,Transferencia,Sin internet,No,Sí,No,56.47,384.38,0,1
CU5498,Masculino,0,Sí,Sí,51,Mes a mes,Sí,Tarjeta de crédito,Sin internet,Sí,Sí,No,66.84,3384.54,0,0
CU5499,Femenino,0,Sí,No,71,Un año,No,Tarjeta de crédito,Sin internet,Sí,Sí,No,46.31,3157.94,0,0
CU5500,Femenino,1,Sí,No,26,Mes a mes,Sí,Cheque electrónico,Fibra óptica,Sí,No,Sí,24.62,666.51,1,0
CU5501,Masculino,0,Sí,No,17,Mes a mes,No,Tarjeta de crédito,DSL,Sí,No,Sí,109.06,1749.16,1,1
CU5502,Femenino,1,Sí,No,19,Mes a mes,No,Transferencia,DSL,No,No,Sí,109.85,2036.45,5,1
CU5503,Femenino,0,No,Sí,17,Mes a mes,No,Cheque electrónico,Fibra óptica,Sí,No,Sí,69.22,1176.95,2,1
CU5504,Masculino,0,No,Sí,11,Mes a mes,Sí,Cheque electrónico,Fibra óptica,No,Sí,No,80.11,851.22,2,1
CU5505,Femenino,0,No,No,54,Mes a mes,Sí,Tarjeta de crédito,DSL,No,No,Sí,59.02,2951.82,1,0
CU5506,Femenino,0,Sí,No,24,Mes a mes,No,Transferencia,Sin internet,Sí,Sí,Sí,79.65,1893.92,1,0
CU5507,Masculino,0,No,Sí,37,Dos años,Sí,Transferencia,Fibra óptica,Sí,Sí,Sí,68.5,2544.63,2,0
CU5508,Masculino,0,Sí,No,70,Mes a mes,No,Transferencia,DSL,No,Sí,No,70.91,4875.94,0,0
CU5509,Masculino,0,Sí,Sí,29,Un año,Sí,Cheque electrónico,Fibra óptica,No,Sí,No,38.01,1027.59,0,0
CU5510,Femenino,1,Sí,No,9,Un año,Sí,Tarjeta de crédito,Fibra óptica,No,Sí,No,115.5,965.35,1,1
CU5511,Femenino,0,No,No,13,Mes a mes,Sí,Transferencia,Fibra óptica,No,No,No,34.54,455.21,1,0
CU5512,Femenino,0,No,No,68,Dos años,Sí,Tarjeta de crédito,Sin internet,Sí,No,No,89.15,5774.07,0,0
CU5513,Femenino,1,No,No,51,Mes a mes,Sí,Cheque electrónico,Fibra óptica,No,No,No,43.23,2073.99,2,1
CU5514,Masculino,1,No,No,41,Dos años,Sí,Transferencia,DSL,Sí,No,Sí,18.0,755.96,0,0
CU5515,Femenino,0,No,No,7,Dos años,Sí,Transferencia,Fibra óptica,No,Sí,No,92.12,635.22,1,0
CU5516,Femenino,0,Sí,Sí,49,Mes a mes,No,Tarjeta de crédito,Fibra óptica,No,Sí,No,70.4,3412.39,0,0
CU5517,Femenino,1,Sí,Sí,8,Mes a mes,No,Transferencia,DSL,Sí,No,No,27.6,207.25,2,1
CU5518,Masculino,0,Sí,No,58,Mes a mes,No,Tarjeta de crédito,DSL,Sí,No,Sí,84.41,5040.27,0,0
CU5519,Masculino,0,No,No,25,Un año,Sí,Tarjeta de crédito,Fibra óptica,No,No,No,55.79,1401.82,0,0
CU5520,Masculino,1,No,No,3,Mes a mes,Sí,Tarjeta de crédito,DSL,No,Sí,Sí,116.89,351.79,4,1
CU5521,Masculino,0,No,Sí,62,Dos años,Sí,Cheque electrónico,DSL,Sí,No,No,26.49,1559.81,0,0
CU5522,Masculino,0,Sí,No,71,Dos años,Sí,Domiciliación bancaria,Fibra óptica,No,No,Sí,48.24,3242.3,1,0
CU5523,Femenino,0,No,No,51,Mes a mes,Sí,Tarjeta de crédito,DSL,Sí,No,No,88.94,4660.58,1,0
CU5524,Masculino,0,Sí,Sí,55,Mes a mes,No,Domiciliación bancaria,DSL,No,Sí,No,54.0,2765.96,1,0
CU5525,Femenino,0,Sí,Sí,32,Dos años,No,Domiciliación bancaria,Sin internet,Sí,No,Sí,43.09,1361.95,2,0
CU5526,Masculino,1,Sí,Sí,58,Mes a mes,No,Domiciliación bancaria,Fibra óptica,Sí,No,No,72.32,4186.78,3,0
CU5527,Masculino,1,Sí,No,14,Mes a mes,Sí,Domiciliación bancaria,DSL,Sí,Sí,Sí,96.73,1412.43,0,1
CU5528,Masculino,0,No,No,31,Un año,Sí,Tarjeta de crédito,Fibra óptica,Sí,No,No,64.5,1892.96,2,0
CU5529,Masculino,1,No,Sí,66,Un año,No,Domiciliación bancaria,Fibra óptica,No,No,No,59.97,3645.65,0,0
CU5530,Masculino,0,Sí,No,43,Mes a mes,No,Domiciliación bancaria,Sin internet,No,No,No,44.71,1870.94,1,0
CU5531,Femenino,0,No,No,44,Mes a mes,Sí,Domiciliación bancaria,Sin internet,No,No,Sí,53.31,2251.27,2,0
CU5532,Masculino,0,Sí,No,40,Un año,Sí,Transferencia,Fibra óptica,Sí,No,Sí,34.71,1343.55,1,0
CU5533,Femenino,0,No,No,11,Mes a mes,Sí,Tarjeta de crédito,DSL,Sí,Sí,Sí,100.16,1110.73,3,0
CU5534,Masculino,0,No,No,7,Mes a mes,No,Domiciliación bancaria,DSL,Sí,No,Sí,85.75,626.3,1,0
CU5535,Femenino,1,No,No,3,Mes a mes,No,Domiciliación bancaria,DSL,No,No,Sí,29.85,92.59,1,1
CU5536,Femenino,0,No,No,14,Mes a mes,No,Transferencia,Sin internet,Sí,Sí,No,49.91,713.87,3,1
CU5537,Masculino,0,No,Sí,11,Mes a mes,Sí,Tarjeta de crédito,Fibra óptica,No,No,No,86.84,990.5,3,1
CU5538,Femenino,1,Sí,No,56,Un año,No,Tarjeta de crédito,DSL,Sí,Sí,Sí,84.15,4527.05,2,0
CU5539,Femenino,0,Sí,No,45,Un año,No,Transferencia,Fibra óptica,No,No,Sí,63.1,2628.08,2,0
CU5540,Femenino,0,Sí,Sí,36,Mes a mes,Sí,Transferencia,Sin internet,No,Sí,Sí,58.84,2111.07,0,0
CU5541,Femenino,0,Sí,Sí,27,Mes a mes,No,Cheque electrónico,DSL,Sí,No,No,65.72,1709.22,4,0
CU5542,Femenino,0,No,Sí,13,Un año,No,Cheque electrónico,DSL,No,No,Sí,53.32,652.19,0,0
CU5543,Masculino,0,No,No,48,Mes a mes,Sí,Tarjeta de crédito,Fibra óptica,Sí,No,No,95.94,4714.54,0,0
CU5544,Masculino,0,Sí,No,62,Un año,No,Transferencia,Fibra óptica,Sí,No,Sí,85.45,5476.97,0,0
CU5545,Femenino,0,No,Sí,42,Dos años,Sí,Transferencia,Fibra óptica,No,No,No,73.88,3254.33,2,0
CU5546,Femenino,0,No,Sí,12,Mes a mes,Sí,Tarjeta de crédito,Fibra óptica,No,No,No,35.26,410.34,1,1
CU5547,Femenino,0,Sí,Sí,34,Un año,Sí,Cheque electrónico,Fibra óptica,Sí,No,Sí,48.63,1527.99,1,0
CU5548,Femenino,0,No,Sí,67,Mes a mes,Sí,Cheque electrónico,Fibra óptica,No,Sí,Sí,48.27,3206.86,0,0
CU5549,Masculino,0,No,Sí,54,Un año,Sí,Domiciliación bancaria,Fibra óptica,Sí,No,No,55.58,3059.12,3,0
CU5550,Masculino,1,No,No,55,Dos años,Sí,Tarjeta de crédito,Fibra óptica,Sí,No,No,70.77,3805.44,0,0
CU5551,Femenino,0,No,No,18,Dos años,No,Transferencia,DSL,Sí,No,No,109.96,1860.08,0,0
CU5552,Femenino,1,No,No,59,Mes a mes,Sí,Tarjeta de crédito,Fibra óptica,No,No,No,70.67,4204.71,2,1
CU5553,Masculino,0,No,No,53,Dos años,Sí,Cheque electrónico,Fibra óptica,No,Sí,Sí,27.18,1418.23,0,0
CU5554,Femenino,0,Sí,No,36,Mes a mes,No,Domiciliación bancaria,DSL,No,No,No,84.8,3057.13,0,0
CU5555,Masculino,0,Sí,No,71,Un año,No,Cheque electrónico,Sin internet,No,No,No,27.99,2005.29,2,0
CU5556,Masculino,0,No,Sí,36,Mes a mes,No,Tarjeta de crédito,Fibra óptica,No,Sí,No,78.45,2702.88,1,0
CU5557,Masculino,0,Sí,No,15,Un año,Sí,Cheque electrónico,DSL,No,No,Sí,53.49,772.67,3,0
CU5558,Masculino,0,No,No,8,Mes a mes,Sí,Domiciliación bancaria,Fibra óptica,Sí,No,No,81.76,654.16,1,1
CU5559,Masculino,0,No,Sí,12,Dos años,Sí,Tarjeta de crédito,Fibra óptica,No,No,No,80.45,951.71,0,1
CU5560,Masculino,0,Sí,No,68,Mes a mes,Sí,Cheque electrónico,Fibra óptica,No,No,No,70.46,4871.05,2,0
CU5561,Masculino,0,No,No,41,Mes a mes,No,Cheque electrónico,Fibra óptica,No,Sí,No,36.47,1405.57,0,0
CU5562,Femenino,0,No,No,28,Mes a mes,Sí,Tarjeta de crédito,DSL,No,Sí,No,48.23,1399.27,3,1
CU5563,Masculino,0,No,No,20,Mes a mes,Sí,Tarjeta de crédito,DSL,No,Sí,No,79.96,1484.74,2,0
CU5564,Masculino,0,No,Sí,41,Mes a mes,Sí,Domiciliación bancaria,DSL,No,No,Sí,70.67,2869.2,0,0
CU5565,Femenino,0,No,No,65,Mes a mes,Sí,Tarjeta de crédito,Fibra óptica,Sí,No,Sí,116.61,7834.35,1,0
CU5566,Femenino,0,No,Sí,5,Mes a mes,Sí,Cheque electrónico,Fibra óptica,Sí,Sí,Sí,69.5,350.52,0,0
CU5567,Femenino,0,No,No,52,Dos años,Sí,Domiciliación bancaria,Fibra óptica,Sí,No,Sí,87.36,4280.08,0,0
CU5568,Femenino,0,Sí,No,14,Mes a mes,No,Tarjeta de crédito,Fibra óptica,Sí,No,No,54.36,730.41,1,1
CU5569,Masculino,1,No,No,29,Dos años,Sí,Transferencia,Fibra óptica,No,Sí,No,41.59,1192.84,1,0
CU5570,Femenino,0,Sí,Sí,63,Un año,No,Domiciliación bancaria,DSL,Sí,Sí,Sí,97.61,5957.53,0,0
CU5571,Femenino,0,No,No,51,Mes a mes,Sí,Domiciliación bancaria,Fibra óptica,Sí,Sí,Sí,45.34,2167.6,0,0
CU5572,Femenino,0,No,Sí,31,Mes a mes,No,Domiciliación bancaria,Fibra óptica,Sí,No,No,25.42,800.07,0,0
CU5573,Femenino,0,No,Sí,65,Dos años,Sí,Tarjeta de crédito,Fibra óptica,Sí,No,Sí,27.86,1856.1,1,0
CU5574,Femenino,0,Sí,Sí,28,Un año,No,Transferencia,DSL,No,Sí,No,75.35,2100.48,0,1
CU5575,Masculino,0,Sí,No,24,Mes a mes,Sí,Domiciliación bancaria,Sin internet,No,No,No,46.31,1112.38,1,0
CU5576,Masculino,0,Sí,Sí,19,Mes a mes,No,Tarjeta de crédito,Fibra óptica,Sí,No,No,22.72,442.1,1,0
CU5577,Masculino,0,Sí,No,60,Un año,Sí,Cheque electrónico,DSL,Sí,No,No,118.88,6584.7,1,0
CU5578,Masculino,0,No,No,70,Dos años,Sí,Transferencia,Fibra óptica,Sí,No,No,18.0,1198.49,1,0
CU5579,Femenino,0,Sí,No,23,Un año,No,Tarjeta de crédito,Fibra óptica,Sí,No,No,53.52,1243.37,2,0
CU5580,Masculino,0,Sí,No,49,Mes a mes,No,Cheque electrónico,Fibra óptica,Sí,Sí,No,110.42,5087.58,2,0
CU5581,Masculino,0,No,Sí,44,Mes a mes,Sí,Transferencia,DSL,Sí,Sí,No,66.66,2874.86,1,0
CU5582,Femenino,0,No,No,36,Mes a mes,No,Domiciliación bancaria,Fibra óptica,Sí,Sí,No,130.0,4681.02,0,0
CU5583,Masculino,0,No,No,33,Mes a mes,No,Domiciliación bancaria,DSL,No,Sí,No,86.92,2735.69,1,0
CU5584,Femenino,0,No,No,69,Mes a mes,Sí,Tarjeta de crédito,Sin internet,Sí,No,No,31.99,2297.63,3,0
CU5585,Femenino,0,Sí,No,63,Un año,Sí,Cheque electrónico,Fibra óptica,Sí,No,Sí,86.0,5239.31,2,0
CU5586,Femenino,0,No,Sí,41,Un año,No,Domiciliación bancaria,DSL,No,No,No,49.15,1959.54,2,1
CU5587,Femenino,0,No,No,40,Un año,Sí,Cheque electrónico,Fibra óptica,Sí,Sí,Sí,57.89,2290.87,2,0
CU5588,Femenino,1,No,Sí,67,Mes a mes,Sí,Domiciliación bancaria,DSL,No,Sí,Sí,36.88,2428.24,0,0
CU5589,Masculino,0,Sí,No,18,Mes a mes,Sí,Transferencia,DSL,No,No,Sí,46.7,820.2,1,0
CU5590,Femenino,0,Sí,No,11,Mes a mes,No,Cheque electrónico,Fibra óptica,Sí,No,Sí,85.3,878.74,0,0
CU5591,Femenino,0,Sí,No,55,Mes a mes,No,Tarjeta de crédito,Fibra óptica,No,No,Sí,39.61,2199.02,1,0
CU5592,Femenino,0,No,Sí,29,Mes a mes,Sí,Tarjeta de crédito,Fibra óptica,Sí,No,No,18.0,526.73,2,0
CU5593,Masculino,0,No,No,3,Mes a mes,Sí,Tarjeta de crédito,Sin internet,No,Sí,No,76.48,227.11,1,1
CU5594,Femenino,0,No,No,39,Mes a mes,Sí,Domiciliación bancaria,Fibra óptica,Sí,No,Sí,58.14,2116.6,1,0
CU5595,Femenino,0,Sí,No,69,Mes a mes,Sí,Transferencia,Fibra óptica,No,No,No,90.75,6474.65,1,0
CU5596,Masculino,0,No,No,13,Mes a mes,No,Cheque electrónico,Fibra óptica,No,No,No,43.53,590.72,2,0
CU5597,Masculino,0,No,No,66,Mes a mes,No,Domiciliación bancaria,DSL,No,Sí,No,93.62,5761.06,2,0
CU5598,Masculino,1,No,No,46,Un año,No,Tarjeta de crédito,DSL,No,No,Sí,85.01,3685.45,1,1
CU5599,Masculino,0,No,Sí,71,Un año,Sí,Tarjeta de crédito,DSL,No,No,No,79.45,5608.42,1,0
CU5600,Femenino,1,Sí,No,53,Mes a mes,No,Cheque electrónico,Fibra óptica,Sí,No,Sí,27.2,1428.98,1,0
CU5601,Masculino,0,Sí,Sí,70,Dos años,No,Tarjeta de crédito,Fibra óptica,No,No,Sí,63.33,4140.54,1,0
CU5602,Femenino,0,Sí,No,17,Mes a mes,Sí,Tarjeta de crédito,Sin internet,Sí,No,Sí,90.28,1500.32,0,0
CU5603,Femenino,0,No,Sí,33,Mes a mes,Sí,Cheque electrónico,DSL,No,Sí,No,49.5,1560.8,1,1
CU5604,Masculino,0,Sí,No,28,Dos años,Sí,Transferencia,Sin internet,No,No,Sí,18.0,518.3,2,0
CU5605,Femenino,0,Sí,Sí,45,Mes a mes,No,Tarjeta de crédito,DSL,No,No,No,46.04,1981.58,2,0
CU5606,Femenino,0,No,Sí,67,Mes a mes,No,Transferencia,DSL,Sí,Sí,Sí,38.45,2467.12,0,0
CU5607,Femenino,0,Sí,No,44,Mes a mes,Sí,Tarjeta de crédito,Sin internet,Sí,No,Sí,48.0,2161.97,2,0
CU5608,Masculino,0,Sí,No,43,Mes a mes,Sí,Transferencia,DSL,No,Sí,Sí,24.54,1017.5,0,0
CU5609,Femenino,0,Sí,No,56,Dos años,No,Tarjeta de crédito,DSL,Sí,No,Sí,86.68,4582.36,2,0
CU5610,Masculino,0,Sí,No,50,Dos años,Sí,Tarjeta de crédito,Fibra óptica,No,No,No,82.03,3999.45,1,0
CU5611,Masculino,0,Sí,No,10,Dos años,Sí,Transferencia,Fibra óptica,No,Sí,No,39.57,387.72,2,0
CU5612,Femenino,0,No,No,58,Mes a mes,No,Cheque electrónico,DSL,Sí,Sí,No,52.87,2918.49,0,0
CU5613,Masculino,0,Sí,Sí,41,Mes a mes,Sí,Domiciliación bancaria,Fibra óptica,No,Sí,No,40.55,1709.66,2,0
CU5614,Masculino,1,Sí,No,16,Mes a mes,Sí,Tarjeta de crédito,Fibra óptica,No,Sí,Sí,78.62,1224.91,0,1
CU5615,Masculino,1,Sí,No,14,Un año,Sí,Domiciliación bancaria,Fibra óptica,No,No,Sí,36.94,481.75,0,0
CU5616,Masculino,1,Sí,Sí,52,Mes a mes,No,Tarjeta de crédito,DSL,No,No,Sí,41.04,2205.11,1,0
CU5617,Masculino,0,Sí,No,57,Mes a mes,No,Cheque electrónico,DSL,No,No,Sí,67.8,3816.29,0,0
CU5618,Femenino,0,No,Sí,64,Mes a mes,No,Cheque electrónico,Fibra óptica,No,No,Sí,41.27,2443.15,2,1
CU5619,Masculino,0,Sí,No,19,Dos años,Sí,Tarjeta de crédito,Sin internet,Sí,Sí,No,111.95,2183.54,2,1
CU5620,Femenino,0,Sí,Sí,69,Dos años,Sí,Tarjeta de crédito,DSL,Sí,Sí,No,44.84,2876.8,0,0
CU5621,Masculino,0,Sí,No,17,Un año,No,Tarjeta de crédito,Fibra óptica,No,Sí,Sí,85.51,1491.88,1,1
CU5622,Masculino,0,No,Sí,7,Un año,Sí,Cheque electrónico,Fibra óptica,No,No,Sí,89.71,647.5,0,0
CU5623,Masculino,1,No,Sí,15,Dos años,Sí,Transferencia,Sin internet,Sí,No,Sí,25.7,396.56,1,0
CU5624,Masculino,0,No,No,15,Mes a mes,Sí,Transferencia,Fibra óptica,No,Sí,Sí,57.64,870.01,1,1
CU5625,Femenino,0,Sí,No,4,Mes a mes,Sí,Domiciliación bancaria,Fibra óptica,Sí,No,Sí,40.62,162.5,1,1
CU5626,Femenino,0,Sí,Sí,0,Mes a mes,No,Domiciliación bancaria,Fibra óptica,No,Sí,Sí,90.34,87.52,2,1
CU5627,Masculino,1,Sí,No,1,Mes a mes,Sí,Tarjeta de crédito,Fibra óptica,No,No,Sí,62.84,64.6,0,0
CU5628,Masculino,0,No,No,28,Un año,Sí,Transferencia,DSL,Sí,No,Sí,89.93,2341.48,3,0
CU5629,Masculino,0,Sí,No,5,Mes a mes,Sí,Cheque electrónico,DSL,No,No,No,110.69,547.95,0,1
CU5630,Femenino,0,Sí,Sí,21,Un año,Sí,Cheque electrónico,Fibra óptica,No,Sí,No,113.33,2276.7,1,0
CU5631,Femenino,0,No,No,33,Un año,Sí,Domiciliación bancaria,Fibra óptica,No,Sí,Sí,34.96,1070.45,2,0
CU5632,Femenino,0,No,No,42,Mes a mes,Sí,Tarjeta de crédito,Sin internet,No,No,Sí,31.98,1355.91,1,0
CU5633,Masculino,0,Sí,No,12,Mes a mes,Sí,Tarjeta de crédito,DSL,No,No,No,31.93,398.59,0,0
CU5634,Femenino,0,Sí,Sí,17,Dos años,Sí,Domiciliación bancaria,DSL,No,No,Sí,96.78,1527.56,1,0
CU5635,Masculino,0,No,No,58,Un año,Sí,Cheque electrónico,Fibra óptica,No,No,Sí,86.05,5011.09,3,1
CU5636,Masculino,0,Sí,No,51,Un año,No,Cheque electrónico,Sin internet,No,Sí,Sí,84.02,4467.44,4,0
CU5637,Masculino,0,Sí,No,29,Mes a mes,No,Tarjeta de crédito,DSL,Sí,Sí,No,80.37,2189.98,1,0
CU5638,Femenino,1,No,No,70,Un año,Sí,Tarjeta de crédito,Fibra óptica,No,No,Sí,53.53,3802.81,1,0
CU5639,Masculino,1,Sí,No,37,Mes a mes,No,Tarjeta de crédito,Sin internet,Sí,No,No,67.51,2528.97,0,0
CU5640,Masculino,0,No,No,7,Mes a mes,No,Tarjeta de crédito,Fibra óptica,Sí,No,Sí,74.4,544.28,0,1
CU5641,Masculino,0,Sí,No,7,Mes a mes,No,Cheque electrónico,Fibra óptica,Sí,Sí,Sí,68.16,458.59,0,1
CU5642,Femenino,0,No,No,15,Mes a mes,No,Cheque electrónico,Fibra óptica,No,Sí,Sí,46.88,717.6,0,0
CU5643,Femenino,1,No,No,21,Dos años,Sí,Cheque electrónico,Sin internet,Sí,No,No,110.07,2169.91,3,1
CU5644,Femenino,0,No,No,14,Un año,Sí,Tarjeta de crédito,Fibra óptica,No,No,No,31.39,427.04,0,0
CU5645,Femenino,0,No,No,54,Mes a mes,No,Tarjeta de crédito,DSL,No,Sí,No,53.28,2808.37,2,0
CU5646,Masculino,0,No,No,71,Un año,Sí,Tarjeta de crédito,DSL,No,No,Sí,105.92,7667.9,2,0
CU5647,Femenino,0,No,No,37,Mes a mes,No,Transferencia,Sin internet,No,No,No,91.02,3218.59,0,0
CU5648,Masculino,0,Sí,No,42,Mes a mes,No,Tarjeta de crédito,Fibra óptica,No,Sí,Sí,29.45,1145.66,2,1
CU5649,Masculino,0,Sí,No,65,Mes a mes,Sí,Cheque electrónico,Fibra óptica,Sí,No,Sí,18.0,1096.46,0,0
CU5650,Femenino,1,Sí,No,22,Mes a mes,Sí,Transferencia,DSL,Sí,Sí,No,36.16,803.98,3,1
CU5651,Femenino,0,No,Sí,42,Mes a mes,Sí,Tarjeta de crédito,Fibra óptica,No,Sí,No,68.34,2859.58,2,1
CU5652,Masculino,0,Sí,No,27,Dos años,No,Transferencia,Fibra óptica,No,Sí,No,66.71,1780.28,1,0
CU5653,Femenino,0,Sí,No,68,Un año,Sí,Tarjeta de crédito,Sin internet,No,Sí,Sí,64.07,4455.3,0,0
CU5654,Masculino,0,No,No,59,Dos años,Sí,Cheque electrónico,Fibra óptica,Sí,No,Sí,81.11,4740.57,1,0
CU5655,Masculino,0,Sí,No,44,Mes a mes,Sí,Tarjeta de crédito,Fibra óptica,No,Sí,No,65.75,2987.03,0,0
CU5656,Femenino,0,Sí,Sí,54,Mes a mes,Sí,Transferencia,Fibra óptica,No,Sí,Sí,91.7,4560.34,3,0
CU5657,Masculino,0,No,No,58,Un año,Sí,Transferencia,DSL,No,Sí,No,86.21,5020.69,1,0
CU5658,Femenino,0,No,Sí,30,Un año,Sí,Cheque electrónico,Fibra óptica,No,No,No,18.0,548.71,0,0
CU5659,Masculino,0,No,No,39,Un año,Sí,Cheque electrónico,Sin internet,No,No,No,67.47,2730.75,0,0
CU5660,Femenino,0,Sí,No,20,Un año,Sí,Transferencia,Fibra óptica,Sí,Sí,Sí,58.99,1193.27,1,0
CU5661,Femenino,0,Sí,No,11,Mes a mes,No,Domiciliación bancaria,Fibra óptica,No,Sí,Sí,72.67,807.74,2,0
CU5662,Femenino,0,Sí,No,69,Un año,Sí,Cheque electrónico,Sin internet,No,Sí,Sí,58.25,4118.68,0,0
CU5663,Masculino,0,No,Sí,10,Dos años,Sí,Transferencia,Fibra óptica,No,No,No,19.88,184.55,0,0
CU5664,Femenino,0,No,No,61,Un año,No,Domiciliación bancaria,DSL,No,No,No,77.83,4966.02,2,0
CU5665,Femenino,0,Sí,No,41,Dos años,Sí,Domiciliación bancaria,Sin internet,No,Sí,No,84.46,3573.51,1,0
CU5666,Masculino,1,No,No,0,Mes a mes,Sí,Cheque electrónico,Fibra óptica,No,Sí,Sí,18.0,17.76,1,0
CU5667,Masculino,0,Sí,Sí,57,Mes a mes,Sí,Tarjeta de crédito,DSL,No,No,No,113.37,6605.88,1,0
CU5668,Femenino,0,No,No,37,Dos años,No,Domiciliación bancaria,DSL,Sí,Sí,Sí,91.3,3414.31,1,0
CU5669,Masculino,0,Sí,No,13,Un año,Sí,Domiciliación bancaria,DSL,No,Sí,No,39.83,534.77,1,0
CU5670,Femenino,0,Sí,No,3,Mes a mes,Sí,Transferencia,Fibra óptica,Sí,Sí,Sí,34.24,98.41,1,1
CU5671,Masculino,0,Sí,No,54,Mes a mes,No,Transferencia,Fibra óptica,No,No,Sí,70.66,3908.35,1,1
CU5672,Masculino,0,No,No,39,Mes a mes,No,Tarjeta de crédito,DSL,No,No,No,68.62,2567.65,1,0
CU5673,Femenino,0,No,No,33,Mes a mes,No,Cheque electrónico,Fibra óptica,No,Sí,No,82.36,2599.54,0,0
CU5674,Femenino,1,No,No,68,Mes a mes,Sí,Transferencia,Fibra óptica,No,No,Sí,78.76,5165.53,1,0
CU5675,Masculino,0,No,No,68,Dos años,Sí,Transferencia,Fibra óptica,No,No,Sí,81.42,5166.65,2,0
CU5676,Masculino,0,Sí,No,1,Mes a mes,Sí,Cheque electrónico,DSL,No,No,No,33.9,32.67,0,0
CU5677,Femenino,0,No,No,19,Mes a mes,Sí,Cheque electrónico,Sin internet,No,No,No,61.07,1159.13,1,0
CU5678,Masculino,0,No,No,22,Mes a mes,Sí,Cheque electrónico,DSL,No,Sí,No,74.61,1595.31,1,1
CU5679,Femenino,0,No,No,30,Mes a mes,No,Tarjeta de crédito,DSL,Sí,No,No,58.37,1730.8,0,0
CU5680,Femenino,0,Sí,No,36,Mes a mes,Sí,Domiciliación bancaria,Fibra óptica,No,No,No,83.11,3014.13,0,0
CU5681,Femenino,0,No,No,52,Mes a mes,Sí,Tarjeta de crédito,Fibra óptica,No,No,Sí,95.16,5053.31,0,0
CU5682,Masculino,1,Sí,Sí,18,Dos años,Sí,Cheque electrónico,Fibra óptica,No,Sí,Sí,41.79,756.17,1,0
CU5683,Femenino,0,No,No,23,Mes a mes,No,Transferencia,DSL,No,No,Sí,64.02,1480.04,1,0
CU5684,Femenino,0,Sí,No,8,Dos años,Sí,Domiciliación bancaria,DSL,No,No,Sí,50.19,373.01,1,0
CU5685,Femenino,0,Sí,No,1,Mes a mes,No,Transferencia,Fibra óptica,No,No,No,53.12,48.89,0,1
CU5686,Femenino,0,No,No,19,Dos años,Sí,Transferencia,DSL,Sí,No,Sí,19.0,349.82,2,0
CU5687,Masculino,0,No,Sí,46,Un año,Sí,Transferencia,DSL,No,Sí,No,76.57,3397.75,2,0
CU5688,Masculino,0,No,No,28,Dos años,No,Tarjeta de crédito,DSL,Sí,No,No,130.0,3735.74,0,1
CU5689,Masculino,0,Sí,Sí,17,Dos años,No,Tarjeta de crédito,Sin internet,Sí,No,No,76.7,1228.24,0,0
CU5690,Masculino,0,Sí,No,22,Mes a mes,Sí,Cheque electrónico,Fibra óptica,No,Sí,No,129.09,2921.88,0,0
CU5691,Femenino,0,Sí,No,70,Mes a mes,Sí,Tarjeta de crédito,DSL,Sí,No,Sí,101.15,6702.98,2,0
CU5692,Femenino,0,No,Sí,72,Mes a mes,Sí,Tarjeta de crédito,Fibra óptica,No,No,Sí,43.93,3089.03,2,0
CU5693,Femenino,0,No,No,42,Mes a mes,Sí,Cheque electrónico,Fibra óptica,No,Sí,Sí,76.88,3170.2,0,0
CU5694,Masculino,0,No,Sí,70,Mes a mes,Sí,Tarjeta de crédito,Fibra óptica,Sí,No,No,86.99,6346.92,1,0
CU5695,Masculino,0,No,No,70,Mes a mes,Sí,Transferencia,Fibra óptica,Sí,No,No,85.53,5574.91,0,0
CU5696,Femenino,0,Sí,No,46,Mes a mes,Sí,Tarjeta de crédito,Fibra óptica,No,Sí,Sí,44.81,2128.81,2,0
CU5697,Masculino,1,Sí,Sí,57,Mes a mes,No,Domiciliación bancaria,Sin internet,Sí,Sí,Sí,70.9,3901.75,2,0
CU5698,Femenino,0,Sí,No,3,Dos años,Sí,Cheque electrónico,DSL,No,No,No,111.82,316.59,0,1
CU5699,Femenino,0,Sí,No,14,Un año,Sí,Cheque electrónico,DSL,No,No,Sí,21.48,313.37,1,0
CU5700,Masculino,0,Sí,No,5,Dos años,No,Transferencia,DSL,No,Sí,Sí,93.95,465.85,0,0
CU5701,Femenino,1,No,No,54,Mes a mes,No,Tarjeta de crédito,Sin internet,Sí,No,Sí,98.08,5386.89,0,0
CU5702,Femenino,0,Sí,No,51,Dos años,Sí,Transferencia,Fibra óptica,No,No,No,18.0,931.88,0,0
CU5703,Masculino,0,No,Sí,34,Mes a mes,No,Transferencia,Fibra óptica,Sí,No,No,47.41,1496.84,1,0
CU5704,Masculino,0,Sí,No,48,Mes a mes,Sí,Transferencia,DSL,Sí,No,No,57.26,2799.75,0,0
CU5705,Femenino,0,Sí,No,65,Mes a mes,Sí,Cheque electrónico,Sin internet,No,No,Sí,89.53,5739.23,2,0
CU5706,Femenino,1,No,Sí,13,Mes a mes,Sí,Tarjeta de crédito,Fibra óptica,No,Sí,Sí,65.21,880.22,0,0
CU5707,Femenino,1,No,Sí,52,Mes a mes,No,Tarjeta de crédito,DSL,No,No,Sí,49.57,2390.75,0,0
CU5708,Masculino,0,No,No,64,Dos años,No,Domiciliación bancaria,Fibra óptica,No,No,No,67.22,4002.02,1,0
CU5709,Femenino,0,No,Sí,54,Un año,Sí,Transferencia,Sin internet,No,Sí,Sí,77.15,3902.45,0,0
CU5710,Masculino,0,No,No,52,Mes a mes,Sí,Cheque electrónico,DSL,No,No,Sí,60.49,3100.13,4,0
CU5711,Masculino,0,Sí,Sí,52,Mes a mes,Sí,Tarjeta de crédito,Sin internet,No,No,No,110.52,5438.57,1,0
CU5712,Femenino,0,Sí,No,14,Un año,No,Tarjeta de crédito,Fibra óptica,Sí,No,Sí,65.95,894.47,0,0
CU5713,Femenino,0,Sí,No,15,Mes a mes,Sí,Domiciliación bancaria,Fibra óptica,Sí,Sí,No,85.75,1302.11,1,1
CU5714,Masculino,0,Sí,No,66,Dos años,No,Domiciliación bancaria,DSL,Sí,No,Sí,35.39,2175.69,0,0
CU5715,Masculino,0,No,Sí,18,Mes a mes,Sí,Domiciliación bancaria,DSL,No,Sí,Sí,75.17,1264.92,3,0
CU5716,Masculino,0,Sí,Sí,53,Mes a mes,Sí,Transferencia,Fibra óptica,Sí,No,No,50.81,2509.53,0,0
CU5717,Masculino,0,Sí,No,32,Mes a mes,No,Cheque electrónico,Fibra óptica,No,No,No,50.85,1598.59,0,0
CU5718,Masculino,0,Sí,No,66,Un año,No,Tarjeta de crédito,Fibra óptica,No,No,No,108.16,6793.9,1,0
CU5719,Masculino,1,No,No,20,Un año,Sí,Transferencia,DSL,No,No,Sí,46.56,948.22,1,0
CU5720,Masculino,0,No,No,65,Un año,Sí,Transferencia,Fibra óptica,No,Sí,No,50.62,3076.9,0,0
CU5721,Femenino,0,No,Sí,64,Mes a mes,No,Domiciliación bancaria,Fibra óptica,No,No,Sí,18.0,1154.74,2,0
CU5722,Femenino,0,Sí,Sí,0,Mes a mes,Sí,Tarjeta de crédito,DSL,No,No,No,40.22,41.23,1,1
CU5723,Femenino,0,Sí,No,46,Mes a mes,Sí,Transferencia,DSL,No,No,No,18.0,853.9,0,0
CU5724,Masculino,0,Sí,Sí,39,Dos años,Sí,Domiciliación bancaria,DSL,No,No,No,98.0,3560.36,0,0
CU5725,Masculino,0,No,No,34,Mes a mes,Sí,Tarjeta de crédito,DSL,No,Sí,Sí,75.3,2460.32,1,0
CU5726,Masculino,0,No,Sí,7,Mes a mes,Sí,Tarjeta de crédito,Fibra óptica,Sí,Sí,No,87.57,616.14,1,1
CU5727,Masculino,0,No,No,48,Mes a mes,Sí,Domiciliación bancaria,DSL,No,Sí,Sí,78.01,3508.27,3,0
CU5728,Femenino,0,No,No,24,Mes a mes,No,Domiciliación bancaria,Sin internet,No,No,Sí,38.14,951.64,1,0
CU5729,Masculino,0,No,Sí,38,Un año,Sí,Domiciliación bancaria,Fibra óptica,Sí,No,No,87.87,3416.34,1,0
CU5730,Masculino,0,Sí,No,21,Mes a mes,Sí,Domiciliación bancaria,Fibra óptica,No,No,Sí,59.6,1268.15,1,1
CU5731,Masculino,0,No,Sí,61,Mes a mes,Sí,Cheque electrónico,Fibra óptica,No,Sí,No,81.25,4677.28,2,0
CU5732,Masculino,0,Sí,No,37,Mes a mes,Sí,Tarjeta de crédito,DSL,No,Sí,No,18.0,677.6,3,0
CU5733,Masculino,0,Sí,No,32,Mes a mes,Sí,Cheque electrónico,Sin internet,Sí,No,Sí,31.57,1033.64,0,0
CU5734,Masculino,0,Sí,No,61,Mes a mes,Sí,Tarjeta de crédito,DSL,No,Sí,No,45.26,2874.92,1,0
CU5735,Femenino,0,No,Sí,6,Mes a mes,Sí,Tarjeta de crédito,DSL,No,Sí,No,73.57,410.05,0,0
CU5736,Femenino,0,No,Sí,10,Un año,No,Cheque electrónico,DSL,No,Sí,Sí,20.9,217.27,2,0
CU5737,Masculino,1,Sí,No,13,Mes a mes,Sí,Cheque electrónico,DSL,No,Sí,No,128.67,1678.08,0,0
CU5738,Masculino,0,Sí,No,34,Mes a mes,No,Cheque electrónico,DSL,Sí,No,No,100.36,3431.79,1,1
CU5739,Femenino,0,Sí,No,8,Mes a mes,Sí,Domiciliación bancaria,Fibra óptica,No,Sí,Sí,101.44,750.83,1,0
CU5740,Masculino,1,No,No,62,Mes a mes,Sí,Domiciliación bancaria,DSL,No,Sí,No,105.24,6737.06,0,0
CU5741,Femenino,0,No,No,48,Mes a mes,Sí,Domiciliación bancaria,DSL,No,Sí,Sí,80.26,3671.94,4,1
CU5742,Femenino,0,Sí,No,34,Mes a mes,Sí,Transferencia,Sin internet,No,No,No,33.41,1109.39,3,1
CU5743,Masculino,0,Sí,No,25,Mes a mes,Sí,Domiciliación bancaria,Fibra óptica,No,No,No,77.84,1862.63,2,1
CU5744,Femenino,0,Sí,Sí,19,Un año,No,Transferencia,Fibra óptica,No,No,Sí,51.22,917.88,0,1
CU5745,Femenino,0,Sí,Sí,71,Mes a mes,No,Cheque electrónico,Fibra óptica,Sí,No,No,58.51,3859.89,1,0
CU5746,Femenino,0,Sí,No,40,Mes a mes,No,Cheque electrónico,Fibra óptica,Sí,No,No,88.95,3679.79,0,0
CU5747,Masculino,1,No,No,31,Un año,No,Domiciliación bancaria,Sin internet,No,Sí,No,49.23,1514.61,2,0
CU5748,Masculino,0,No,No,1,Dos años,Sí,Transferencia,DSL,No,No,No,47.76,44.64,1,1
CU5749,Femenino,1,No,Sí,16,Un año,No,Domiciliación bancaria,DSL,Sí,Sí,Sí,91.91,1532.26,1,0
CU5750,Femenino,1,Sí,No,33,Mes a mes,Sí,Tarjeta de crédito,DSL,Sí,Sí,No,42.07,1435.75,1,0
CU5751,Masculino,0,No,No,32,Dos años,Sí,Transferencia,Fibra óptica,No,No,No,56.34,1864.82,1,0
CU5752,Masculino,0,No,No,38,Mes a mes,Sí,Domiciliación bancaria,Fibra óptica,Sí,Sí,No,62.64,2379.61,0,0
CU5753,Femenino,0,No,No,7,Un año,Sí,Tarjeta de crédito,Fibra óptica,Sí,Sí,No,81.26,554.56,2,1
CU5754,Femenino,0,No,No,16,Un año,No,Domiciliación bancaria,Sin internet,No,Sí,Sí,85.48,1292.73,0,0
CU5755,Femenino,0,Sí,No,29,Mes a mes,Sí,Tarjeta de crédito,Fibra óptica,Sí,No,No,46.4,1404.43,0,0
CU5756,Masculino,1,No,Sí,18,Mes a mes,Sí,Cheque electrónico,Fibra óptica,Sí,No,Sí,18.15,306.43,1,1
CU5757,Masculino,0,Sí,Sí,9,Mes a mes,Sí,Tarjeta de crédito,Sin internet,No,No,No,100.83,874.03,3,0
CU5758,Masculino,0,No,Sí,7,Mes a mes,No,Tarjeta de crédito,Sin internet,Sí,No,Sí,18.0,124.55,1,0
CU5759,Masculino,1,Sí,No,63,Mes a mes,No,Cheque electrónico,DSL,No,Sí,Sí,76.38,4826.47,1,0
CU5760,Femenino,0,Sí,No,65,Un año,Sí,Tarjeta de crédito,Fibra óptica,Sí,No,No,63.68,4132.02,0,0
CU5761,Femenino,0,Sí,No,60,Mes a mes,Sí,Tarjeta de crédito,Fibra óptica,No,No,Sí,72.33,4126.7,0,0
CU5762,Masculino,0,Sí,Sí,3,Un año,Sí,Transferencia,Fibra óptica,Sí,Sí,Sí,73.64,230.37,2,0
CU5763,Femenino,0,No,Sí,51,Un año,No,Cheque electrónico,Sin internet,No,Sí,No,58.34,2771.31,2,0
CU5764,Femenino,0,Sí,No,65,Un año,Sí,Domiciliación bancaria,Sin internet,No,Sí,No,62.66,3911.92,1,0
CU5765,Femenino,0,No,No,9,Dos años,No,Tarjeta de crédito,DSL,No,No,Sí,74.33,651.8,1,0
CU5766,Masculino,0,Sí,No,70,Mes a mes,No,Domiciliación bancaria,Sin internet,Sí,No,Sí,72.47,4992.8,0,0
CU5767,Masculino,0,No,No,51,Mes a mes,Sí,Transferencia,DSL,No,No,Sí,18.0,947.33,0,0
CU5768,Masculino,0,No,Sí,41,Mes a mes,Sí,Tarjeta de crédito,Fibra óptica,Sí,No,No,63.07,2711.59,0,0
CU5769,Masculino,0,Sí,No,10,Un año,Sí,Transferencia,DSL,No,No,No,87.4,868.39,2,1
CU5770,Masculino,0,No,No,65,Mes a mes,Sí,Tarjeta de crédito,Sin internet,Sí,No,Sí,44.78,2886.68,1,0
CU5771,Femenino,0,Sí,No,70,Mes a mes,No,Tarjeta de crédito,Sin internet,Sí,No,Sí,77.95,5020.57,0,0
CU5772,Masculino,0,No,No,38,Mes a mes,Sí,Domiciliación bancaria,Fibra óptica,No,Sí,No,93.59,3407.75,1,0
CU5773,Femenino,0,No,Sí,39,Mes a mes,No,Transferencia,Sin internet,Sí,Sí,No,67.62,2649.84,2,0
CU5774,Masculino,0,Sí,No,2,Mes a mes,Sí,Transferencia,Fibra óptica,Sí,Sí,No,68.47,129.38,2,1
CU5775,Masculino,0,No,No,5,Mes a mes,No,Cheque electrónico,DSL,Sí,Sí,Sí,27.01,135.36,1,1
CU5776,Femenino,0,Sí,Sí,18,Mes a mes,Sí,Tarjeta de crédito,DSL,No,Sí,Sí,62.39,1112.76,0,0
CU5777,Femenino,0,No,No,5,Mes a mes,Sí,Cheque electrónico,Fibra óptica,No,Sí,Sí,78.94,389.09,0,0
CU5778,Femenino,1,No,No,70,Mes a mes,No,Domiciliación bancaria,DSL,No,No,No,52.77,3655.04,2,0
CU5779,Femenino,0,No,No,30,Mes a mes,No,Tarjeta de crédito,DSL,No,Sí,No,54.19,1542.49,1,0
CU5780,Masculino,0,No,No,59,Un año,Sí,Tarjeta de crédito,Sin internet,Sí,Sí,No,79.53,4598.82,1,0
CU5781,Masculino,0,Sí,No,24,Dos años,Sí,Transferencia,Sin internet,Sí,No,No,74.96,1818.43,1,1
CU5782,Masculino,0,Sí,Sí,71,Mes a mes,No,Domiciliación bancaria,Fibra óptica,Sí,Sí,Sí,78.05,5372.16,1,0
CU5783,Femenino,0,No,No,41,Dos años,Sí,Tarjeta de crédito,Fibra óptica,No,No,Sí,21.05,814.96,2,0
CU5784,Masculino,0,No,No,31,Mes a mes,Sí,Domiciliación bancaria,Fibra óptica,No,Sí,No,76.84,2361.22,2,0
CU5785,Femenino,0,No,No,1,Mes a mes,Sí,Domiciliación bancaria,Fibra óptica,No,Sí,No,20.15,20.08,0,0
CU5786,Masculino,0,No,No,16,Un año,No,Transferencia,DSL,Sí,Sí,No,57.47,951.01,0,0
CU5787,Femenino,0,Sí,Sí,20,Mes a mes,Sí,Transferencia,DSL,No,Sí,Sí,119.29,2465.39,0,0
CU5788,Masculino,0,Sí,No,19,Mes a mes,Sí,Domiciliación bancaria,Fibra óptica,No,No,Sí,80.87,1600.52,1,1
CU5789,Femenino,0,No,No,21,Un año,No,Tarjeta de crédito,Fibra óptica,Sí,No,Sí,74.15,1621.4,0,0
CU5790,Masculino,0,Sí,No,60,Un año,No,Cheque electrónico,DSL,Sí,No,Sí,41.57,2475.5,0,0
CU5791,Femenino,0,No,No,51,Mes a mes,Sí,Cheque electrónico,Sin internet,No,No,No,108.19,5753.76,2,1
CU5792,Masculino,1,No,No,14,Mes a mes,Sí,Cheque electrónico,DSL,No,No,No,73.7,952.08,3,0
CU5793,Femenino,0,Sí,No,35,Un año,No,Tarjeta de crédito,Fibra óptica,No,No,Sí,18.0,656.0,0,0
CU5794,Masculino,0,No,No,44,Un año,No,Tarjeta de crédito,DSL,No,Sí,No,45.97,1997.06,2,0
CU5795,Femenino,0,Sí,No,60,Un año,Sí,Domiciliación bancaria,Sin internet,Sí,No,No,72.66,4142.83,1,0
CU5796,Femenino,0,Sí,No,65,Dos años,Sí,Transferencia,Sin internet,No,Sí,No,58.69,3884.31,0,0
CU5797,Femenino,0,No,No,27,Dos años,Sí,Transferencia,Sin internet,No,No,No,95.32,2398.79,0,0
CU5798,Femenino,0,No,No,59,Mes a mes,No,Cheque electrónico,Sin internet,No,No,No,33.39,1966.65,0,0
CU5799,Femenino,0,No,No,14,Mes a mes,Sí,Cheque electrónico,DSL,No,No,No,69.87,930.77,1,0
CU5800,Femenino,0,No,No,30,Dos años,Sí,Tarjeta de crédito,Sin internet,No,Sí,No,47.41,1418.86,0,0
CU5801,Masculino,0,No,No,22,Mes a mes,Sí,Transferencia,Sin internet,No,No,No,69.41,1450.13,1,1
CU5802,Femenino,0,No,No,28,Mes a mes,No,Cheque electrónico,DSL,No,Sí,No,49.6,1302.42,1,0
CU5803,Masculino,0,Sí,Sí,12,Mes a mes,Sí,Tarjeta de crédito,Fibra óptica,Sí,Sí,Sí,66.66,742.63,2,0
CU5804,Masculino,0,Sí,No,43,Un año,Sí,Transferencia,Fibra óptica,Sí,No,Sí,107.27,4503.5,3,0
CU5805,Masculino,0,Sí,No,61,Mes a mes,No,Domiciliación bancaria,DSL,No,No,Sí,20.76,1234.45,2,0
CU5806,Masculino,0,No,No,31,Mes a mes,Sí,Transferencia,DSL,No,Sí,No,122.65,3622.29,1,1
CU5807,Femenino,0,Sí,No,22,Mes a mes,Sí,Transferencia,Fibra óptica,No,Sí,No,130.0,2845.21,2,1
CU5808,Femenino,0,No,Sí,20,Un año,Sí,Tarjeta de crédito,Fibra óptica,No,No,No,50.93,939.08,0,0
CU5809,Masculino,0,No,No,36,Mes a mes,Sí,Transferencia,Fibra óptica,No,No,No,104.16,3685.12,2,0
CU5810,Femenino,0,No,No,8,Un año,No,Cheque electrónico,Sin internet,No,No,No,90.11,678.28,1,0
CU5811,Masculino,0,No,Sí,16,Un año,No,Transferencia,Fibra óptica,Sí,Sí,No,86.55,1338.81,0,1
CU5812,Masculino,0,No,Sí,22,Mes a mes,No,Domiciliación bancaria,Sin internet,Sí,Sí,Sí,43.68,908.99,1,0
CU5813,Masculino,0,No,No,43,Mes a mes,No,Transferencia,DSL,No,No,No,38.53,1668.7,1,0
CU5814,Femenino,0,Sí,No,10,Mes a mes,No,Cheque electrónico,Fibra óptica,Sí,Sí,No,51.62,535.2,0,0
CU5815,Femenino,0,No,No,66,Un año,No,Cheque electrónico,Fibra óptica,No,No,Sí,53.08,3359.12,1,0
CU5816,Masculino,1,Sí,No,4,Mes a mes,Sí,Tarjeta de crédito,Sin internet,No,Sí,No,30.57,119.72,1,0
CU5817,Femenino,0,No,No,57,Mes a mes,No,Cheque electrónico,DSL,Sí,Sí,Sí,42.95,2259.62,0,0
CU5818,Masculino,0,Sí,No,65,Mes a mes,Sí,Cheque electrónico,Sin internet,No,No,No,93.19,5850.16,2,0
CU5819,Masculino,0,Sí,No,70,Mes a mes,Sí,Domiciliación bancaria,Sin internet,No,Sí,No,108.25,7741.81,2,0
CU5820,Femenino,0,No,No,48,Dos años,Sí,Cheque electrónico,Sin internet,No,No,No,39.58,1888.41,3,0
CU5821,Masculino,0,No,No,61,Mes a mes,No,Transferencia,DSL,Sí,Sí,No,130.0,7636.82,2,0
CU5822,Femenino,0,No,Sí,70,Mes a mes,Sí,Cheque electrónico,Fibra óptica,No,No,No,24.81,1622.26,1,0
CU5823,Femenino,0,Sí,Sí,21,Mes a mes,Sí,Transferencia,DSL,No,No,No,31.82,643.4,2,0
CU5824,Femenino,0,No,Sí,54,Dos años,Sí,Tarjeta de crédito,DSL,Sí,Sí,Sí,18.0,896.43,1,0
CU5825,Masculino,0,Sí,Sí,7,Mes a mes,No,Tarjeta de crédito,Fibra óptica,No,No,No,18.0,128.92,0,1
CU5826,Femenino,0,No,No,53,Mes a mes,No,Transferencia,DSL,No,No,Sí,96.95,5335.87,0,0
CU5827,Femenino,0,Sí,No,52,Mes a mes,Sí,Transferencia,Fibra óptica,No,Sí,No,51.53,2744.75,2,1
CU5828,Femenino,0,No,Sí,34,Dos años,No,Tarjeta de crédito,DSL,No,No,Sí,63.68,2156.88,1,0
CU5829,Femenino,0,Sí,Sí,10,Dos años,Sí,Transferencia,DSL,No,No,No,54.8,533.78,2,1
CU5830,Femenino,1,Sí,No,45,Dos años,Sí,Tarjeta de crédito,DSL,No,Sí,Sí,27.37,1265.45,1,0
CU5831,Femenino,1,No,Sí,7,Mes a mes,Sí,Domiciliación bancaria,Fibra óptica,Sí,Sí,Sí,18.0,117.1,1,1
CU5832,Masculino,0,No,Sí,6,Un año,Sí,Domiciliación bancaria,Fibra óptica,No,No,Sí,18.0,109.11,1,0
CU5833,Femenino,0,Sí,Sí,40,Mes a mes,No,Domiciliación bancaria,DSL,Sí,Sí,Sí,54.51,2191.37,2,0
CU5834,Masculino,0,Sí,Sí,48,Mes a mes,Sí,Domiciliación bancaria,Fibra óptica,Sí,Sí,No,73.86,3386.73,1,0
CU5835,Masculino,0,No,Sí,28,Dos años,Sí,Domiciliación bancaria,Sin internet,No,Sí,No,35.04,902.96,1,0
CU5836,Masculino,0,Sí,No,46,Dos años,No,Cheque electrónico,Sin internet,Sí,No,Sí,18.0,824.89,1,0
CU5837,Masculino,1,No,No,47,Mes a mes,Sí,Transferencia,Sin internet,No,No,Sí,86.96,4059.77,1,0
CU5838,Masculino,0,No,No,35,Mes a mes,No,Domiciliación bancaria,DSL,Sí,No,No,90.72,2990.31,0,1
CU5839,Femenino,0,No,No,43,Mes a mes,Sí,Tarjeta de crédito,Sin internet,No,No,No,21.28,855.95,1,0
CU5840,Femenino,0,No,Sí,47,Dos años,Sí,Domiciliación bancaria,Fibra óptica,No,Sí,No,26.96,1197.53,0,0
CU5841,Masculino,1,Sí,Sí,47,Dos años,Sí,Tarjeta de crédito,DSL,No,No,No,82.32,3738.95,2,0
CU5842,Masculino,0,No,No,58,Un año,Sí,Tarjeta de crédito,Sin internet,No,Sí,No,18.0,1023.94,1,0
CU5843,Masculino,0,Sí,No,45,Mes a mes,Sí,Tarjeta de crédito,Fibra óptica,Sí,No,No,21.95,968.69,3,0
CU5844,Femenino,0,No,No,30,Un año,No,Domiciliación bancaria,DSL,No,Sí,No,101.4,3127.23,1,0
CU5845,Masculino,1,No,No,14,Mes a mes,No,Domiciliación bancaria,DSL,No,No,No,45.68,631.88,1,0
CU5846,Masculino,0,Sí,No,23,Un año,Sí,Tarjeta de crédito,Fibra óptica,Sí,Sí,No,61.68,1339.98,0,0
CU5847,Masculino,1,Sí,No,34,Un año,Sí,Domiciliación bancaria,Fibra óptica,Sí,No,No,27.46,947.78,0,0
CU5848,Femenino,0,Sí,No,21,Mes a mes,No,Tarjeta de crédito,Fibra óptica,No,No,No,92.71,1888.6,0,1
CU5849,Masculino,1,Sí,Sí,0,Mes a mes,Sí,Transferencia,DSL,No,Sí,Sí,58.21,59.15,0,0
CU5850,Femenino,0,No,No,63,Mes a mes,Sí,Domiciliación bancaria,DSL,Sí,Sí,No,88.95,5514.43,2,0
CU5851,Masculino,1,No,No,51,Mes a mes,No,Transferencia,Sin internet,Sí,Sí,No,45.61,2432.16,1,0
CU5852,Femenino,0,No,No,70,Mes a mes,No,Transferencia,DSL,No,No,No,28.23,1859.62,1,0
CU5853,Masculino,0,No,No,64,Un año,Sí,Tarjeta de crédito,DSL,Sí,Sí,No,56.91,3489.72,1,0
CU5854,Masculino,0,No,No,58,Mes a mes,Sí,Domiciliación bancaria,Fibra óptica,Sí,No,No,36.49,2117.4,0,0
CU5855,Femenino,0,No,Sí,69,Un año,Sí,Tarjeta de crédito,Fibra óptica,No,Sí,Sí,45.6,3156.04,2,0
CU5856,Masculino,0,No,Sí,50,Dos años,No,Domiciliación bancaria,Fibra óptica,No,No,Sí,36.29,1789.33,1,0
CU5857,Femenino,0,Sí,No,71,Mes a mes,No,Tarjeta de crédito,Fibra óptica,No,Sí,Sí,24.52,1693.63,1,0
CU5858,Masculino,0,No,No,61,Un año,No,Transferencia,Sin internet,No,Sí,Sí,81.84,5162.37,1,0
CU5859,Masculino,0,No,Sí,40,Dos años,Sí,Cheque electrónico,Fibra óptica,Sí,No,Sí,73.37,3044.85,0,0
CU5860,Femenino,0,Sí,No,55,Mes a mes,Sí,Domiciliación bancaria,DSL,No,No,No,31.91,1830.66,1,0
CU5861,Masculino,0,Sí,Sí,39,Mes a mes,Sí,Tarjeta de crédito,Sin internet,No,No,No,110.0,4302.11,3,1
CU5862,Masculino,0,Sí,No,21,Mes a mes,Sí,Tarjeta de crédito,Fibra óptica,Sí,No,Sí,39.3,857.28,0,0
CU5863,Masculino,0,Sí,No,9,Un año,Sí,Cheque electrónico,Fibra óptica,No,No,No,83.63,707.29,2,1
CU5864,Femenino,0,Sí,No,19,Un año,No,Tarjeta de crédito,Fibra óptica,No,Sí,No,18.0,345.66,1,0
CU5865,Femenino,0,Sí,No,57,Un año,Sí,Cheque electrónico,DSL,No,Sí,Sí,51.84,3083.47,1,0
CU5866,Masculino,0,No,No,63,Un año,Sí,Domiciliación bancaria,Fibra óptica,Sí,No,Sí,18.0,1087.5,0,0
CU5867,Femenino,0,Sí,Sí,72,Mes a mes,No,Domiciliación bancaria,Fibra óptica,Sí,No,Sí,35.73,2520.34,2,0
CU5868,Masculino,0,Sí,No,62,Mes a mes,Sí,Domiciliación bancaria,DSL,Sí,Sí,Sí,71.55,4492.78,3,0
CU5869,Masculino,0,Sí,No,8,Mes a mes,No,Transferencia,Fibra óptica,No,Sí,Sí,68.31,534.69,1,0
CU5870,Femenino,0,Sí,Sí,20,Dos años,Sí,Cheque electrónico,Fibra óptica,No,Sí,Sí,38.59,734.57,1,0
CU5871,Femenino,0,Sí,No,46,Mes a mes,No,Cheque electrónico,DSL,No,No,No,61.3,2697.21,2,0
CU5872,Masculino,1,No,No,19,Mes a mes,Sí,Cheque electrónico,Fibra óptica,No,Sí,No,68.59,1359.31,2,0
CU5873,Femenino,0,No,No,17,Un año,Sí,Tarjeta de crédito,DSL,Sí,Sí,No,42.19,732.56,1,0
CU5874,Masculino,1,No,Sí,70,Un año,Sí,Tarjeta de crédito,Fibra óptica,No,No,Sí,79.01,5550.75,0,0
CU5875,Masculino,0,No,No,58,Mes a mes,Sí,Cheque electrónico,Sin internet,No,No,Sí,63.94,3881.27,2,0
CU5876,Femenino,0,Sí,Sí,42,Mes a mes,Sí,Transferencia,Fibra óptica,No,No,Sí,44.91,1793.37,0,1
CU5877,Masculino,0,No,No,7,Dos años,No,Transferencia,DSL,No,Sí,Sí,111.27,795.84,0,0
CU5878,Masculino,0,Sí,No,55,Mes a mes,Sí,Tarjeta de crédito,Sin internet,No,No,No,48.91,2601.64,0,0
CU5879,Masculino,1,Sí,No,41,Dos años,No,Transferencia,Fibra óptica,No,No,Sí,30.05,1258.04,1,0
CU5880,Femenino,0,No,Sí,2,Dos años,Sí,Domiciliación bancaria,Fibra óptica,Sí,No,Sí,87.71,165.51,0,0
CU5881,Masculino,0,Sí,No,52,Mes a mes,No,Transferencia,DSL,No,Sí,No,77.6,4083.25,1,0
CU5882,Masculino,0,No,No,37,Un año,No,Tarjeta de crédito,DSL,No,Sí,No,18.0,663.61,0,0
CU5883,Masculino,1,No,No,45,Dos años,Sí,Transferencia,Sin internet,No,No,No,18.0,781.96,0,0
CU5884,Femenino,0,Sí,No,29,Mes a mes,No,Tarjeta de crédito,Sin internet,No,No,No,73.44,2179.43,0,1
CU5885,Femenino,0,No,No,38,Mes a mes,Sí,Domiciliación bancaria,Fibra óptica,No,Sí,Sí,40.32,1569.22,0,0
CU5886,Femenino,0,No,No,19,Mes a mes,Sí,Tarjeta de crédito,Fibra óptica,No,No,No,68.58,1336.02,0,0
CU5887,Masculino,1,No,No,24,Un año,No,Tarjeta de crédito,Fibra óptica,Sí,No,Sí,48.94,1220.06,1,1
CU5888,Masculino,0,No,No,23,Un año,No,Transferencia,Fibra óptica,No,No,No,74.9,1789.73,0,0
CU5889,Femenino,0,Sí,No,13,Mes a mes,Sí,Cheque electrónico,Fibra óptica,Sí,No,Sí,81.25,1057.95,1,0
CU5890,Femenino,0,No,No,62,Un año,Sí,Transferencia,Fibra óptica,Sí,No,Sí,18.0,1100.94,1,0
CU5891,Masculino,1,No,No,21,Un año,No,Tarjeta de crédito,Sin internet,Sí,No,No,31.89,621.22,0,0
CU5892,Masculino,0,No,No,1,Mes a mes,Sí,Cheque electrónico,DSL,Sí,Sí,No,104.78,108.9,2,1
CU5893,Femenino,0,Sí,Sí,31,Mes a mes,No,Cheque electrónico,Fibra óptica,No,Sí,No,72.43,2346.6,0,0
CU5894,Masculino,1,Sí,Sí,50,Mes a mes,Sí,Tarjeta de crédito,Fibra óptica,No,No,No,79.58,3730.12,3,0
CU5895,Femenino,0,Sí,Sí,52,Mes a mes,Sí,Domiciliación bancaria,Fibra óptica,Sí,Sí,No,125.14,6213.49,1,0
CU5896,Masculino,0,Sí,No,37,Un año,Sí,Transferencia,Fibra óptica,Sí,Sí,Sí,93.39,3416.67,0,0
CU5897,Masculino,0,No,Sí,0,Dos años,Sí,Domiciliación bancaria,Fibra óptica,No,No,No,63.44,64.66,0,0
CU5898,Femenino,0,Sí,No,27,Dos años,Sí,Domiciliación bancaria,Fibra óptica,Sí,No,No,28.64,716.11,1,0
CU5899,Femenino,1,Sí,Sí,48,Mes a mes,No,Transferencia,DSL,No,No,Sí,98.57,4473.11,2,1
CU5900,Masculino,1,Sí,Sí,65,Mes a mes,Sí,Tarjeta de crédito,DSL,No,Sí,Sí,99.32,6522.67,1,0
CU5901,Femenino,0,No,No,47,Mes a mes,No,Cheque electrónico,DSL,No,No,No,68.71,3092.85,2,0
CU5902,Femenino,0,Sí,Sí,55,Mes a mes,Sí,Transferencia,Fibra óptica,No,No,Sí,116.98,6609.67,1,0
CU5903,Femenino,0,Sí,Sí,65,Mes a mes,Sí,Cheque electrónico,DSL,No,No,No,72.92,4772.2,3,1
CU5904,Masculino,0,Sí,No,44,Dos años,No,Transferencia,DSL,No,No,No,66.84,2787.57,1,0
CU5905,Femenino,0,Sí,Sí,38,Mes a mes,Sí,Tarjeta de crédito,Fibra óptica,No,No,No,98.62,3892.98,2,0
CU5906,Femenino,0,Sí,Sí,30,Mes a mes,No,Domiciliación bancaria,Fibra óptica,Sí,Sí,No,78.85,2405.95,1,0
CU5907,Masculino,1,No,No,25,Mes a mes,Sí,Tarjeta de crédito,DSL,No,Sí,No,86.36,2042.98,0,0
CU5908,Femenino,0,Sí,No,66,Mes a mes,Sí,Cheque electrónico,Fibra óptica,No,No,No,18.0,1186.89,0,0
CU5909,Masculino,0,Sí,Sí,8,Mes a mes,No,Tarjeta de crédito,Fibra óptica,No,No,Sí,75.06,597.31,1,1
CU5910,Femenino,0,No,Sí,68,Mes a mes,Sí,Cheque electrónico,Fibra óptica,No,No,Sí,50.99,3560.05,0,0
CU5911,Femenino,0,Sí,No,47,Dos años,Sí,Transferencia,Fibra óptica,No,No,Sí,49.16,2272.11,1,1
CU5912,Masculino,0,No,Sí,53,Mes a mes,Sí,Transferencia,Sin internet,No,No,Sí,58.34,2873.27,0,0
CU5913,Femenino,0,Sí,Sí,48,Un año,Sí,Cheque electrónico,DSL,No,No,No,45.49,2147.93,0,0
CU5914,Femenino,0,Sí,Sí,30,Dos años,No,Cheque electrónico,Fibra óptica,No,Sí,Sí,85.07,2379.04,3,0
CU5915,Femenino,0,Sí,Sí,57,Un año,Sí,Cheque electrónico,DSL,No,No,No,31.08,1673.91,1,0
CU5916,Femenino,0,No,No,71,Un año,No,Domiciliación bancaria,Fibra óptica,No,Sí,Sí,18.0,1182.08,1,0
CU5917,Masculino,0,Sí,No,23,Dos años,No,Tarjeta de crédito,Sin internet,No,No,No,60.71,1406.78,2,1
CU5918,Masculino,1,No,No,3,Mes a mes,No,Tarjeta de crédito,Sin internet,Sí,Sí,Sí,102.22,303.04,0,1
CU5919,Masculino,0,Sí,No,29,Dos años,No,Transferencia,DSL,Sí,No,Sí,50.1,1435.85,2,0
CU5920,Femenino,0,Sí,No,62,Mes a mes,No,Transferencia,Fibra óptica,No,No,Sí,57.39,3551.12,2,0
CU5921,Femenino,0,No,No,8,Mes a mes,Sí,Domiciliación bancaria,Sin internet,No,No,Sí,56.73,469.43,0,0
CU5922,Femenino,0,No,No,21,Mes a mes,No,Tarjeta de crédito,Fibra óptica,No,No,Sí,130.0,2628.88,0,0
CU5923,Femenino,0,No,Sí,59,Dos años,Sí,Cheque electrónico,Fibra óptica,No,No,No,91.26,4975.7,3,0
CU5924,Femenino,0,Sí,No,35,Mes a mes,No,Domiciliación bancaria,DSL,No,No,Sí,48.1,1683.94,2,0
CU5925,Femenino,0,No,No,38,Mes a mes,No,Transferencia,DSL,Sí,No,No,59.09,2074.27,0,0
CU5926,Masculino,0,No,No,6,Mes a mes,No,Transferencia,Fibra óptica,No,Sí,No,42.86,243.23,1,1
CU5927,Masculino,0,Sí,No,59,Mes a mes,No,Domiciliación bancaria,DSL,No,No,No,117.06,6729.21,0,0
CU5928,Femenino,0,Sí,No,34,Dos años,No,Cheque electrónico,Sin internet,No,No,No,21.84,772.27,0,0
CU5929,Masculino,0,Sí,Sí,40,Un año,No,Tarjeta de crédito,Sin internet,No,Sí,Sí,37.5,1442.48,1,0
CU5930,Femenino,0,No,No,16,Mes a mes,No,Domiciliación bancaria,Fibra óptica,No,No,No,89.76,1455.34,0,0
CU5931,Femenino,0,No,Sí,1,Mes a mes,No,Cheque electrónico,Fibra óptica,No,No,No,112.56,107.11,0,1
CU5932,Masculino,0,No,Sí,23,Dos años,Sí,Transferencia,Sin internet,No,Sí,Sí,64.44,1533.36,0,0
CU5933,Femenino,0,No,No,13,Mes a mes,No,Transferencia,DSL,Sí,Sí,No,57.2,710.22,1,0
CU5934,Femenino,0,Sí,No,41,Mes a mes,No,Tarjeta de crédito,Sin internet,No,No,No,65.96,2520.78,0,0
CU5935,Femenino,0,Sí,No,21,Mes a mes,No,Tarjeta de crédito,Fibra óptica,Sí,No,Sí,67.06,1469.05,2,1
CU5936,Femenino,0,No,No,70,Mes a mes,Sí,Transferencia,Fibra óptica,No,Sí,No,123.76,8505.06,0,0
CU5937,Masculino,0,Sí,No,19,Dos años,Sí,Transferencia,Fibra óptica,No,Sí,No,77.21,1516.56,3,0
CU5938,Femenino,1,No,No,16,Un año,Sí,Tarjeta de crédito,Fibra óptica,No,Sí,No,54.62,829.73,1,1
CU5939,Femenino,0,No,Sí,21,Mes a mes,No,Domiciliación bancaria,Sin internet,Sí,No,No,76.13,1565.84,1,0
CU5940,Femenino,0,No,No,25,Un año,Sí,Tarjeta de crédito,Fibra óptica,No,No,No,91.21,2129.58,2,1
CU5941,Femenino,0,No,Sí,54,Un año,Sí,Tarjeta de crédito,Sin internet,No,No,No,38.48,1925.19,0,0
CU5942,Masculino,0,No,No,17,Mes a mes,Sí,Cheque electrónico,DSL,Sí,No,Sí,72.14,1225.4,1,1
CU5943,Femenino,0,Sí,No,55,Mes a mes,No,Transferencia,DSL,Sí,Sí,No,65.65,3753.88,1,0
CU5944,Femenino,0,No,No,36,Mes a mes,No,Domiciliación bancaria,DSL,Sí,No,Sí,32.77,1227.41,0,0
CU5945,Masculino,0,No,Sí,60,Dos años,No,Transferencia,DSL,No,No,No,53.12,3323.41,2,0
CU5946,Masculino,0,No,Sí,19,Dos años,Sí,Domiciliación bancaria,Fibra óptica,Sí,Sí,No,51.48,920.5,0,0
CU5947,Femenino,0,Sí,Sí,32,Dos años,Sí,Domiciliación bancaria,DSL,Sí,Sí,No,51.06,1692.52,1,0
CU5948,Femenino,0,No,No,14,Un año,No,Domiciliación bancaria,Fibra óptica,No,Sí,No,117.39,1619.32,1,0
CU5949,Masculino,1,No,No,31,Mes a mes,No,Cheque electrónico,Fibra óptica,No,No,No,65.54,1949.82,0,0
CU5950,Femenino,0,Sí,No,47,Mes a mes,No,Domiciliación bancaria,DSL,No,Sí,Sí,74.72,3331.54,1,0
CU5951,Masculino,0,No,No,40,Dos años,No,Tarjeta de crédito,Fibra óptica,Sí,Sí,No,83.38,3118.28,2,0
CU5952,Femenino,1,Sí,No,12,Un año,Sí,Transferencia,Fibra óptica,Sí,Sí,Sí,63.15,723.0,1,0
CU5953,Femenino,0,No,Sí,49,Dos años,Sí,Tarjeta de crédito,DSL,Sí,No,No,52.55,2383.68,0,0
CU5954,Femenino,0,No,No,41,Mes a mes,No,Tarjeta de crédito,Sin internet,Sí,Sí,No,106.73,4251.99,1,0
CU5955,Masculino,0,Sí,No,40,Mes a mes,Sí,Transferencia,DSL,Sí,No,No,106.94,4077.36,0,0
CU5956,Femenino,0,No,No,3,Dos años,No,Cheque electrónico,DSL,No,No,Sí,90.39,282.34,1,0
CU5957,Femenino,0,Sí,No,28,Mes a mes,No,Transferencia,DSL,Sí,No,No,61.89,1684.36,0,0
CU5958,Femenino,0,No,No,52,Mes a mes,Sí,Cheque electrónico,Fibra óptica,Sí,Sí,No,74.82,3990.51,1,0
CU5959,Femenino,0,Sí,No,28,Mes a mes,No,Domiciliación bancaria,DSL,No,Sí,No,42.22,1154.95,0,0
CU5960,Masculino,0,No,No,0,Mes a mes,No,Tarjeta de crédito,Fibra óptica,No,No,No,67.77,67.28,4,0
CU5961,Femenino,0,Sí,No,19,Dos años,Sí,Cheque electrónico,DSL,No,No,Sí,32.04,623.44,0,0
CU5962,Masculino,0,No,No,49,Un año,Sí,Domiciliación bancaria,Sin internet,No,Sí,No,87.32,4211.13,1,0
CU5963,Masculino,0,No,Sí,15,Dos años,No,Transferencia,DSL,No,No,No,111.08,1636.17,1,1
CU5964,Femenino,0,No,No,10,Mes a mes,Sí,Domiciliación bancaria,DSL,No,No,No,33.41,312.96,0,0
CU5965,Masculino,0,No,No,54,Mes a mes,Sí,Cheque electrónico,Fibra óptica,No,Sí,No,114.12,6171.67,0,0
CU5966,Femenino,0,Sí,No,51,Mes a mes,Sí,Transferencia,Fibra óptica,No,Sí,Sí,82.54,4321.86,1,0
CU5967,Masculino,1,Sí,No,43,Mes a mes,No,Tarjeta de crédito,Fibra óptica,No,No,No,43.22,1910.41,1,0
CU5968,Masculino,0,Sí,No,5,Un año,Sí,Domiciliación bancaria,DSL,Sí,No,Sí,72.16,336.15,0,0
CU5969,Masculino,0,No,No,23,Mes a mes,No,Tarjeta de crédito,Fibra óptica,No,No,Sí,108.08,2429.17,1,1
CU5970,Masculino,0,Sí,No,23,Mes a mes,Sí,Domiciliación bancaria,Fibra óptica,No,Sí,No,99.69,2202.24,2,1
CU5971,Masculino,0,Sí,No,28,Mes a mes,No,Cheque electrónico,Fibra óptica,Sí,No,Sí,98.83,2882.12,1,1
CU5972,Femenino,0,No,No,51,Dos años,No,Domiciliación bancaria,Sin internet,No,No,Sí,54.58,2890.69,1,0
CU5973,Masculino,0,No,No,66,Un año,Sí,Cheque electrónico,Fibra óptica,Sí,Sí,Sí,38.74,2415.2,0,0
CU5974,Masculino,0,No,No,45,Un año,No,Domiciliación bancaria,DSL,Sí,No,Sí,64.94,3007.21,0,0
CU5975,Masculino,0,Sí,Sí,9,Un año,Sí,Tarjeta de crédito,Sin internet,Sí,No,No,68.37,599.82,3,1
CU5976,Masculino,0,No,No,21,Dos años,No,Tarjeta de crédito,Fibra óptica,No,Sí,No,58.98,1282.16,1,0
CU5977,Femenino,0,No,Sí,6,Un año,Sí,Transferencia,Fibra óptica,Sí,Sí,No,47.9,267.32,0,1
CU5978,Masculino,0,Sí,No,33,Mes a mes,Sí,Transferencia,DSL,No,No,No,36.74,1193.13,0,1
CU5979,Femenino,0,Sí,No,16,Mes a mes,Sí,Tarjeta de crédito,DSL,No,No,Sí,84.93,1265.17,1,0
CU5980,Femenino,0,No,No,24,Un año,No,Tarjeta de crédito,Sin internet,No,No,No,45.21,1013.56,1,0
CU5981,Masculino,0,Sí,No,32,Mes a mes,Sí,Domiciliación bancaria,DSL,Sí,No,No,87.55,2762.42,0,1
CU5982,Masculino,0,No,No,0,Mes a mes,Sí,Cheque electrónico,Fibra óptica,No,No,No,56.61,58.67,2,1
CU5983,Masculino,0,Sí,No,43,Dos años,Sí,Transferencia,Fibra óptica,No,Sí,Sí,62.3,2498.43,2,0
CU5984,Femenino,1,No,No,40,Un año,Sí,Domiciliación bancaria,DSL,No,No,Sí,32.0,1338.8,0,0
CU5985,Masculino,0,Sí,Sí,36,Un año,Sí,Transferencia,Fibra óptica,No,Sí,Sí,76.23,2655.72,1,0
CU5986,Masculino,0,No,Sí,72,Un año,Sí,Domiciliación bancaria,Fibra óptica,Sí,Sí,No,57.26,4004.03,2,0
CU5987,Masculino,0,Sí,Sí,29,Mes a mes,Sí,Cheque electrónico,Sin internet,No,No,Sí,34.85,940.99,2,0
CU5988,Masculino,0,No,Sí,37,Dos años,No,Tarjeta de crédito,DSL,No,Sí,No,58.59,2194.16,0,0
CU5989,Masculino,0,No,No,38,Mes a mes,Sí,Transferencia,Fibra óptica,No,No,No,40.84,1552.52,1,0
CU5990,Masculino,0,No,No,27,Mes a mes,Sí,Tarjeta de crédito,DSL,No,Sí,No,20.87,560.25,2,0
CU5991,Masculino,0,No,No,68,Mes a mes,Sí,Cheque electrónico,Sin internet,Sí,Sí,No,86.12,5632.3,0,0
CU5992,Masculino,0,No,Sí,36,Dos años,No,Transferencia,DSL,No,No,Sí,32.85,1155.71,2,0
CU5993,Masculino,0,Sí,No,69,Mes a mes,No,Transferencia,DSL,No,Sí,Sí,77.71,5431.82,2,0
CU5994,Femenino,1,No,Sí,52,Mes a mes,Sí,Tarjeta de crédito,DSL,No,No,No,129.0,6559.72,0,1
CU5995,Femenino,0,No,No,68,Dos años,Sí,Domiciliación bancaria,Fibra óptica,No,No,Sí,38.69,2560.15,0,0
CU5996,Femenino,0,Sí,No,7,Mes a mes,Sí,Cheque electrónico,Sin internet,No,Sí,No,78.05,518.06,1,1
CU5997,Masculino,0,No,No,44,Un año,No,Tarjeta de crédito,Fibra óptica,No,Sí,Sí,53.62,2422.43,1,0
CU5998,Femenino,0,Sí,Sí,32,Mes a mes,Sí,Domiciliación bancaria,DSL,No,No,No,71.98,2312.61,0,0
CU5999,Femenino,0,No,No,34,Mes a mes,No,Domiciliación bancaria,Fibra óptica,No,No,Sí,18.0,594.81,2,0
CU6000,Masculino,0,Sí,No,12,Mes a mes,No,Tarjeta de crédito,Sin internet,No,Sí,No,76.45,852.73,2,1
CU6001,Femenino,0,Sí,No,60,Mes a mes,No,Domiciliación bancaria,DSL,Sí,No,No,67.93,4251.2,0,0
CU6002,Masculino,0,No,No,47,Dos años,Sí,Domiciliación bancaria,Fibra óptica,Sí,Sí,No,130.0,6279.8,2,0
CU6003,Masculino,0,No,No,33,Dos años,No,Cheque electrónico,DSL,No,No,No,18.0,596.81,0,0
CU6004,Masculino,0,No,No,69,Mes a mes,Sí,Tarjeta de crédito,Fibra óptica,No,Sí,No,51.46,3461.96,0,0
CU6005,Femenino,0,No,No,31,Un año,Sí,Cheque electrónico,DSL,No,No,Sí,77.79,2336.65,0,0
CU6006,Femenino,0,Sí,No,17,Dos años,Sí,Transferencia,Fibra óptica,No,Sí,Sí,89.65,1519.75,1,0
CU6007,Femenino,0,Sí,Sí,40,Mes a mes,Sí,Transferencia,Fibra óptica,No,Sí,Sí,61.54,2525.16,0,0
CU6008,Masculino,0,Sí,No,28,Dos años,No,Transferencia,DSL,No,Sí,Sí,100.4,2604.76,0,1
CU6009,Masculino,0,No,No,33,Mes a mes,Sí,Transferencia,Fibra óptica,No,No,No,66.8,2198.12,0,0
CU6010,Masculino,0,Sí,Sí,19,Mes a mes,No,Tarjeta de crédito,DSL,No,No,No,68.8,1272.84,1,0
CU6011,Femenino,0,No,No,42,Dos años,No,Transferencia,Sin internet,Sí,Sí,No,18.0,783.02,0,0
CU6012,Femenino,0,No,No,28,Mes a mes,No,Cheque electrónico,Fibra óptica,Sí,Sí,Sí,81.38,2138.56,1,0
CU6013,Femenino,0,No,No,65,Mes a mes,Sí,Domiciliación bancaria,Fibra óptica,Sí,No,No,107.47,7041.44,2,0
CU6014,Femenino,1,No,No,33,Mes a mes,No,Cheque electrónico,DSL,Sí,Sí,No,37.26,1219.19,1,0
CU6015,Femenino,0,No,No,4,Mes a mes,No,Cheque electrónico,Fibra óptica,No,Sí,No,52.64,195.08,0,0
CU6016,Femenino,0,No,Sí,56,Mes a mes,Sí,Cheque electrónico,Fibra óptica,Sí,Sí,No,25.33,1454.27,3,0
CU6017,Femenino,0,Sí,No,41,Un año,Sí,Cheque electrónico,DSL,Sí,No,No,78.01,3295.94,0,0
CU6018,Masculino,0,Sí,Sí,41,Mes a mes,No,Cheque electrónico,Sin internet,No,No,Sí,60.44,2385.09,0,0
CU6019,Masculino,0,No,Sí,9,Dos años,Sí,Domiciliación bancaria,DSL,No,Sí,No,87.71,792.8,1,0
CU6020,Femenino,0,Sí,No,36,Dos años,No,Tarjeta de crédito,Sin internet,Sí,Sí,Sí,62.84,2296.78,0,0
CU6021,Masculino,0,Sí,No,56,Dos años,No,Tarjeta de crédito,Sin internet,Sí,No,Sí,62.29,3637.53,2,0
CU6022,Masculino,0,No,Sí,2,Un año,Sí,Domiciliación bancaria,DSL,Sí,Sí,No,63.27,116.69,1,0
CU6023,Femenino,0,Sí,No,39,Un año,Sí,Domiciliación bancaria,Fibra óptica,No,No,Sí,69.74,2788.45,1,0
CU6024,Masculino,0,Sí,No,3,Dos años,No,Domiciliación bancaria,Fibra óptica,Sí,Sí,No,65.64,199.48,1,1
CU6025,Femenino,1,Sí,No,9,Mes a mes,No,Domiciliación bancaria,DSL,Sí,Sí,No,76.9,672.72,2,1
CU6026,Femenino,0,No,No,62,Un año,Sí,Transferencia,DSL,Sí,Sí,No,104.98,6707.51,1,0
CU6027,Masculino,0,No,No,42,Un año,Sí,Domiciliación bancaria,Fibra óptica,No,No,No,92.3,3663.76,1,0
CU6028,Femenino,0,No,No,60,Un año,No,Domiciliación bancaria,DSL,No,Sí,No,114.17,6842.25,0,0
CU6029,Femenino,1,Sí,No,23,Mes a mes,Sí,Domiciliación bancaria,Fibra óptica,No,Sí,No,32.26,714.52,0,0
CU6030,Masculino,0,Sí,No,10,Mes a mes,Sí,Tarjeta de crédito,DSL,No,No,No,43.82,411.86,1,0
CU6031,Femenino,0,Sí,No,7,Dos años,Sí,Tarjeta de crédito,Fibra óptica,No,No,Sí,96.05,645.91,3,1
CU6032,Masculino,0,No,No,64,Mes a mes,Sí,Domiciliación bancaria,DSL,No,Sí,Sí,36.68,2246.37,1,0
CU6033,Femenino,1,Sí,No,64,Dos años,Sí,Tarjeta de crédito,DSL,No,Sí,Sí,110.36,7078.79,0,0
CU6034,Masculino,0,No,Sí,71,Un año,Sí,Cheque electrónico,Sin internet,No,No,No,50.72,3313.05,0,0
CU6035,Femenino,0,No,Sí,37,Mes a mes,No,Cheque electrónico,Fibra óptica,No,No,Sí,60.95,2075.64,1,0
CU6036,Masculino,0,Sí,Sí,52,Un año,Sí,Cheque electrónico,Fibra óptica,No,No,Sí,54.59,2853.88,0,1
CU6037,Femenino,0,Sí,No,14,Dos años,Sí,Transferencia,Fibra óptica,No,Sí,No,65.34,920.55,1,0
CU6038,Femenino,0,No,No,33,Mes a mes,No,Cheque electrónico,DSL,No,No,Sí,111.42,3622.27,0,0
CU6039,Femenino,0,No,No,32,Un año,No,Tarjeta de crédito,Fibra óptica,Sí,No,Sí,101.91,3398.61,0,0
CU6040,Femenino,1,No,No,16,Dos años,Sí,Domiciliación bancaria,Sin internet,No,No,Sí,119.81,1999.96,2,0
CU6041,Femenino,1,Sí,Sí,11,Mes a mes,No,Tarjeta de crédito,Fibra óptica,Sí,Sí,Sí,128.89,1328.99,0,1
CU6042,Femenino,0,Sí,No,64,Dos años,No,Cheque electrónico,Fibra óptica,No,No,Sí,52.17,3116.13,0,0
CU6043,Masculino,0,Sí,No,28,Mes a mes,Sí,Cheque electrónico,Fibra óptica,No,Sí,No,36.67,1039.29,0,0
CU6044,Femenino,0,Sí,No,25,Un año,Sí,Domiciliación bancaria,Fibra óptica,Sí,No,Sí,69.59,1773.07,3,0
CU6045,Masculino,0,Sí,No,37,Mes a mes,No,Cheque electrónico,DSL,No,No,No,74.12,2578.03,1,0
CU6046,Masculino,0,Sí,No,17,Mes a mes,No,Domiciliación bancaria,Sin internet,No,No,Sí,23.76,388.62,2,1
CU6047,Femenino,0,Sí,No,9,Mes a mes,Sí,Domiciliación bancaria,DSL,Sí,No,Sí,87.23,817.31,0,0
CU6048,Femenino,0,Sí,No,42,Dos años,Sí,Tarjeta de crédito,Sin internet,No,No,Sí,35.86,1563.34,1,0
CU6049,Femenino,0,No,No,63,Dos años,Sí,Domiciliación bancaria,Fibra óptica,Sí,Sí,Sí,53.55,3484.58,3,0
CU6050,Masculino,1,Sí,No,66,Dos años,Sí,Cheque electrónico,Fibra óptica,No,No,Sí,85.82,5511.84,1,0
CU6051,Masculino,0,No,No,14,Dos años,Sí,Transferencia,Sin internet,No,No,No,78.29,1065.0,1,0
CU6052,Masculino,1,Sí,Sí,63,Un año,No,Tarjeta de crédito,Fibra óptica,No,No,No,67.1,4196.66,0,0
CU6053,Femenino,0,Sí,No,25,Mes a mes,No,Cheque electrónico,DSL,Sí,Sí,No,71.79,1707.82,2,0
CU6054,Masculino,0,No,Sí,59,Dos años,No,Cheque electrónico,Sin internet,No,Sí,No,83.38,4528.45,0,0
CU6055,Masculino,0,No,No,22,Mes a mes,Sí,Cheque electrónico,DSL,Sí,Sí,Sí,48.13,1083.88,1,1
CU6056,Masculino,0,No,No,22,Dos años,Sí,Cheque electrónico,Fibra óptica,No,No,No,74.19,1608.63,0,0
CU6057,Masculino,0,Sí,No,31,Un año,No,Tarjeta de crédito,Fibra óptica,No,Sí,Sí,64.88,2057.78,0,0
CU6058,Femenino,0,Sí,No,55,Un año,Sí,Cheque electrónico,Sin internet,No,Sí,No,68.88,3534.86,0,0
CU6059,Masculino,1,No,No,30,Un año,No,Transferencia,Fibra óptica,No,No,Sí,97.42,2717.87,0,0
CU6060,Femenino,0,No,No,65,Mes a mes,No,Tarjeta de crédito,DSL,No,Sí,No,73.05,4866.26,0,1
CU6061,Masculino,0,No,No,65,Un año,Sí,Tarjeta de crédito,Fibra óptica,Sí,No,No,104.87,6754.67,1,0
CU6062,Masculino,0,No,No,61,Mes a mes,Sí,Cheque electrónico,DSL,Sí,No,Sí,51.14,3266.46,6,0
CU6063,Femenino,0,Sí,No,14,Dos años,Sí,Tarjeta de crédito,Fibra óptica,No,Sí,Sí,62.41,884.72,0,0
CU6064,Femenino,0,No,Sí,44,Mes a mes,Sí,Transferencia,DSL,No,No,No,22.4,951.18,1,0
CU6065,Femenino,1,Sí,No,19,Dos años,Sí,Cheque electrónico,Fibra óptica,No,No,No,38.05,741.62,1,0
CU6066,Femenino,0,Sí,No,41,Un año,Sí,Tarjeta de crédito,DSL,Sí,No,Sí,54.53,2070.16,0,0
CU6067,Masculino,0,No,No,6,Un año,No,Cheque electrónico,Sin internet,No,No,No,78.27,439.39,2,1
CU6068,Masculino,0,Sí,No,61,Un año,Sí,Cheque electrónico,Fibra óptica,Sí,No,No,51.0,2894.77,1,0
CU6069,Masculino,0,No,Sí,24,Mes a mes,Sí,Domiciliación bancaria,DSL,Sí,No,No,34.49,816.93,1,0
CU6070,Masculino,0,No,Sí,38,Un año,No,Domiciliación bancaria,Fibra óptica,No,Sí,No,74.65,2946.98,2,1
CU6071,Femenino,0,Sí,Sí,23,Mes a mes,No,Domiciliación bancaria,DSL,No,Sí,Sí,18.35,439.53,1,0
CU6072,Masculino,0,No,Sí,17,Un año,No,Tarjeta de crédito,Fibra óptica,No,Sí,Sí,19.38,343.02,1,0
CU6073,Masculino,0,No,No,18,Mes a mes,Sí,Domiciliación bancaria,DSL,Sí,No,No,42.06,768.55,3,0
CU6074,Masculino,0,Sí,No,32,Dos años,Sí,Transferencia,Sin internet,No,No,No,76.07,2517.89,1,0
CU6075,Femenino,0,No,No,55,Un año,No,Tarjeta de crédito,DSL,No,No,No,40.6,2090.89,1,0
CU6076,Femenino,1,Sí,Sí,61,Un año,Sí,Transferencia,Fibra óptica,No,No,No,67.72,4249.17,0,0
CU6077,Masculino,1,Sí,Sí,18,Mes a mes,No,Transferencia,Sin internet,Sí,Sí,No,86.0,1477.17,1,0
CU6078,Femenino,0,Sí,No,1,Un año,No,Cheque electrónico,Fibra óptica,No,No,No,78.2,72.44,2,1
CU6079,Femenino,0,No,No,13,Mes a mes,Sí,Domiciliación bancaria,DSL,Sí,Sí,No,113.4,1437.42,1,1
CU6080,Femenino,0,No,Sí,30,Mes a mes,No,Cheque electrónico,Fibra óptica,No,Sí,Sí,69.58,1922.62,1,0
CU6081,Femenino,0,Sí,No,44,Mes a mes,Sí,Tarjeta de crédito,Sin internet,No,Sí,No,104.89,4330.62,0,0
CU6082,Masculino,0,No,No,62,Mes a mes,Sí,Tarjeta de crédito,Sin internet,Sí,No,No,82.48,5064.22,1,1
CU6083,Masculino,0,Sí,Sí,32,Mes a mes,Sí,Cheque electrónico,DSL,No,No,No,54.02,1678.84,2,0
CU6084,Masculino,0,Sí,No,39,Mes a mes,No,Cheque electrónico,Fibra óptica,Sí,Sí,Sí,38.11,1541.41,1,0
CU6085,Masculino,0,Sí,No,28,Un año,No,Cheque electrónico,Fibra óptica,Sí,No,No,69.54,1862.34,2,0
CU6086,Masculino,1,No,No,28,Un año,No,Domiciliación bancaria,Fibra óptica,No,No,Sí,28.64,828.87,0,0
CU6087,Femenino,0,No,No,54,Mes a mes,Sí,Domiciliación bancaria,Fibra óptica,No,No,No,58.94,3039.05,4,0
CU6088,Masculino,0,Sí,No,52,Dos años,Sí,Transferencia,DSL,No,Sí,No,60.91,3077.14,0,0
CU6089,Femenino,0,No,Sí,52,Mes a mes,Sí,Cheque electrónico,Fibra óptica,No,No,No,98.04,4832.06,1,0
CU6090,Masculino,1,No,Sí,44,Un año,No,Cheque electrónico,DSL,No,Sí,No,45.12,1892.85,1,0
CU6091,Femenino,0,No,Sí,58,Dos años,No,Domiciliación bancaria,DSL,Sí,No,No,77.37,4432.71,1,0
CU6092,Masculino,0,No,No,41,Un año,Sí,Transferencia,DSL,Sí,Sí,Sí,37.79,1524.99,1,0
CU6093,Masculino,0,No,No,70,Mes a mes,Sí,Domiciliación bancaria,DSL,Sí,Sí,No,89.28,5987.43,1,0
CU6094,Masculino,1,Sí,No,16,Dos años,No,Transferencia,Fibra óptica,Sí,No,Sí,107.4,1665.63,1,0
CU6095,Femenino,1,Sí,No,47,Un año,Sí,Transferencia,DSL,Sí,No,No,41.77,1856.22,1,0
CU6096,Femenino,0,No,Sí,67,Mes a mes,No,Domiciliación bancaria,Fibra óptica,No,Sí,No,69.03,4735.31,0,0
CU6097,Femenino,0,Sí,Sí,13,Un año,Sí,Transferencia,DSL,No,Sí,No,130.0,1765.61,2,1
CU6098,Femenino,0,No,No,6,Mes a mes,No,Transferencia,DSL,Sí,Sí,No,44.32,258.55,0,0
CU6099,Femenino,0,Sí,Sí,1,Mes a mes,Sí,Cheque electrónico,Fibra óptica,Sí,No,Sí,24.29,24.1,1,0
CU6100,Femenino,0,No,No,50,Mes a mes,No,Domiciliación bancaria,Fibra óptica,No,No,No,71.33,3398.04,0,0
CU6101,Femenino,0,Sí,No,3,Mes a mes,Sí,Cheque electrónico,Fibra óptica,Sí,Sí,No,35.16,97.89,0,0
CU6102,Femenino,0,No,Sí,48,Mes a mes,No,Cheque electrónico,Fibra óptica,Sí,Sí,No,75.45,3792.32,2,0
CU6103,Masculino,0,Sí,No,36,Mes a mes,No,Transferencia,Fibra óptica,Sí,Sí,Sí,89.38,3115.09,2,0
CU6104,Masculino,0,No,Sí,9,Un año,Sí,Tarjeta de crédito,DSL,No,Sí,Sí,36.34,326.27,3,0
CU6105,Masculino,0,No,No,23,Mes a mes,No,Domiciliación bancaria,DSL,Sí,Sí,Sí,23.81,551.04,0,1
CU6106,Femenino,0,No,No,7,Un año,Sí,Domiciliación bancaria,Fibra óptica,No,Sí,No,93.71,632.27,2,0
CU6107,Femenino,0,No,No,23,Un año,No,Cheque electrónico,DSL,Sí,No,No,113.55,2461.55,3,0
CU6108,Femenino,1,Sí,No,24,Dos años,No,Transferencia,Sin internet,No,Sí,No,56.47,1417.96,1,0
CU6109,Masculino,0,No,No,58,Mes a mes,Sí,Tarjeta de crédito,Sin internet,No,Sí,Sí,103.76,5838.33,1,0
CU6110,Masculino,0,No,No,5,Un año,Sí,Domiciliación bancaria,Fibra óptica,No,Sí,No,114.45,527.78,0,0
CU6111,Masculino,0,No,Sí,47,Un año,Sí,Tarjeta de crédito,Sin internet,No,No,No,84.96,4157.48,1,0
CU6112,Masculino,0,No,Sí,69,Un año,Sí,Transferencia,Sin internet,No,No,Sí,68.92,4672.29,2,0
CU6113,Masculino,0,Sí,No,19,Mes a mes,No,Tarjeta de crédito,Fibra óptica,No,Sí,No,84.01,1623.96,0,1
CU6114,Masculino,0,No,No,62,Un año,Sí,Domiciliación bancaria,Fibra óptica,No,No,No,89.36,5326.74,1,0
CU6115,Masculino,0,No,Sí,59,Un año,Sí,Domiciliación bancaria,Fibra óptica,No,No,Sí,18.0,996.48,1,0
CU6116,Femenino,1,No,No,69,Un año,Sí,Cheque electrónico,Fibra óptica,No,No,No,61.71,4186.42,2,0
CU6117,Femenino,0,Sí,No,21,Mes a mes,Sí,Domiciliación bancaria,DSL,Sí,Sí,No,28.35,582.58,0,0
CU6118,Femenino,0,No,No,72,Un año,No,Domiciliación bancaria,DSL,No,No,No,39.71,2904.72,0,0
CU6119,Femenino,0,Sí,No,60,Un año,Sí,Tarjeta de crédito,Fibra óptica,No,No,Sí,73.99,4224.5,2,0
CU6120,Masculino,0,No,No,16,Dos años,No,Transferencia,DSL,No,No,No,62.31,996.87,2,0
CU6121,Masculino,0,No,No,57,Mes a mes,Sí,Tarjeta de crédito,Fibra óptica,No,No,Sí,65.93,3855.8,0,0
CU6122,Femenino,0,No,No,56,Mes a mes,Sí,Transferencia,Fibra óptica,No,Sí,No,61.36,3238.72,2,0
CU6123,Femenino,1,Sí,No,6,Un año,No,Transferencia,Fibra óptica,Sí,No,No,59.78,373.79,0,0
CU6124,Masculino,0,No,No,33,Dos años,Sí,Cheque electrónico,Fibra óptica,No,Sí,No,64.65,1977.22,2,0
CU6125,Masculino,0,Sí,No,64,Dos años,Sí,Domiciliación bancaria,DSL,No,Sí,No,108.76,6527.78,1,0
CU6126,Femenino,0,No,No,3,Un año,Sí,Tarjeta de crédito,Fibra óptica,No,No,Sí,83.14,250.64,1,1
CU6127,Masculino,1,Sí,Sí,70,Un año,Sí,Domiciliación bancaria,Sin internet,No,No,Sí,38.78,2567.53,1,0
CU6128,Masculino,0,No,No,37,Mes a mes,Sí,Transferencia,Sin internet,No,No,Sí,52.63,1939.59,2,0
CU6129,Masculino,0,Sí,Sí,26,Mes a mes,No,Tarjeta de crédito,Fibra óptica,No,No,No,84.2,2085.11,0,0
CU6130,Masculino,0,No,No,5,Mes a mes,No,Cheque electrónico,Sin internet,Sí,No,Sí,57.47,280.59,2,0
CU6131,Masculino,0,Sí,No,44,Dos años,No,Transferencia,DSL,No,No,No,79.37,3481.01,1,0
CU6132,Masculino,1,No,Sí,72,Mes a mes,Sí,Transferencia,Fibra óptica,No,Sí,Sí,64.38,4400.46,2,0
CU6133,Femenino,0,No,No,30,Mes a mes,Sí,Tarjeta de crédito,Fibra óptica,Sí,Sí,No,70.9,2088.88,0,0
CU6134,Masculino,0,Sí,Sí,60,Dos años,Sí,Domiciliación bancaria,DSL,No,No,Sí,100.71,6277.41,2,0
CU6135,Femenino,0,Sí,No,23,Mes a mes,Sí,Transferencia,Sin internet,Sí,Sí,No,76.25,1656.37,1,0
CU6136,Femenino,0,No,Sí,60,Mes a mes,No,Domiciliación bancaria,Fibra óptica,No,No,Sí,119.2,7459.86,2,0
CU6137,Femenino,1,Sí,No,70,Un año,Sí,Tarjeta de crédito,Sin internet,Sí,Sí,Sí,46.49,3144.18,2,0
CU6138,Masculino,0,Sí,No,5,Mes a mes,No,Tarjeta de crédito,DSL,No,No,Sí,39.36,181.12,2,0
CU6139,Masculino,0,No,No,19,Un año,Sí,Cheque electrónico,Fibra óptica,Sí,Sí,No,76.15,1412.53,3,0
CU6140,Femenino,1,Sí,No,0,Mes a mes,Sí,Cheque electrónico,DSL,No,No,No,58.98,61.83,0,0
CU6141,Masculino,0,Sí,No,56,Mes a mes,Sí,Transferencia,Fibra óptica,No,Sí,No,68.73,3661.84,0,0
CU6142,Femenino,0,Sí,No,19,Dos años,Sí,Domiciliación bancaria,DSL,Sí,No,Sí,75.05,1312.79,3,0
CU6143,Femenino,0,No,No,70,Mes a mes,No,Domiciliación bancaria,Fibra óptica,Sí,Sí,No,28.86,1951.15,1,0
CU6144,Femenino,0,Sí,No,60,Un año,No,Domiciliación bancaria,Fibra óptica,No,No,Sí,18.0,1043.72,3,0
CU6145,Masculino,1,No,No,10,Dos años,Sí,Tarjeta de crédito,Fibra óptica,Sí,No,No,85.19,830.83,2,0
CU6146,Masculino,0,Sí,No,42,Mes a mes,Sí,Domiciliación bancaria,Sin internet,No,No,Sí,24.84,1062.21,0,0
CU6147,Masculino,0,Sí,No,33,Mes a mes,No,Cheque electrónico,Fibra óptica,Sí,No,No,50.72,1673.13,1,0
CU6148,Femenino,0,No,No,47,Un año,Sí,Domiciliación bancaria,DSL,No,Sí,No,60.14,2633.15,0,0
CU6149,Femenino,0,No,No,43,Un año,Sí,Transferencia,Fibra óptica,Sí,Sí,No,62.68,2688.82,1,0
CU6150,Femenino,1,No,No,9,Mes a mes,Sí,Transferencia,DSL,No,Sí,No,86.9,820.16,0,1
CU6151,Femenino,0,Sí,No,46,Un año,No,Cheque electrónico,Fibra óptica,Sí,No,No,83.65,3818.24,1,1
CU6152,Masculino,0,Sí,No,33,Un año,Sí,Transferencia,DSL,No,No,No,71.68,2340.3,0,0
CU6153,Femenino,0,Sí,No,22,Mes a mes,Sí,Tarjeta de crédito,Fibra óptica,No,No,No,80.93,1818.55,1,1
CU6154,Femenino,1,Sí,No,33,Mes a mes,Sí,Domiciliación bancaria,Sin internet,No,No,No,36.21,1149.6,2,1
CU6155,Femenino,0,Sí,No,67,Un año,No,Transferencia,DSL,No,No,No,44.0,3038.16,1,0
CU6156,Femenino,0,Sí,No,71,Mes a mes,Sí,Cheque electrónico,Sin internet,No,No,No,130.0,8872.81,2,1
CU6157,Femenino,1,No,No,23,Mes a mes,Sí,Tarjeta de crédito,Fibra óptica,No,Sí,No,69.27,1588.88,0,1
CU6158,Masculino,0,Sí,No,56,Mes a mes,No,Cheque electrónico,Fibra óptica,No,No,Sí,89.64,4658.73,1,0
CU6159,Femenino,1,No,No,57,Mes a mes,Sí,Cheque electrónico,DSL,No,No,No,32.84,1851.99,0,0
CU6160,Masculino,1,Sí,No,9,Mes a mes,Sí,Transferencia,DSL,No,No,No,85.57,751.99,4,1
CU6161,Masculino,0,No,No,37,Un año,No,Transferencia,Sin internet,No,No,Sí,57.89,2232.93,1,0
CU6162,Femenino,1,Sí,No,33,Dos años,No,Transferencia,Fibra óptica,No,No,No,50.1,1615.1,2,0
CU6163,Masculino,0,Sí,Sí,34,Un año,No,Domiciliación bancaria,DSL,No,No,No,114.24,3759.96,0,0
CU6164,Masculino,0,No,No,56,Mes a mes,Sí,Domiciliación bancaria,DSL,No,Sí,No,108.16,5817.02,2,0
CU6165,Femenino,0,Sí,Sí,70,Un año,Sí,Tarjeta de crédito,Sin internet,Sí,Sí,Sí,64.21,4689.99,1,0
CU6166,Masculino,0,Sí,No,57,Un año,Sí,Cheque electrónico,Sin internet,Sí,No,No,71.92,4120.32,0,0
CU6167,Masculino,0,No,No,6,Mes a mes,Sí,Transferencia,Fibra óptica,No,No,Sí,54.42,327.03,0,1
CU6168,Femenino,0,Sí,No,33,Mes a mes,No,Transferencia,Fibra óptica,No,No,No,33.07,1022.82,1,0
CU6169,Femenino,0,Sí,No,69,Mes a mes,Sí,Cheque electrónico,DSL,Sí,No,No,67.66,4895.48,1,0
CU6170,Masculino,1,No,No,60,Mes a mes,No,Transferencia,DSL,Sí,No,No,71.96,4060.52,1,0
CU6171,Masculino,0,Sí,No,65,Dos años,No,Cheque electrónico,Sin internet,Sí,No,No,94.48,6281.14,1,0
CU6172,Femenino,0,Sí,No,34,Mes a mes,Sí,Tarjeta de crédito,Fibra óptica,No,No,Sí,81.76,2902.54,1,1
CU6173,Masculino,0,Sí,No,58,Un año,Sí,Tarjeta de crédito,DSL,Sí,No,Sí,37.45,2045.15,2,0
CU6174,Masculino,0,No,No,2,Mes a mes,Sí,Tarjeta de crédito,Sin internet,No,No,No,18.0,37.02,0,0
CU6175,Masculino,1,Sí,No,32,Mes a mes,Sí,Cheque electrónico,Fibra óptica,Sí,No,Sí,56.3,1749.41,2,0
CU6176,Masculino,1,No,No,59,Un año,Sí,Domiciliación bancaria,Fibra óptica,Sí,No,Sí,29.26,1665.39,2,0
CU6177,Femenino,0,No,No,36,Un año,Sí,Tarjeta de crédito,Fibra óptica,No,No,No,62.33,2126.33,0,0
CU6178,Femenino,0,No,No,72,Mes a mes,No,Transferencia,Fibra óptica,No,Sí,No,77.8,5576.58,1,0
CU6179,Femenino,0,Sí,No,2,Mes a mes,Sí,Cheque electrónico,Fibra óptica,No,No,Sí,74.47,138.19,0,0
CU6180,Masculino,0,Sí,No,20,Un año,Sí,Cheque electrónico,DSL,Sí,Sí,No,52.79,1040.35,0,0
CU6181,Masculino,1,No,Sí,32,Mes a mes,No,Domiciliación bancaria,DSL,Sí,No,Sí,76.85,2573.67,2,0
CU6182,Femenino,0,Sí,No,48,Un año,No,Tarjeta de crédito,Fibra óptica,No,No,No,104.62,5038.73,0,1
CU6183,Femenino,0,No,Sí,21,Un año,No,Tarjeta de crédito,Fibra óptica,No,No,Sí,76.76,1567.29,2,0
CU6184,Femenino,0,No,No,29,Un año,Sí,Tarjeta de crédito,Fibra óptica,No,Sí,No,75.8,2082.02,2,0
CU6185,Femenino,0,Sí,Sí,39,Mes a mes,Sí,Domiciliación bancaria,DSL,No,Sí,No,50.46,1980.4,3,0
CU6186,Femenino,0,No,No,29,Mes a mes,Sí,Transferencia,Fibra óptica,No,No,No,70.21,2032.56,2,0
CU6187,Masculino,0,Sí,No,38,Un año,Sí,Tarjeta de crédito,Fibra óptica,No,Sí,No,108.39,3793.59,1,0
CU6188,Masculino,0,Sí,Sí,66,Mes a mes,No,Cheque electrónico,Fibra óptica,No,No,No,64.02,4237.43,1,0
CU6189,Masculino,1,No,Sí,42,Un año,No,Transferencia,Fibra óptica,Sí,Sí,No,56.75,2405.75,1,0
CU6190,Femenino,0,Sí,Sí,70,Mes a mes,Sí,Cheque electrónico,Sin internet,Sí,No,Sí,99.9,7205.52,2,0
CU6191,Femenino,0,No,No,27,Mes a mes,No,Transferencia,Fibra óptica,Sí,No,No,61.4,1624.54,0,0
CU6192,Masculino,1,No,No,7,Mes a mes,Sí,Tarjeta de crédito,Fibra óptica,Sí,No,No,82.73,573.41,1,1
CU6193,Femenino,0,Sí,Sí,54,Mes a mes,No,Cheque electrónico,Fibra óptica,Sí,Sí,No,72.07,3778.28,2,0
CU6194,Femenino,1,Sí,No,53,Dos años,No,Cheque electrónico,Sin internet,No,No,No,80.74,4140.18,3,0
CU6195,Femenino,0,Sí,No,13,Mes a mes,No,Cheque electrónico,DSL,Sí,No,Sí,89.68,1125.31,1,0
CU6196,Femenino,0,No,Sí,13,Dos años,No,Transferencia,DSL,No,Sí,No,102.0,1325.4,3,0
CU6197,Femenino,0,No,Sí,7,Un año,No,Domiciliación bancaria,DSL,No,No,No,96.0,635.93,3,0
CU6198,Masculino,0,No,No,38,Dos años,Sí,Cheque electrónico,DSL,Sí,No,No,107.15,4057.57,0,0
CU6199,Masculino,0,No,No,25,Dos años,Sí,Tarjeta de crédito,Sin internet,No,No,Sí,59.35,1538.83,0,0
CU6200,Femenino,0,No,No,58,Dos años,Sí,Tarjeta de crédito,Fibra óptica,No,Sí,Sí,32.63,1939.68,1,0
CU6201,Femenino,0,Sí,No,67,Mes a mes,No,Transferencia,DSL,No,No,Sí,61.97,4084.31,1,0
CU6202,Femenino,0,Sí,No,16,Dos años,Sí,Domiciliación bancaria,DSL,No,Sí,Sí,130.0,2100.44,0,0
CU6203,Masculino,0,No,No,33,Mes a mes,No,Tarjeta de crédito,DSL,No,Sí,Sí,63.79,2207.68,1,1
CU6204,Femenino,0,No,No,23,Dos años,Sí,Tarjeta de crédito,Sin internet,Sí,No,No,18.0,426.41,1,0
CU6205,Femenino,0,No,No,13,Mes a mes,Sí,Cheque electrónico,DSL,No,Sí,No,130.0,1569.47,0,1
CU6206,Masculino,1,Sí,Sí,68,Mes a mes,No,Domiciliación bancaria,DSL,No,Sí,Sí,72.14,5108.49,1,0
CU6207,Femenino,1,No,Sí,53,Dos años,Sí,Cheque electrónico,Fibra óptica,No,No,No,43.26,2271.7,0,0
CU6208,Masculino,1,No,No,30,Un año,Sí,Transferencia,Sin internet,No,No,No,33.99,986.32,1,0
CU6209,Femenino,0,Sí,Sí,10,Un año,Sí,Tarjeta de crédito,Fibra óptica,Sí,No,Sí,70.83,716.72,1,1
CU6210,Femenino,1,Sí,Sí,5,Dos años,Sí,Cheque electrónico,DSL,No,No,No,87.96,455.46,1,0
CU6211,Femenino,0,Sí,Sí,49,Dos años,No,Transferencia,Fibra óptica,Sí,No,Sí,85.88,4029.26,2,0
CU6212,Femenino,0,No,No,30,Un año,Sí,Tarjeta de crédito,DSL,No,No,Sí,92.16,2590.11,0,0
CU6213,Masculino,0,No,No,1,Un año,Sí,Domiciliación bancaria,Fibra óptica,No,No,Sí,25.14,23.62,1,0
CU6214,Masculino,0,No,No,32,Mes a mes,Sí,Tarjeta de crédito,DSL,No,Sí,No,33.99,1087.83,0,0
CU6215,Femenino,0,No,No,29,Un año,Sí,Tarjeta de crédito,Fibra óptica,No,Sí,No,66.62,2015.65,3,0
CU6216,Masculino,1,No,No,56,Mes a mes,Sí,Domiciliación bancaria,DSL,No,Sí,No,98.67,5625.05,2,0
CU6217,Femenino,0,No,No,39,Mes a mes,Sí,Transferencia,DSL,Sí,Sí,No,54.8,2080.18,4,0
CU6218,Femenino,0,No,No,25,Un año,Sí,Domiciliación bancaria,DSL,No,Sí,No,18.0,441.09,1,0
CU6219,Masculino,0,Sí,No,2,Un año,No,Cheque electrónico,DSL,Sí,No,No,90.68,167.31,2,0
CU6220,Masculino,0,Sí,Sí,9,Mes a mes,Sí,Tarjeta de crédito,DSL,No,No,Sí,18.0,155.99,0,1
CU6221,Masculino,0,No,No,43,Mes a mes,No,Tarjeta de crédito,Sin internet,Sí,No,No,52.85,2195.04,0,0
CU6222,Masculino,0,Sí,Sí,56,Mes a mes,Sí,Cheque electrónico,DSL,No,No,Sí,88.82,4763.25,0,0
CU6223,Masculino,0,Sí,No,14,Un año,No,Domiciliación bancaria,DSL,No,No,No,87.94,1203.21,1,0
CU6224,Femenino,0,No,No,27,Mes a mes,No,Cheque electrónico,Fibra óptica,No,Sí,No,20.4,564.13,1,0
CU6225,Femenino,0,No,Sí,6,Un año,No,Cheque electrónico,Fibra óptica,No,No,No,92.09,539.18,1,0
CU6226,Masculino,0,No,No,2,Mes a mes,Sí,Transferencia,Sin internet,Sí,Sí,No,105.28,207.71,2,0
CU6227,Femenino,0,No,Sí,52,Dos años,Sí,Transferencia,Sin internet,Sí,No,No,85.28,4096.69,0,0
CU6228,Femenino,0,No,No,60,Un año,Sí,Domiciliación bancaria,Fibra óptica,No,Sí,No,60.09,3511.52,1,0
CU6229,Femenino,0,Sí,No,58,Dos años,Sí,Transferencia,Fibra óptica,Sí,No,Sí,79.98,4728.24,0,0
CU6230,Masculino,0,No,No,70,Un año,Sí,Cheque electrónico,DSL,No,No,No,46.27,3230.64,2,0
CU6231,Masculino,0,Sí,No,49,Mes a mes,Sí,Cheque electrónico,Sin internet,No,Sí,No,97.04,4570.83,1,0
CU6232,Femenino,1,No,Sí,70,Mes a mes,No,Cheque electrónico,DSL,Sí,No,No,109.44,7644.05,0,0
CU6233,Masculino,0,Sí,No,20,Mes a mes,No,Cheque electrónico,Fibra óptica,No,No,No,54.97,1072.3,1,0
CU6234,Femenino,1,Sí,No,45,Mes a mes,No,Domiciliación bancaria,DSL,Sí,No,Sí,88.76,4032.63,1,0
CU6235,Femenino,1,Sí,Sí,21,Un año,No,Transferencia,Sin internet,Sí,No,Sí,95.4,2078.78,1,0
CU6236,Femenino,0,Sí,No,19,Mes a mes,No,Tarjeta de crédito,Fibra óptica,Sí,Sí,Sí,60.46,1144.27,0,0
CU6237,Masculino,0,Sí,No,20,Mes a mes,Sí,Tarjeta de crédito,Fibra óptica,No,No,No,18.0,370.84,2,0
CU6238,Masculino,0,No,No,63,Dos años,No,Transferencia,Sin internet,Sí,No,Sí,71.01,4398.79,1,0
CU6239,Femenino,0,Sí,No,54,Mes a mes,Sí,Tarjeta de crédito,DSL,Sí,Sí,No,18.0,1018.02,1,0
CU6240,Femenino,0,No,No,12,Dos años,Sí,Tarjeta de crédito,DSL,No,Sí,No,112.07,1318.93,0,1
CU6241,Masculino,0,No,Sí,38,Dos años,Sí,Transferencia,Fibra óptica,Sí,No,Sí,83.73,3003.81,1,0
CU6242,Femenino,0,Sí,No,54,Mes a mes,No,Tarjeta de crédito,DSL,Sí,No,Sí,59.64,3238.6,1,0
CU6243,Masculino,1,Sí,No,55,Mes a mes,No,Cheque electrónico,DSL,No,Sí,No,93.41,5368.85,0,0
CU6244,Masculino,1,No,No,63,Un año,Sí,Transferencia,Fibra óptica,No,No,No,33.71,2040.98,0,0
CU6245,Femenino,0,No,No,52,Mes a mes,No,Tarjeta de crédito,DSL,No,No,No,98.7,4940.65,0,0
CU6246,Femenino,0,Sí,Sí,67,Mes a mes,Sí,Domiciliación bancaria,Sin internet,No,No,Sí,72.97,4983.63,1,0
CU6247,Femenino,0,No,No,56,Mes a mes,No,Cheque electrónico,Sin internet,No,No,No,73.47,4298.91,0,0
CU6248,Masculino,1,Sí,No,41,Mes a mes,Sí,Transferencia,Fibra óptica,No,Sí,Sí,54.66,2183.14,2,0
CU6249,Masculino,1,Sí,No,9,Mes a mes,Sí,Transferencia,Fibra óptica,Sí,No,No,57.82,519.65,0,0
CU6250,Masculino,0,No,Sí,69,Mes a mes,No,Cheque electrónico,DSL,No,No,Sí,81.74,5271.54,2,0
CU6251,Femenino,1,No,No,35,Mes a mes,Sí,Cheque electrónico,DSL,No,Sí,No,40.35,1380.26,2,0
CU6252,Masculino,0,Sí,No,2,Dos años,Sí,Tarjeta de crédito,Sin internet,No,No,No,30.65,60.79,1,0
CU6253,Masculino,0,Sí,Sí,34,Dos años,Sí,Cheque electrónico,DSL,No,No,Sí,95.64,3002.35,0,0
CU6254,Femenino,0,Sí,Sí,2,Dos años,No,Domiciliación bancaria,DSL,No,No,No,80.14,163.93,1,1
CU6255,Masculino,0,No,No,18,Mes a mes,Sí,Cheque electrónico,DSL,Sí,Sí,No,38.35,691.87,0,0
CU6256,Masculino,0,Sí,Sí,55,Mes a mes,Sí,Cheque electrónico,Fibra óptica,No,No,No,68.17,3633.59,0,0
CU6257,Femenino,0,No,Sí,56,Dos años,No,Tarjeta de crédito,Fibra óptica,Sí,Sí,No,66.43,3895.58,2,0
CU6258,Femenino,0,Sí,No,72,Dos años,Sí,Cheque electrónico,DSL,No,Sí,Sí,44.96,3066.12,0,0
CU6259,Masculino,1,Sí,No,15,Mes a mes,No,Domiciliación bancaria,DSL,No,Sí,No,71.2,1039.15,1,1
CU6260,Femenino,0,No,No,10,Mes a mes,No,Domiciliación bancaria,Fibra óptica,Sí,No,No,64.25,622.47,1,0
CU6261,Masculino,0,Sí,No,21,Un año,Sí,Tarjeta de crédito,Fibra óptica,Sí,Sí,No,90.33,1841.71,3,0
CU6262,Masculino,0,Sí,Sí,27,Un año,No,Cheque electrónico,Fibra óptica,No,No,Sí,76.77,2003.45,0,1
CU6263,Masculino,0,Sí,No,18,Un año,Sí,Domiciliación bancaria,Fibra óptica,No,No,No,49.98,928.58,0,0
CU6264,Masculino,0,No,No,71,Dos años,Sí,Domiciliación bancaria,Fibra óptica,No,Sí,No,49.23,3481.21,1,0
CU6265,Femenino,0,No,No,58,Mes a mes,No,Cheque electrónico,DSL,No,No,No,77.24,4232.74,0,0
CU6266,Femenino,0,No,No,63,Dos años,No,Domiciliación bancaria,DSL,No,No,No,18.0,1123.76,1,0
CU6267,Masculino,1,No,Sí,47,Mes a mes,Sí,Cheque electrónico,Sin internet,No,Sí,Sí,33.47,1642.0,0,0
CU6268,Masculino,0,Sí,Sí,29,Un año,Sí,Tarjeta de crédito,Fibra óptica,No,Sí,No,59.85,1662.51,2,0
CU6269,Femenino,1,No,No,20,Un año,Sí,Cheque electrónico,Sin internet,No,Sí,Sí,61.31,1159.0,3,0
CU6270,Femenino,0,No,No,65,Un año,Sí,Transferencia,DSL,Sí,Sí,Sí,92.73,5607.02,1,0
CU6271,Femenino,1,Sí,Sí,10,Mes a mes,Sí,Transferencia,DSL,Sí,No,No,25.4,245.68,0,0
CU6272,Femenino,0,Sí,No,32,Mes a mes,No,Tarjeta de crédito,Fibra óptica,Sí,Sí,No,52.51,1723.65,2,1
CU6273,Femenino,0,No,No,5,Dos años,Sí,Transferencia,Fibra óptica,No,Sí,Sí,64.79,334.41,0,0
CU6274,Femenino,0,Sí,No,24,Mes a mes,Sí,Domiciliación bancaria,Fibra óptica,Sí,No,Sí,55.97,1286.53,0,1
CU6275,Masculino,0,Sí,No,67,Mes a mes,Sí,Domiciliación bancaria,Fibra óptica,No,No,No,44.1,2782.58,2,0
CU6276,Femenino,1,Sí,No,42,Mes a mes,Sí,Tarjeta de crédito,Fibra óptica,No,No,Sí,47.2,2046.07,0,0
CU6277,Femenino,1,Sí,Sí,6,Mes a mes,Sí,Cheque electrónico,Fibra óptica,No,Sí,No,72.08,432.58,0,1
CU6278,Masculino,1,No,No,20,Un año,Sí,Domiciliación bancaria,Sin internet,No,No,No,57.38,1089.58,4,1
CU6279,Femenino,1,No,No,11,Mes a mes,No,Transferencia,Sin internet,Sí,Sí,No,54.43,569.14,3,1
CU6280,Femenino,0,Sí,No,47,Mes a mes,Sí,Tarjeta de crédito,Fibra óptica,No,No,No,32.01,1467.36,1,0
CU6281,Femenino,0,No,No,31,Dos años,Sí,Domiciliación bancaria,Fibra óptica,Sí,Sí,Sí,129.04,3981.36,2,0
CU6282,Femenino,0,Sí,No,21,Mes a mes,Sí,Domiciliación bancaria,Fibra óptica,Sí,No,Sí,69.09,1422.06,1,1
CU6283,Femenino,0,No,Sí,50,Dos años,No,Domiciliación bancaria,Sin internet,No,No,Sí,109.16,5299.05,1,0
CU6284,Masculino,0,Sí,Sí,37,Mes a mes,Sí,Cheque electrónico,DSL,No,No,No,57.14,1990.74,2,0
CU6285,Femenino,0,Sí,No,51,Un año,Sí,Cheque electrónico,Sin internet,No,No,No,68.41,3249.39,0,1
CU6286,Masculino,0,No,No,56,Un año,Sí,Tarjeta de crédito,Fibra óptica,No,No,Sí,79.24,4311.12,3,1
CU6287,Masculino,0,Sí,No,12,Mes a mes,No,Transferencia,DSL,Sí,Sí,No,61.61,730.13,1,0
CU6288,Masculino,0,Sí,No,62,Dos años,No,Domiciliación bancaria,Fibra óptica,Sí,No,No,68.39,4387.64,2,0
CU6289,Femenino,0,No,No,6,Un año,Sí,Domiciliación bancaria,Fibra óptica,No,No,Sí,71.64,426.13,0,0
CU6290,Masculino,1,Sí,Sí,2,Un año,No,Tarjeta de crédito,DSL,No,Sí,No,58.95,113.82,3,0
CU6291,Femenino,1,No,No,3,Mes a mes,No,Domiciliación bancaria,DSL,Sí,Sí,Sí,62.2,177.4,2,0
CU6292,Femenino,0,No,No,52,Un año,No,Cheque electrónico,Sin internet,No,No,No,93.96,4552.22,1,0
CU6293,Femenino,0,Sí,Sí,5,Un año,No,Cheque electrónico,DSL,No,No,No,37.84,197.02,1,0
CU6294,Masculino,0,No,No,64,Dos años,No,Cheque electrónico,Fibra óptica,No,No,No,113.85,6888.44,1,0
CU6295,Masculino,0,No,No,53,Mes a mes,No,Tarjeta de crédito,DSL,Sí,Sí,Sí,81.37,4387.71,4,0
CU6296,Masculino,0,Sí,Sí,53,Mes a mes,Sí,Tarjeta de crédito,Fibra óptica,Sí,No,Sí,56.98,2847.95,1,0
CU6297,Femenino,0,No,Sí,23,Mes a mes,Sí,Domiciliación bancaria,DSL,No,Sí,No,90.51,1932.0,1,1
CU6298,Femenino,0,No,No,16,Mes a mes,No,Cheque electrónico,Fibra óptica,No,No,Sí,88.68,1389.53,2,0
CU6299,Masculino,0,No,Sí,23,Un año,No,Domiciliación bancaria,Fibra óptica,No,No,Sí,74.37,1760.49,2,0
CU6300,Femenino,0,No,Sí,54,Un año,Sí,Domiciliación bancaria,Fibra óptica,Sí,No,Sí,62.28,3252.62,1,0
CU6301,Femenino,1,No,No,15,Un año,No,Tarjeta de crédito,DSL,No,Sí,No,19.69,295.78,1,0
CU6302,Masculino,1,No,No,58,Un año,Sí,Domiciliación bancaria,DSL,No,No,No,45.83,2613.48,0,0
CU6303,Femenino,0,No,Sí,25,Mes a mes,Sí,Transferencia,Fibra óptica,No,No,No,67.36,1706.74,2,0
CU6304,Femenino,0,No,No,13,Mes a mes,Sí,Transferencia,Fibra óptica,No,Sí,No,79.05,1002.56,0,1
CU6305,Masculino,0,No,No,28,Dos años,No,Tarjeta de crédito,Fibra óptica,Sí,No,No,67.48,1766.12,0,0
CU6306,Masculino,0,No,Sí,66,Mes a mes,No,Tarjeta de crédito,Sin internet,No,No,Sí,77.11,4771.03,1,0
CU6307,Femenino,0,No,Sí,22,Mes a mes,Sí,Tarjeta de crédito,Sin internet,No,Sí,Sí,58.63,1201.82,1,0
CU6308,Masculino,0,Sí,No,19,Mes a mes,No,Tarjeta de crédito,DSL,Sí,No,Sí,83.48,1521.15,2,1
CU6309,Femenino,0,Sí,No,52,Mes a mes,No,Cheque electrónico,Sin internet,No,No,Sí,126.2,6675.35,1,1
CU6310,Masculino,0,Sí,Sí,69,Mes a mes,No,Transferencia,Fibra óptica,No,Sí,Sí,70.22,5021.77,0,0
CU6311,Femenino,1,No,No,16,Un año,Sí,Tarjeta de crédito,Fibra óptica,Sí,No,No,62.06,942.42,2,0
CU6312,Masculino,0,Sí,No,36,Mes a mes,No,Transferencia,DSL,No,Sí,Sí,65.4,2375.14,3,0
CU6313,Femenino,0,No,Sí,57,Mes a mes,No,Domiciliación bancaria,Sin internet,No,No,Sí,88.36,5107.93,0,0
CU6314,Femenino,0,Sí,No,9,Un año,Sí,Cheque electrónico,Fibra óptica,No,Sí,No,64.54,549.59,1,0
CU6315,Masculino,0,Sí,No,15,Mes a mes,Sí,Domiciliación bancaria,DSL,No,No,No,87.92,1290.36,1,0
CU6316,Femenino,0,No,Sí,51,Dos años,Sí,Transferencia,Fibra óptica,Sí,No,Sí,91.36,4680.7,1,0
CU6317,Femenino,0,Sí,No,20,Un año,No,Transferencia,Fibra óptica,No,No,No,115.69,2402.33,1,1
CU6318,Femenino,0,No,No,41,Un año,Sí,Domiciliación bancaria,DSL,No,No,No,78.58,3351.45,0,0
CU6319,Masculino,1,No,Sí,34,Mes a mes,Sí,Cheque electrónico,DSL,No,No,Sí,68.71,2386.1,1,0
CU6320,Femenino,0,No,No,55,Un año,No,Cheque electrónico,DSL,No,No,No,75.54,3924.14,3,0
CU6321,Masculino,0,Sí,No,35,Un año,No,Cheque electrónico,Fibra óptica,No,No,Sí,65.74,2276.02,2,0
CU6322,Femenino,1,No,No,21,Dos años,Sí,Cheque electrónico,DSL,No,Sí,Sí,71.0,1494.63,1,1
CU6323,Masculino,0,Sí,No,21,Mes a mes,No,Tarjeta de crédito,DSL,No,No,No,104.35,2270.02,2,1
CU6324,Masculino,1,Sí,No,4,Mes a mes,No,Cheque electrónico,Fibra óptica,Sí,No,No,52.7,219.25,1,0
CU6325,Masculino,0,Sí,No,8,Mes a mes,Sí,Transferencia,Fibra óptica,No,Sí,No,29.2,236.05,0,0
CU6326,Masculino,0,Sí,No,12,Mes a mes,No,Cheque electrónico,Fibra óptica,No,No,No,69.62,770.07,1,1
CU6327,Femenino,0,Sí,No,63,Mes a mes,No,Cheque electrónico,Fibra óptica,Sí,No,No,71.2,4408.53,2,0
CU6328,Femenino,0,Sí,No,34,Mes a mes,No,Cheque electrónico,Fibra óptica,Sí,No,Sí,93.59,3315.37,1,0
CU6329,Masculino,0,No,Sí,71,Mes a mes,No,Cheque electrónico,DSL,No,No,Sí,61.55,4498.76,1,1
CU6330,Masculino,1,No,No,3,Mes a mes,Sí,Tarjeta de crédito,Fibra óptica,No,Sí,No,53.17,150.45,0,0
CU6331,Femenino,0,Sí,No,72,Dos años,No,Domiciliación bancaria,Sin internet,Sí,No,No,48.62,3480.61,0,0
CU6332,Masculino,0,No,No,48,Un año,No,Domiciliación bancaria,Sin internet,No,Sí,No,48.2,2321.7,1,0
CU6333,Femenino,0,No,No,36,Mes a mes,Sí,Tarjeta de crédito,DSL,No,Sí,Sí,42.26,1480.26,0,0
CU6334,Femenino,0,Sí,No,36,Un año,No,Cheque electrónico,Sin internet,No,No,No,32.08,1080.58,0,0
CU6335,Femenino,0,Sí,No,69,Mes a mes,Sí,Transferencia,Sin internet,No,No,No,18.0,1153.54,2,0
CU6336,Masculino,0,No,Sí,15,Mes a mes,No,Tarjeta de crédito,DSL,Sí,No,No,88.57,1365.24,1,1
CU6337,Femenino,0,No,No,24,Mes a mes,No,Domiciliación bancaria,Fibra óptica,No,Sí,No,71.06,1700.79,1,0
CU6338,Femenino,1,No,Sí,58,Mes a mes,Sí,Tarjeta de crédito,Sin internet,Sí,No,No,124.32,7295.1,1,1
CU6339,Masculino,0,No,Sí,1,Dos años,Sí,Cheque electrónico,Fibra óptica,No,No,No,24.19,24.78,0,0
CU6340,Femenino,0,Sí,No,47,Mes a mes,Sí,Cheque electrónico,Fibra óptica,No,Sí,No,120.17,5496.63,0,0
CU6341,Femenino,0,Sí,No,45,Mes a mes,No,Domiciliación bancaria,DSL,Sí,No,No,61.04,2775.12,1,0
CU6342,Femenino,0,No,No,40,Un año,Sí,Domiciliación bancaria,Fibra óptica,No,No,Sí,20.82,853.17,0,0
CU6343,Femenino,0,Sí,No,32,Mes a mes,Sí,Transferencia,Fibra óptica,No,No,Sí,18.0,598.81,4,0
CU6344,Masculino,0,Sí,No,52,Dos años,Sí,Cheque electrónico,DSL,Sí,Sí,Sí,50.27,2736.29,0,0
CU6345,Masculino,0,Sí,Sí,67,Un año,Sí,Cheque electrónico,Fibra óptica,No,No,Sí,90.54,6028.3,1,0
CU6346,Masculino,0,No,No,43,Dos años,Sí,Tarjeta de crédito,Sin internet,No,No,No,72.69,3177.34,2,0
CU6347,Masculino,0,No,No,60,Un año,Sí,Tarjeta de crédito,Sin internet,No,Sí,Sí,54.87,3391.78,1,0
CU6348,Masculino,0,Sí,Sí,0,Un año,Sí,Tarjeta de crédito,DSL,No,No,No,96.9,91.04,1,1
CU6349,Masculino,0,Sí,No,10,Mes a mes,No,Tarjeta de crédito,Fibra óptica,No,Sí,Sí,68.5,658.76,1,1
CU6350,Femenino,0,Sí,No,39,Mes a mes,Sí,Domiciliación bancaria,Fibra óptica,No,No,No,20.89,781.8,0,0
CU6351,Masculino,0,No,No,58,Mes a mes,No,Tarjeta de crédito,DSL,No,No,No,101.22,5965.46,2,0
CU6352,Femenino,0,No,Sí,18,Mes a mes,No,Cheque electrónico,Fibra óptica,Sí,Sí,No,35.95,616.9,1,0
CU6353,Masculino,0,No,No,53,Mes a mes,No,Domiciliación bancaria,Fibra óptica,No,No,No,35.27,1840.59,1,1
CU6354,Femenino,0,Sí,Sí,56,Mes a mes,No,Cheque electrónico,Fibra óptica,No,Sí,Sí,58.96,3099.24,2,0
CU6355,Masculino,0,No,No,44,Mes a mes,Sí,Domiciliación bancaria,DSL,No,No,No,74.44,3315.7,2,0
CU6356,Masculino,0,Sí,Sí,48,Mes a mes,No,Domiciliación bancaria,Sin internet,No,Sí,No,47.03,2240.74,1,0
CU6357,Masculino,0,No,No,15,Un año,No,Transferencia,Sin internet,No,Sí,No,18.0,280.29,1,0
CU6358,Masculino,0,No,No,43,Mes a mes,Sí,Domiciliación bancaria,Fibra óptica,No,No,Sí,48.07,1997.79,2,0
CU6359,Masculino,0,Sí,No,11,Mes a mes,No,Domiciliación bancaria,Fibra óptica,No,No,Sí,92.78,1058.63,0,1
CU6360,Masculino,0,No,No,39,Mes a mes,No,Domiciliación bancaria,DSL,No,No,No,64.94,2600.84,1,0
CU6361,Masculino,0,No,Sí,65,Mes a mes,Sí,Tarjeta de crédito,Fibra óptica,No,No,No,96.31,6292.67,0,0
CU6362,Femenino,1,Sí,Sí,18,Un año,Sí,Transferencia,DSL,No,No,Sí,79.55,1445.0,0,0
CU6363,Masculino,1,Sí,No,60,Mes a mes,Sí,Tarjeta de crédito,DSL,Sí,No,Sí,49.62,2861.53,1,0
CU6364,Masculino,0,No,No,47,Un año,Sí,Tarjeta de crédito,Fibra óptica,No,Sí,Sí,44.9,2195.49,1,0
CU6365,Femenino,0,No,No,42,Mes a mes,Sí,Transferencia,Fibra óptica,Sí,No,No,70.37,2975.14,4,0
CU6366,Femenino,0,No,Sí,57,Un año,No,Domiciliación bancaria,Fibra óptica,Sí,Sí,No,70.51,3979.93,0,0
CU6367,Femenino,0,No,No,45,Mes a mes,Sí,Domiciliación bancaria,Fibra óptica,No,No,No,68.25,3067.55,1,0
CU6368,Masculino,0,No,Sí,28,Un año,Sí,Transferencia,Fibra óptica,Sí,No,Sí,70.75,1853.81,0,0
CU6369,Femenino,1,Sí,No,11,Mes a mes,Sí,Domiciliación bancaria,Sin internet,No,No,Sí,61.14,675.1,0,0
CU6370,Masculino,0,No,Sí,25,Un año,Sí,Tarjeta de crédito,Sin internet,No,Sí,No,61.69,1516.68,2,0
CU6371,Femenino,1,No,No,47,Dos años,No,Transferencia,DSL,No,No,Sí,42.16,1948.83,0,0
CU6372,Femenino,0,Sí,No,68,Mes a mes,Sí,Tarjeta de crédito,Fibra óptica,No,No,No,35.37,2329.66,3,0
CU6373,Femenino,0,Sí,No,68,Mes a mes,Sí,Domiciliación bancaria,Fibra óptica,Sí,Sí,Sí,85.88,5814.76,2,0
CU6374,Femenino,1,Sí,No,58,Mes a mes,No,Transferencia,DSL,Sí,No,No,37.25,2234.99,0,0
CU6375,Masculino,0,No,No,54,Mes a mes,Sí,Cheque electrónico,DSL,No,Sí,No,18.0,943.14,3,0
CU6376,Femenino,1,Sí,No,4,Mes a mes,No,Cheque electrónico,Fibra óptica,No,No,No,55.28,217.91,0,0
CU6377,Femenino,0,Sí,No,42,Un año,Sí,Tarjeta de crédito,DSL,Sí,No,No,72.71,3037.5,4,0
CU6378,Masculino,0,No,Sí,20,Un año,No,Tarjeta de crédito,Fibra óptica,No,No,No,60.28,1177.3,3,1
CU6379,Femenino,1,No,No,30,Un año,No,Domiciliación bancaria,Sin internet,No,No,Sí,31.53,982.21,2,0
CU6380,Masculino,0,Sí,Sí,62,Mes a mes,No,Tarjeta de crédito,Fibra óptica,No,No,Sí,95.89,5575.49,3,0
CU6381,Femenino,0,Sí,No,15,Mes a mes,Sí,Cheque electrónico,Fibra óptica,No,No,No,71.49,1062.0,2,1
CU6382,Masculino,0,Sí,No,55,Mes a mes,Sí,Transferencia,DSL,No,Sí,Sí,97.39,5137.99,1,0
CU6383,Femenino,0,Sí,No,1,Mes a mes,No,Domiciliación bancaria,DSL,No,No,Sí,63.74,65.06,1,0
CU6384,Masculino,0,No,No,14,Mes a mes,Sí,Transferencia,DSL,Sí,No,Sí,78.74,1035.46,1,1
CU6385,Femenino,0,No,No,33,Dos años,Sí,Tarjeta de crédito,Fibra óptica,No,No,No,33.15,1010.99,1,0
CU6386,Femenino,1,No,Sí,35,Mes a mes,No,Tarjeta de crédito,DSL,No,Sí,No,18.0,592.48,4,0
CU6387,Masculino,0,No,No,24,Mes a mes,No,Cheque electrónico,DSL,Sí,No,Sí,65.98,1633.28,0,0
CU6388,Masculino,0,Sí,No,13,Dos años,Sí,Transferencia,Sin internet,Sí,No,No,27.55,371.07,1,0
CU6389,Femenino,1,Sí,No,36,Dos años,No,Transferencia,DSL,No,Sí,No,89.31,3099.32,0,0
CU6390,Masculino,0,No,No,43,Mes a mes,Sí,Cheque electrónico,Fibra óptica,No,Sí,Sí,90.93,4055.71,0,0
CU6391,Masculino,0,No,No,38,Un año,No,Domiciliación bancaria,Fibra óptica,No,Sí,No,73.71,2606.92,1,0
CU6392,Femenino,0,Sí,Sí,6,Dos años,Sí,Tarjeta de crédito,DSL,Sí,No,No,41.48,253.39,2,0
CU6393,Masculino,0,Sí,Sí,44,Mes a mes,Sí,Tarjeta de crédito,Fibra óptica,Sí,No,No,64.72,2661.52,0,0
CU6394,Femenino,1,No,No,19,Un año,Sí,Transferencia,Sin internet,No,Sí,No,80.5,1422.28,1,0
CU6395,Femenino,0,No,No,46,Dos años,Sí,Transferencia,Fibra óptica,Sí,Sí,Sí,76.36,3654.33,0,0
CU6396,Masculino,0,Sí,Sí,6,Dos años,No,Domiciliación bancaria,Fibra óptica,Sí,No,Sí,39.33,236.42,0,0
CU6397,Femenino,1,No,No,4,Dos años,No,Tarjeta de crédito,Fibra óptica,No,No,No,18.0,73.39,3,0
CU6398,Femenino,0,Sí,No,67,Un año,Sí,Transferencia,Fibra óptica,Sí,No,No,75.56,4892.86,0,0
CU6399,Femenino,0,Sí,No,11,Un año,Sí,Domiciliación bancaria,Sin internet,No,No,No,64.45,727.22,2,0
CU6400,Femenino,0,No,No,13,Mes a mes,Sí,Tarjeta de crédito,DSL,No,No,No,81.01,1063.6,0,0
CU6401,Masculino,0,Sí,No,19,Dos años,Sí,Tarjeta de crédito,Fibra óptica,Sí,No,No,64.44,1133.3,2,0
CU6402,Femenino,0,Sí,Sí,38,Un año,Sí,Tarjeta de crédito,Sin internet,No,Sí,No,60.51,2394.77,3,0
CU6403,Femenino,0,No,Sí,25,Mes a mes,Sí,Domiciliación bancaria,DSL,No,Sí,No,59.99,1387.47,2,1
CU6404,Femenino,0,No,No,13,Dos años,Sí,Transferencia,DSL,Sí,No,No,56.13,747.29,0,0
CU6405,Femenino,0,Sí,No,42,Mes a mes,No,Cheque electrónico,Fibra óptica,No,Sí,No,130.0,5665.5,1,1
CU6406,Masculino,0,No,No,9,Dos años,Sí,Cheque electrónico,Sin internet,No,No,No,58.44,533.77,4,0
CU6407,Femenino,0,No,No,44,Un año,Sí,Domiciliación bancaria,DSL,No,No,Sí,55.89,2371.2,0,0
CU6408,Masculino,0,Sí,Sí,0,Mes a mes,Sí,Cheque electrónico,Fibra óptica,No,No,Sí,85.27,85.1,0,1
CU6409,Femenino,0,No,No,29,Mes a mes,No,Tarjeta de crédito,DSL,No,No,Sí,77.61,2107.68,2,1
CU6410,Femenino,1,No,No,5,Un año,Sí,Transferencia,Fibra óptica,No,Sí,Sí,67.43,329.53,1,0
CU6411,Masculino,0,Sí,Sí,20,Un año,Sí,Tarjeta de crédito,Fibra óptica,No,No,Sí,40.97,786.18,0,0
CU6412,Femenino,0,No,No,38,Mes a mes,Sí,Transferencia,Fibra óptica,Sí,No,Sí,28.28,1025.12,2,0
CU6413,Masculino,0,No,No,6,Mes a mes,Sí,Transferencia,Fibra óptica,Sí,Sí,Sí,63.46,388.85,0,0
CU6414,Masculino,0,Sí,Sí,38,Mes a mes,No,Cheque electrónico,Sin internet,Sí,No,Sí,59.58,2230.39,1,0
CU6415,Masculino,1,Sí,No,22,Dos años,Sí,Cheque electrónico,DSL,No,Sí,No,50.97,1157.21,0,1
CU6416,Masculino,0,No,Sí,18,Mes a mes,Sí,Domiciliación bancaria,DSL,No,Sí,No,87.34,1620.84,1,1
CU6417,Masculino,0,No,Sí,24,Mes a mes,Sí,Tarjeta de crédito,Fibra óptica,No,Sí,No,90.88,2110.32,0,0
CU6418,Masculino,0,No,No,68,Mes a mes,Sí,Cheque electrónico,Fibra óptica,Sí,No,No,97.25,6214.49,1,0
CU6419,Femenino,0,No,No,49,Mes a mes,No,Transferencia,Fibra óptica,Sí,No,No,36.28,1725.41,1,1
CU6420,Masculino,0,Sí,Sí,32,Dos años,Sí,Domiciliación bancaria,Sin internet,Sí,No,No,94.08,2844.48,2,1
CU6421,Masculino,0,Sí,No,14,Mes a mes,Sí,Domiciliación bancaria,DSL,No,Sí,No,18.0,261.3,1,0
CU6422,Masculino,0,No,No,58,Un año,No,Domiciliación bancaria,Fibra óptica,No,Sí,Sí,63.45,3520.0,3,0
CU6423,Femenino,0,No,Sí,40,Dos años,Sí,Tarjeta de crédito,Fibra óptica,No,Sí,Sí,89.16,3718.38,1,0
CU6424,Masculino,0,Sí,Sí,37,Dos años,No,Cheque electrónico,Fibra óptica,Sí,Sí,No,36.18,1250.08,2,0
CU6425,Femenino,0,Sí,Sí,63,Dos años,Sí,Transferencia,Fibra óptica,Sí,No,Sí,27.52,1656.62,0,0
CU6426,Femenino,0,No,No,17,Dos años,Sí,Cheque electrónico,DSL,No,Sí,No,63.5,1039.52,1,0
CU6427,Masculino,1,No,No,69,Un año,Sí,Transferencia,Fibra óptica,No,Sí,No,111.25,7197.28,2,1
CU6428,Femenino,0,Sí,No,11,Dos años,No,Cheque electrónico,Fibra óptica,No,Sí,Sí,112.7,1266.22,0,0
CU6429,Masculino,0,Sí,No,50,Un año,No,Transferencia,DSL,No,No,Sí,97.88,4539.59,1,0
CU6430,Masculino,1,Sí,No,12,Dos años,Sí,Tarjeta de crédito,Fibra óptica,No,Sí,No,37.07,464.09,0,0
CU6431,Masculino,1,Sí,No,4,Dos años,No,Tarjeta de crédito,Fibra óptica,Sí,Sí,Sí,65.12,245.28,0,0
CU6432,Masculino,0,No,No,49,Mes a mes,No,Tarjeta de crédito,Sin internet,No,No,No,127.66,5863.46,4,0
CU6433,Femenino,0,No,No,47,Mes a mes,Sí,Transferencia,Sin internet,No,No,Sí,90.29,4297.64,0,0
CU6434,Femenino,0,No,Sí,54,Dos años,Sí,Domiciliación bancaria,Sin internet,Sí,No,Sí,21.68,1093.9,1,0
CU6435,Femenino,0,Sí,No,0,Mes a mes,Sí,Domiciliación bancaria,Fibra óptica,Sí,No,Sí,87.55,87.96,1,1
CU6436,Femenino,1,No,No,12,Dos años,No,Tarjeta de crédito,Sin internet,No,No,Sí,44.44,527.27,1,0
CU6437,Masculino,0,Sí,No,28,Mes a mes,Sí,Domiciliación bancaria,DSL,No,Sí,Sí,56.97,1527.16,1,0
CU6438,Femenino,0,Sí,No,72,Un año,Sí,Transferencia,Fibra óptica,Sí,Sí,Sí,85.93,6306.08,2,0
CU6439,Femenino,0,Sí,No,68,Dos años,No,Transferencia,Fibra óptica,No,No,No,54.88,3815.2,1,0
CU6440,Masculino,0,No,Sí,66,Mes a mes,Sí,Tarjeta de crédito,Fibra óptica,Sí,Sí,Sí,50.5,3070.68,0,0
CU6441,Femenino,0,No,No,52,Mes a mes,Sí,Tarjeta de crédito,Fibra óptica,No,No,No,95.25,4853.58,1,0
CU6442,Masculino,0,No,No,17,Dos años,Sí,Transferencia,Fibra óptica,Sí,No,Sí,86.15,1520.27,1,0
CU6443,Masculino,0,Sí,No,55,Mes a mes,No,Cheque electrónico,Fibra óptica,Sí,Sí,Sí,74.39,3995.5,1,0
CU6444,Femenino,0,Sí,No,22,Un año,Sí,Tarjeta de crédito,Fibra óptica,No,Sí,No,124.06,2757.56,2,0
CU6445,Femenino,0,Sí,No,26,Mes a mes,Sí,Domiciliación bancaria,Fibra óptica,No,Sí,No,71.05,1815.87,2,1
CU6446,Femenino,0,No,No,70,Mes a mes,No,Transferencia,Fibra óptica,No,Sí,No,74.11,4889.24,3,0
CU6447,Femenino,1,Sí,No,20,Mes a mes,Sí,Domiciliación bancaria,Sin internet,Sí,No,No,56.3,1127.29,2,1
CU6448,Femenino,0,Sí,No,72,Dos años,No,Tarjeta de crédito,Fibra óptica,No,Sí,No,38.01,2551.34,1,0
CU6449,Femenino,0,No,No,59,Un año,No,Tarjeta de crédito,Sin internet,Sí,No,Sí,25.38,1569.36,1,0
CU6450,Masculino,0,No,No,30,Dos años,Sí,Transferencia,Sin internet,No,Sí,No,89.23,2592.37,0,0
CU6451,Femenino,0,Sí,Sí,21,Dos años,No,Tarjeta de crédito,DSL,No,No,Sí,52.61,1037.93,0,0
CU6452,Femenino,0,Sí,Sí,61,Mes a mes,Sí,Transferencia,Fibra óptica,No,No,Sí,130.0,7936.21,0,1
CU6453,Femenino,0,No,No,67,Dos años,No,Domiciliación bancaria,Fibra óptica,Sí,No,No,40.32,2724.42,0,0
CU6454,Masculino,0,No,Sí,67,Mes a mes,Sí,Domiciliación bancaria,Sin internet,Sí,Sí,No,43.89,3066.95,3,0
CU6455,Femenino,0,Sí,No,21,Dos años,Sí,Domiciliación bancaria,Sin internet,No,No,No,74.41,1537.94,1,0
CU6456,Femenino,0,Sí,Sí,64,Mes a mes,Sí,Transferencia,DSL,Sí,No,Sí,36.36,2165.96,2,0
CU6457,Masculino,0,No,Sí,27,Mes a mes,Sí,Transferencia,Sin internet,Sí,No,No,23.28,592.33,0,0
CU6458,Masculino,1,Sí,Sí,48,Un año,Sí,Transferencia,DSL,No,No,Sí,84.1,3843.7,1,0
CU6459,Masculino,0,Sí,No,44,Dos años,Sí,Domiciliación bancaria,DSL,No,Sí,Sí,18.0,755.73,2,0
CU6460,Masculino,0,No,No,30,Dos años,No,Domiciliación bancaria,Fibra óptica,Sí,Sí,Sí,70.71,1977.75,0,0
CU6461,Masculino,1,No,No,25,Mes a mes,No,Domiciliación bancaria,Fibra óptica,No,No,No,71.3,1665.11,1,0
CU6462,Masculino,1,Sí,No,36,Un año,No,Cheque electrónico,Fibra óptica,No,No,Sí,91.18,3095.41,2,0
CU6463,Femenino,0,Sí,No,4,Mes a mes,Sí,Cheque electrónico,DSL,No,No,No,78.57,293.1,1,0
CU6464,Masculino,1,No,No,52,Mes a mes,No,Transferencia,Fibra óptica,Sí,No,Sí,130.0,6978.22,2,0
CU6465,Femenino,0,No,No,3,Mes a mes,No,Tarjeta de crédito,DSL,No,No,Sí,54.57,165.59,2,1
CU6466,Femenino,1,Sí,No,18,Un año,No,Domiciliación bancaria,Fibra óptica,No,No,Sí,27.91,504.02,1,0
CU6467,Femenino,0,Sí,Sí,44,Mes a mes,No,Tarjeta de crédito,Fibra óptica,No,Sí,Sí,130.0,5712.28,0,1
CU6468,Masculino,1,Sí,No,51,Un año,Sí,Cheque electrónico,Sin internet,Sí,No,Sí,67.92,3324.64,4,0
CU6469,Masculino,0,Sí,No,56,Dos años,No,Domiciliación bancaria,Fibra óptica,No,No,No,40.58,2161.06,3,0
CU6470,Femenino,0,Sí,No,38,Un año,Sí,Domiciliación bancaria,Fibra óptica,Sí,No,No,20.76,762.08,1,0
CU6471,Masculino,1,Sí,No,40,Mes a mes,Sí,Domiciliación bancaria,DSL,No,Sí,Sí,56.24,2154.59,1,0
CU6472,Masculino,0,No,No,42,Dos años,No,Cheque electrónico,Fibra óptica,Sí,No,Sí,43.19,1690.75,1,0
CU6473,Masculino,0,Sí,No,63,Un año,Sí,Cheque electrónico,Fibra óptica,No,No,No,43.44,2765.56,0,0
CU6474,Masculino,1,No,Sí,61,Un año,Sí,Tarjeta de crédito,Fibra óptica,No,Sí,No,18.0,1038.71,0,0
CU6475,Femenino,1,No,No,32,Dos años,No,Cheque electrónico,Sin internet,Sí,Sí,No,54.67,1700.98,0,0
CU6476,Femenino,0,No,Sí,68,Mes a mes,Sí,Domiciliación bancaria,DSL,No,Sí,Sí,77.04,5108.78,1,0
CU6477,Masculino,0,No,No,19,Mes a mes,No,Transferencia,Sin internet,No,No,Sí,36.9,726.24,2,0
CU6478,Femenino,0,Sí,No,22,Mes a mes,Sí,Domiciliación bancaria,DSL,Sí,No,No,52.84,1149.19,1,0
CU6479,Femenino,0,Sí,Sí,8,Mes a mes,Sí,Domiciliación bancaria,DSL,No,No,Sí,51.43,425.9,0,1
CU6480,Masculino,0,No,No,55,Mes a mes,No,Domiciliación bancaria,Fibra óptica,Sí,No,Sí,67.55,3633.79,0,0
CU6481,Masculino,0,No,Sí,42,Un año,Sí,Cheque electrónico,DSL,Sí,No,Sí,111.89,4777.53,2,0
CU6482,Masculino,0,No,No,43,Mes a mes,Sí,Transferencia,DSL,No,Sí,No,70.9,2966.98,1,0
CU6483,Masculino,1,No,Sí,57,Un año,No,Tarjeta de crédito,Sin internet,No,Sí,No,32.61,1814.51,1,0
CU6484,Masculino,0,No,No,21,Mes a mes,Sí,Cheque electrónico,Sin internet,No,Sí,No,61.53,1311.67,1,0
CU6485,Femenino,0,No,No,17,Mes a mes,Sí,Cheque electrónico,Sin internet,No,Sí,No,75.01,1203.41,0,1
CU6486,Femenino,1,Sí,No,47,Mes a mes,No,Cheque electrónico,Sin internet,Sí,No,No,30.74,1362.17,2,0
CU6487,Masculino,0,No,No,0,Mes a mes,Sí,Tarjeta de crédito,Sin internet,No,Sí,No,39.36,37.08,1,0
CU6488,Masculino,0,No,Sí,47,Dos años,Sí,Domiciliación bancaria,Fibra óptica,Sí,Sí,No,38.86,1748.93,0,0
CU6489,Masculino,1,No,No,15,Mes a mes,No,Domiciliación bancaria,Fibra óptica,No,No,Sí,59.75,831.7,0,1
CU6490,Masculino,0,Sí,Sí,59,Mes a mes,Sí,Tarjeta de crédito,Fibra óptica,Sí,Sí,Sí,54.48,2980.7,0,0
CU6491,Masculino,0,No,No,17,Mes a mes,Sí,Tarjeta de crédito,Fibra óptica,Sí,Sí,Sí,18.0,317.6,0,0
CU6492,Masculino,1,Sí,Sí,29,Dos años,No,Domiciliación bancaria,Sin internet,No,No,No,48.72,1424.16,2,0
CU6493,Femenino,1,No,Sí,49,Mes a mes,Sí,Cheque electrónico,DSL,Sí,Sí,Sí,64.0,3149.99,3,0
CU6494,Masculino,0,Sí,Sí,59,Mes a mes,Sí,Tarjeta de crédito,Fibra óptica,No,Sí,No,95.04,5841.62,1,0
CU6495,Femenino,0,Sí,No,62,Mes a mes,Sí,Tarjeta de crédito,DSL,No,Sí,No,27.89,1759.65,0,0
CU6496,Femenino,0,No,Sí,17,Dos años,Sí,Tarjeta de crédito,DSL,Sí,No,Sí,39.26,646.95,3,0
CU6497,Masculino,0,Sí,No,62,Mes a mes,No,Cheque electrónico,Fibra óptica,No,Sí,Sí,33.16,1940.06,0,0
CU6498,Masculino,0,Sí,No,33,Mes a mes,Sí,Tarjeta de crédito,Fibra óptica,Sí,Sí,No,19.08,630.62,2,0
CU6499,Femenino,0,No,No,32,Mes a mes,Sí,Domiciliación bancaria,Fibra óptica,Sí,No,No,18.0,568.44,0,0
CU6500,Masculino,0,Sí,No,45,Dos años,Sí,Cheque electrónico,Fibra óptica,Sí,Sí,No,77.41,3516.05,1,0
CU6501,Femenino,0,Sí,No,71,Mes a mes,Sí,Domiciliación bancaria,Fibra óptica,Sí,No,Sí,68.26,4477.44,2,0
CU6502,Femenino,1,Sí,No,43,Mes a mes,Sí,Domiciliación bancaria,DSL,Sí,Sí,Sí,76.49,3406.07,0,0
CU6503,Masculino,0,No,Sí,24,Un año,Sí,Cheque electrónico,Sin internet,No,No,No,72.32,1663.69,1,0
CU6504,Femenino,0,No,Sí,3,Mes a mes,No,Cheque electrónico,Fibra óptica,No,No,No,52.53,147.56,1,1
CU6505,Femenino,0,Sí,No,63,Mes a mes,Sí,Transferencia,Sin internet,Sí,No,No,46.86,2869.48,3,0
CU6506,Femenino,1,No,No,25,Dos años,Sí,Cheque electrónico,Fibra óptica,Sí,No,No,94.56,2219.65,1,1
CU6507,Femenino,0,No,No,59,Dos años,No,Transferencia,Sin internet,No,Sí,Sí,82.86,4619.1,0,0
CU6508,Femenino,0,No,No,23,Dos años,Sí,Tarjeta de crédito,DSL,No,No,Sí,61.29,1366.24,0,0
CU6509,Masculino,0,No,No,7,Un año,No,Transferencia,Sin internet,No,No,Sí,36.9,268.68,1,0
CU6510,Masculino,0,No,No,70,Mes a mes,Sí,Transferencia,Fibra óptica,Sí,No,No,67.5,4536.32,2,0
CU6511,Masculino,0,Sí,Sí,6,Mes a mes,Sí,Transferencia,Fibra óptica,No,Sí,No,70.32,390.88,4,1
CU6512,Femenino,1,Sí,No,70,Un año,Sí,Tarjeta de crédito,Fibra óptica,Sí,Sí,Sí,47.35,3105.43,0,0
CU6513,Masculino,0,No,No,14,Un año,Sí,Transferencia,Fibra óptica,No,No,No,71.63,937.21,1,0
CU6514,Femenino,0,No,Sí,26,Mes a mes,No,Cheque electrónico,DSL,No,Sí,No,81.11,2193.44,0,0
CU6515,Femenino,1,Sí,No,11,Un año,Sí,Cheque electrónico,DSL,No,No,Sí,77.12,882.4,0,0
CU6516,Masculino,0,Sí,Sí,57,Mes a mes,No,Cheque electrónico,DSL,Sí,No,No,91.7,5417.14,1,0
CU6517,Femenino,0,Sí,No,4,Mes a mes,Sí,Cheque electrónico,Sin internet,No,Sí,Sí,88.83,367.14,4,1
CU6518,Masculino,0,Sí,Sí,40,Mes a mes,No,Domiciliación bancaria,Fibra óptica,No,Sí,No,93.9,3814.2,0,0
CU6519,Masculino,0,No,No,71,Un año,No,Transferencia,Fibra óptica,No,Sí,Sí,49.93,3654.03,0,0
CU6520,Femenino,0,Sí,No,28,Mes a mes,Sí,Domiciliación bancaria,Fibra óptica,Sí,Sí,No,86.84,2323.6,1,1
CU6521,Masculino,0,No,No,14,Mes a mes,Sí,Transferencia,DSL,No,No,No,78.45,1107.09,1,1
CU6522,Femenino,0,Sí,No,57,Dos años,Sí,Domiciliación bancaria,Fibra óptica,No,No,Sí,87.71,4917.65,2,0
CU6523,Femenino,0,Sí,Sí,44,Mes a mes,No,Cheque electrónico,Fibra óptica,No,Sí,No,68.34,2829.21,2,0
CU6524,Femenino,0,Sí,No,69,Dos años,No,Tarjeta de crédito,DSL,No,Sí,Sí,78.57,5498.71,1,0
CU6525,Femenino,0,No,Sí,31,Mes a mes,No,Domiciliación bancaria,Fibra óptica,Sí,Sí,Sí,36.43,1133.64,3,0
CU6526,Femenino,0,No,No,26,Mes a mes,Sí,Tarjeta de crédito,Sin internet,No,Sí,Sí,78.11,1918.74,1,0
CU6527,Masculino,0,Sí,No,23,Mes a mes,No,Transferencia,Sin internet,No,Sí,Sí,99.05,2368.19,0,0
CU6528,Masculino,0,Sí,No,12,Mes a mes,Sí,Transferencia,Sin internet,No,No,Sí,111.2,1241.51,5,0
CU6529,Masculino,0,No,Sí,40,Mes a mes,Sí,Transferencia,DSL,No,No,No,61.53,2507.26,0,0
CU6530,Femenino,0,Sí,No,69,Mes a mes,No,Cheque electrónico,DSL,No,Sí,No,115.02,7908.06,3,0
CU6531,Femenino,0,Sí,No,47,Mes a mes,Sí,Domiciliación bancaria,Fibra óptica,No,Sí,Sí,60.41,2743.31,1,0
CU6532,Femenino,0,No,Sí,51,Mes a mes,Sí,Cheque electrónico,Sin internet,Sí,Sí,No,84.46,4076.99,2,0
CU6533,Femenino,0,Sí,No,53,Mes a mes,No,Domiciliación bancaria,Fibra óptica,Sí,No,No,66.77,3622.23,0,0
CU6534,Masculino,0,Sí,No,15,Mes a mes,No,Domiciliación bancaria,DSL,No,No,Sí,100.55,1571.76,1,0
CU6535,Masculino,0,No,Sí,57,Mes a mes,Sí,Domiciliación bancaria,Fibra óptica,No,Sí,Sí,70.71,3806.96,2,0
CU6536,Masculino,0,Sí,No,0,Mes a mes,Sí,Domiciliación bancaria,DSL,Sí,Sí,No,48.19,47.03,2,1
CU6537,Femenino,0,Sí,No,32,Un año,No,Domiciliación bancaria,DSL,Sí,Sí,Sí,94.1,3085.93,2,0
CU6538,Femenino,0,No,No,48,Mes a mes,Sí,Transferencia,Fibra óptica,No,No,Sí,51.12,2407.73,2,0
CU6539,Masculino,0,No,No,12,Mes a mes,No,Domiciliación bancaria,Fibra óptica,No,No,Sí,73.78,824.87,2,1
CU6540,Masculino,0,No,No,45,Mes a mes,No,Domiciliación bancaria,Fibra óptica,No,Sí,No,18.0,839.23,0,0
CU6541,Femenino,1,Sí,Sí,5,Mes a mes,Sí,Transferencia,Sin internet,No,No,Sí,88.17,413.55,1,1
CU6542,Femenino,0,No,No,16,Mes a mes,Sí,Domiciliación bancaria,Fibra óptica,Sí,No,Sí,18.0,296.43,0,0
CU6543,Femenino,1,No,No,55,Mes a mes,Sí,Transferencia,DSL,No,No,Sí,51.0,2669.73,2,0
CU6544,Femenino,1,No,No,46,Mes a mes,Sí,Cheque electrónico,Fibra óptica,Sí,No,Sí,26.76,1154.89,0,0
CU6545,Femenino,1,No,Sí,69,Mes a mes,Sí,Domiciliación bancaria,DSL,No,No,No,33.64,2258.42,2,0
CU6546,Femenino,1,Sí,Sí,11,Mes a mes,No,Cheque electrónico,DSL,No,No,No,64.01,721.34,1,0
CU6547,Femenino,0,No,No,61,Mes a mes,No,Tarjeta de crédito,Sin internet,No,No,No,46.2,2921.97,2,0
CU6548,Femenino,0,No,No,29,Dos años,No,Domiciliación bancaria,DSL,Sí,No,No,85.66,2322.82,0,0
CU6549,Femenino,0,Sí,Sí,57,Dos años,No,Transferencia,DSL,Sí,No,No,58.1,3078.92,0,0
CU6550,Femenino,1,No,No,22,Mes a mes,No,Domiciliación bancaria,Fibra óptica,No,Sí,No,69.7,1457.49,0,0
CU6551,Femenino,0,Sí,No,56,Dos años,Sí,Cheque electrónico,DSL,Sí,No,Sí,42.13,2380.02,2,0
CU6552,Femenino,0,Sí,No,63,Un año,Sí,Transferencia,Sin internet,No,No,No,85.95,5269.12,1,0
CU6553,Femenino,0,No,Sí,53,Un año,Sí,Tarjeta de crédito,Fibra óptica,No,Sí,Sí,70.11,3832.26,1,0
CU6554,Femenino,1,No,No,21,Un año,Sí,Transferencia,DSL,No,Sí,No,79.73,1656.78,2,0
CU6555,Masculino,0,No,Sí,62,Mes a mes,Sí,Tarjeta de crédito,DSL,Sí,No,No,86.28,5001.62,0,0
CU6556,Masculino,1,No,No,20,Mes a mes,No,Cheque electrónico,Sin internet,No,No,No,89.21,1677.27,1,1
CU6557,Masculino,0,No,No,8,Un año,Sí,Domiciliación bancaria,DSL,No,No,Sí,76.63,626.4,2,0
CU6558,Masculino,0,No,No,55,Dos años,Sí,Domiciliación bancaria,Fibra óptica,Sí,No,No,69.87,3905.57,0,0
CU6559,Masculino,0,No,No,16,Mes a mes,Sí,Transferencia,DSL,No,No,Sí,95.92,1437.95,1,1
CU6560,Masculino,0,Sí,No,1,Mes a mes,No,Domiciliación bancaria,Fibra óptica,Sí,Sí,Sí,69.57,66.2,2,1
CU6561,Masculino,0,No,No,6,Un año,No,Tarjeta de crédito,Sin internet,Sí,Sí,Sí,53.42,334.04,1,0
CU6562,Masculino,0,Sí,Sí,52,Un año,Sí,Transferencia,Fibra óptica,No,No,No,90.67,4409.51,2,0
CU6563,Femenino,0,Sí,Sí,2,Un año,Sí,Cheque electrónico,Fibra óptica,No,Sí,No,94.29,192.19,1,0
CU6564,Femenino,0,No,No,3,Mes a mes,Sí,Cheque electrónico,DSL,No,No,No,63.56,182.65,0,0
CU6565,Femenino,0,No,No,72,Mes a mes,No,Cheque electrónico,DSL,Sí,No,No,82.36,5717.85,1,0
CU6566,Masculino,0,No,No,4,Mes a mes,No,Transferencia,Fibra óptica,Sí,Sí,No,77.76,291.43,1,1
CU6567,Femenino,0,No,No,50,Mes a mes,No,Transferencia,DSL,No,No,No,67.51,3182.2,2,0
CU6568,Masculino,0,Sí,No,35,Mes a mes,Sí,Tarjeta de crédito,DSL,No,Sí,No,23.86,864.0,0,0
CU6569,Masculino,0,No,No,24,Un año,Sí,Tarjeta de crédito,DSL,No,Sí,No,34.15,770.49,0,0
CU6570,Femenino,0,No,Sí,69,Mes a mes,Sí,Cheque electrónico,DSL,No,No,No,54.65,3853.37,2,1
CU6571,Femenino,0,Sí,No,24,Dos años,No,Transferencia,Fibra óptica,No,No,No,66.16,1463.9,1,0
CU6572,Femenino,0,Sí,No,11,Mes a mes,Sí,Transferencia,Sin internet,No,Sí,Sí,32.06,334.08,1,1
CU6573,Masculino,0,Sí,No,28,Mes a mes,Sí,Cheque electrónico,Sin internet,No,No,No,18.0,519.04,2,0
CU6574,Femenino,0,No,No,22,Mes a mes,Sí,Cheque electrónico,DSL,No,Sí,No,62.13,1396.69,1,0
CU6575,Masculino,1,No,No,56,Mes a mes,Sí,Domiciliación bancaria,DSL,No,No,No,65.24,3822.2,2,1
CU6576,Femenino,0,No,No,49,Mes a mes,No,Transferencia,DSL,Sí,No,No,89.22,4118.02,2,1
CU6577,Femenino,0,Sí,No,7,Mes a mes,Sí,Tarjeta de crédito,Sin internet,No,Sí,Sí,119.12,838.04,1,0
CU6578,Masculino,0,Sí,Sí,65,Mes a mes,Sí,Transferencia,Fibra óptica,No,Sí,No,26.97,1721.57,1,0
CU6579,Femenino,0,Sí,No,63,Un año,No,Domiciliación bancaria,DSL,Sí,Sí,Sí,74.57,4625.52,2,0
CU6580,Masculino,0,No,No,36,Un año,No,Cheque electrónico,Fibra óptica,No,No,No,130.0,4727.5,1,1
CU6581,Masculino,0,No,Sí,28,Mes a mes,Sí,Transferencia,Fibra óptica,No,Sí,Sí,28.11,800.36,3,0
CU6582,Femenino,1,No,Sí,36,Mes a mes,No,Transferencia,Fibra óptica,No,No,No,37.65,1332.26,0,0
CU6583,Femenino,0,Sí,No,37,Un año,Sí,Transferencia,Sin internet,No,No,No,92.21,3363.18,0,1
CU6584,Masculino,0,No,No,22,Un año,No,Transferencia,Fibra óptica,No,No,Sí,70.29,1582.08,2,0
CU6585,Femenino,0,Sí,Sí,31,Un año,Sí,Cheque electrónico,Fibra óptica,No,No,No,72.72,2228.73,2,0
CU6586,Femenino,0,Sí,Sí,27,Un año,No,Domiciliación bancaria,DSL,No,Sí,Sí,82.37,2186.42,0,0
CU6587,Masculino,0,No,Sí,71,Mes a mes,No,Transferencia,Fibra óptica,No,No,No,85.72,6225.68,4,0
CU6588,Masculino,0,Sí,No,10,Un año,No,Domiciliación bancaria,Fibra óptica,Sí,Sí,No,76.86,737.06,0,0
CU6589,Femenino,0,No,Sí,4,Mes a mes,No,Domiciliación bancaria,Sin internet,No,No,No,80.28,328.17,2,1
CU6590,Masculino,0,Sí,Sí,8,Mes a mes,No,Cheque electrónico,Fibra óptica,No,No,No,31.45,260.01,0,1
CU6591,Masculino,1,No,Sí,11,Mes a mes,Sí,Cheque electrónico,Fibra óptica,No,No,Sí,92.5,990.76,3,1
CU6592,Masculino,0,Sí,No,53,Mes a mes,No,Cheque electrónico,DSL,No,No,Sí,108.79,5428.01,0,1
CU6593,Femenino,0,No,No,25,Mes a mes,No,Tarjeta de crédito,Fibra óptica,No,No,No,96.06,2375.89,2,0
CU6594,Masculino,0,Sí,No,35,Mes a mes,Sí,Cheque electrónico,Fibra óptica,Sí,Sí,Sí,78.98,2611.93,0,1
CU6595,Masculino,0,No,No,60,Dos años,Sí,Transferencia,DSL,No,Sí,No,117.84,6893.94,0,0
CU6596,Masculino,0,Sí,Sí,56,Mes a mes,No,Domiciliación bancaria,Fibra óptica,No,No,No,70.23,3919.43,1,0
CU6597,Masculino,0,Sí,No,66,Mes a mes,Sí,Domiciliación bancaria,Sin internet,No,Sí,Sí,92.8,6348.06,0,0
CU6598,Masculino,0,Sí,No,47,Dos años,No,Cheque electrónico,Fibra óptica,No,Sí,Sí,112.41,5076.6,1,1
CU6599,Masculino,0,Sí,No,56,Dos años,Sí,Transferencia,Fibra óptica,No,No,No,54.81,3149.29,1,0
CU6600,Femenino,0,Sí,No,0,Mes a mes,Sí,Tarjeta de crédito,DSL,Sí,No,No,101.7,105.7,0,0
CU6601,Femenino,0,No,Sí,22,Un año,Sí,Tarjeta de crédito,Sin internet,No,No,Sí,33.31,752.34,0,1
CU6602,Masculino,0,No,No,36,Un año,No,Cheque electrónico,Fibra óptica,Sí,No,No,40.8,1373.34,0,0
CU6603,Femenino,0,No,Sí,66,Mes a mes,Sí,Domiciliación bancaria,DSL,No,No,Sí,37.47,2455.46,3,0
CU6604,Masculino,0,No,No,40,Un año,Sí,Transferencia,DSL,Sí,Sí,No,18.0,686.1,0,0
CU6605,Femenino,0,No,No,52,Dos años,Sí,Tarjeta de crédito,Sin internet,Sí,No,Sí,44.94,2196.7,2,0
CU6606,Femenino,0,No,Sí,10,Mes a mes,Sí,Transferencia,Fibra óptica,Sí,No,No,67.29,703.75,1,0
CU6607,Femenino,0,Sí,Sí,56,Mes a mes,No,Domiciliación bancaria,Sin internet,No,No,No,56.43,3095.45,1,0
CU6608,Femenino,1,Sí,No,69,Un año,Sí,Domiciliación bancaria,Fibra óptica,No,No,Sí,29.28,1917.37,1,0
CU6609,Masculino,0,No,No,25,Dos años,Sí,Domiciliación bancaria,Sin internet,Sí,No,Sí,18.0,427.73,0,0
CU6610,Masculino,0,No,Sí,58,Dos años,Sí,Tarjeta de crédito,Fibra óptica,Sí,Sí,No,43.99,2593.23,2,0
CU6611,Femenino,0,No,No,14,Un año,No,Tarjeta de crédito,DSL,No,Sí,No,41.23,594.58,1,0
CU6612,Masculino,0,No,No,65,Mes a mes,No,Domiciliación bancaria,Fibra óptica,Sí,Sí,No,118.05,7319.58,1,0
CU6613,Masculino,0,No,Sí,50,Un año,Sí,Transferencia,Fibra óptica,No,Sí,Sí,64.46,2977.61,2,0
CU6614,Femenino,0,Sí,No,43,Mes a mes,No,Transferencia,Fibra óptica,No,Sí,Sí,114.1,4989.2,1,0
CU6615,Masculino,1,Sí,No,43,Dos años,Sí,Cheque electrónico,DSL,Sí,No,No,44.92,1808.37,2,0
CU6616,Femenino,0,No,No,60,Mes a mes,No,Domiciliación bancaria,Fibra óptica,No,Sí,No,94.45,5617.21,1,0
CU6617,Masculino,1,Sí,Sí,19,Mes a mes,No,Tarjeta de crédito,Sin internet,No,Sí,No,71.84,1368.45,3,1
CU6618,Femenino,1,Sí,No,13,Mes a mes,No,Domiciliación bancaria,Fibra óptica,Sí,Sí,No,42.31,519.23,2,0
CU6619,Femenino,0,Sí,Sí,44,Un año,Sí,Tarjeta de crédito,Fibra óptica,No,No,Sí,72.19,3131.89,0,0
CU6620,Femenino,1,Sí,Sí,62,Mes a mes,Sí,Domiciliación bancaria,Fibra óptica,Sí,No,No,59.23,3464.65,2,1
CU6621,Femenino,0,Sí,No,67,Mes a mes,Sí,Cheque electrónico,Sin internet,No,No,No,56.46,3944.02,1,0
CU6622,Femenino,0,Sí,Sí,67,Mes a mes,Sí,Tarjeta de crédito,DSL,No,Sí,Sí,18.5,1271.17,0,0
CU6623,Masculino,0,No,No,12,Dos años,No,Domiciliación bancaria,DSL,Sí,No,No,120.16,1465.26,2,0
CU6624,Masculino,0,Sí,No,1,Dos años,No,Cheque electrónico,Sin internet,Sí,No,Sí,80.2,82.92,0,0
CU6625,Femenino,0,No,No,15,Mes a mes,No,Domiciliación bancaria,DSL,No,Sí,No,33.82,507.5,2,0
CU6626,Masculino,0,Sí,No,46,Dos años,Sí,Cheque electrónico,Fibra óptica,No,No,No,75.93,3546.34,0,0
CU6627,Femenino,0,Sí,No,29,Mes a mes,Sí,Tarjeta de crédito,Fibra óptica,No,Sí,Sí,55.26,1578.11,1,1
CU6628,Femenino,0,Sí,No,6,Un año,Sí,Tarjeta de crédito,Fibra óptica,Sí,Sí,Sí,104.23,589.19,1,1
CU6629,Masculino,1,Sí,Sí,28,Mes a mes,Sí,Transferencia,DSL,No,No,Sí,56.84,1666.98,2,0
CU6630,Femenino,0,Sí,Sí,47,Dos años,No,Tarjeta de crédito,Fibra óptica,No,Sí,No,63.72,3104.21,2,0
CU6631,Femenino,1,No,No,3,Mes a mes,Sí,Tarjeta de crédito,Sin internet,No,No,No,47.49,137.73,1,0
CU6632,Femenino,0,No,No,65,Un año,Sí,Domiciliación bancaria,DSL,Sí,No,No,78.48,4877.23,0,0
CU6633,Masculino,1,Sí,No,29,Un año,Sí,Cheque electrónico,Sin internet,Sí,No,No,64.54,1959.31,1,1
CU6634,Femenino,1,No,No,13,Un año,Sí,Tarjeta de crédito,DSL,Sí,Sí,No,99.99,1260.89,2,0
CU6635,Masculino,0,Sí,No,28,Mes a mes,No,Cheque electrónico,DSL,No,Sí,No,73.63,2062.79,0,0
CU6636,Femenino,0,Sí,No,36,Un año,No,Cheque electrónico,DSL,Sí,No,No,130.0,4563.81,3,0
CU6637,Femenino,0,No,No,57,Un año,Sí,Domiciliación bancaria,DSL,Sí,No,Sí,61.08,3343.56,2,0
CU6638,Femenino,1,Sí,Sí,6,Mes a mes,Sí,Transferencia,Fibra óptica,Sí,Sí,No,42.81,248.9,0,0
CU6639,Femenino,0,No,No,34,Mes a mes,No,Transferencia,DSL,No,No,No,44.7,1519.13,1,0
CU6640,Femenino,0,No,No,47,Un año,Sí,Transferencia,Sin internet,Sí,No,No,44.83,2049.39,0,0
CU6641,Femenino,0,No,Sí,58,Mes a mes,Sí,Domiciliación bancaria,DSL,No,Sí,Sí,42.23,2498.44,2,0
CU6642,Femenino,1,No,Sí,8,Un año,Sí,Cheque electrónico,DSL,Sí,Sí,Sí,107.55,884.44,1,1
CU6643,Femenino,0,No,No,8,Dos años,Sí,Domiciliación bancaria,Sin internet,Sí,Sí,No,57.83,458.2,1,0
CU6644,Femenino,1,No,Sí,70,Mes a mes,No,Tarjeta de crédito,Fibra óptica,No,Sí,No,73.49,4743.54,0,0
CU6645,Femenino,0,No,Sí,68,Dos años,Sí,Tarjeta de crédito,Fibra óptica,No,Sí,No,29.35,2068.5,0,0
CU6646,Femenino,0,No,Sí,23,Mes a mes,No,Cheque electrónico,DSL,No,Sí,Sí,65.14,1446.59,1,0
CU6647,Masculino,1,Sí,Sí,35,Un año,Sí,Domiciliación bancaria,Fibra óptica,No,No,Sí,18.0,630.26,1,0
CU6648,Masculino,0,Sí,No,13,Mes a mes,No,Cheque electrónico,DSL,No,Sí,No,75.08,986.71,2,1
CU6649,Femenino,0,Sí,No,57,Dos años,Sí,Cheque electrónico,DSL,Sí,No,No,50.3,3009.63,3,0
CU6650,Femenino,0,Sí,Sí,69,Un año,Sí,Tarjeta de crédito,Fibra óptica,No,No,Sí,110.03,7486.58,1,0
CU6651,Femenino,0,Sí,No,37,Un año,Sí,Tarjeta de crédito,DSL,Sí,No,Sí,88.35,3098.73,0,0
CU6652,Femenino,0,Sí,Sí,47,Dos años,Sí,Cheque electrónico,Fibra óptica,Sí,Sí,No,87.73,4278.78,0,0
CU6653,Masculino,1,No,Sí,49,Mes a mes,Sí,Domiciliación bancaria,Fibra óptica,No,Sí,No,40.69,1868.39,2,1
CU6654,Femenino,1,No,Sí,35,Mes a mes,No,Domiciliación bancaria,Fibra óptica,No,No,No,75.36,2738.65,2,1
CU6655,Femenino,0,No,No,31,Mes a mes,Sí,Transferencia,Fibra óptica,No,No,Sí,120.05,3585.42,2,0
CU6656,Femenino,1,Sí,Sí,55,Dos años,No,Tarjeta de crédito,Sin internet,No,No,Sí,43.94,2435.32,1,0
CU6657,Masculino,0,Sí,No,22,Dos años,No,Transferencia,DSL,No,No,No,41.71,901.35,0,0
CU6658,Masculino,0,No,No,63,Mes a mes,Sí,Domiciliación bancaria,Fibra óptica,No,Sí,No,66.72,4236.29,2,0
CU6659,Masculino,0,Sí,No,29,Un año,No,Domiciliación bancaria,Sin internet,No,Sí,Sí,72.21,2009.97,0,0
CU6660,Masculino,0,Sí,No,59,Dos años,No,Domiciliación bancaria,DSL,No,No,No,84.16,5167.5,1,0
CU6661,Masculino,0,No,Sí,33,Mes a mes,Sí,Cheque electrónico,DSL,Sí,No,Sí,80.42,2500.9,1,0
CU6662,Masculino,0,No,No,25,Mes a mes,No,Domiciliación bancaria,DSL,No,No,Sí,71.77,1727.62,0,1
CU6663,Masculino,0,No,Sí,8,Dos años,Sí,Tarjeta de crédito,Sin internet,No,No,Sí,45.48,363.2,1,0
CU6664,Femenino,0,Sí,Sí,28,Mes a mes,Sí,Cheque electrónico,DSL,No,No,Sí,121.0,3389.12,0,1
CU6665,Masculino,0,No,No,50,Mes a mes,Sí,Tarjeta de crédito,DSL,Sí,No,Sí,107.8,5534.16,0,0
CU6666,Masculino,0,No,No,38,Un año,Sí,Cheque electrónico,Fibra óptica,No,Sí,No,78.72,2762.79,1,0
CU6667,Masculino,0,Sí,No,44,Mes a mes,No,Cheque electrónico,Fibra óptica,No,Sí,No,100.7,4323.57,1,0
CU6668,Femenino,0,No,No,42,Mes a mes,Sí,Tarjeta de crédito,Fibra óptica,No,Sí,No,64.65,2666.76,0,0
CU6669,Femenino,0,No,Sí,32,Dos años,Sí,Cheque electrónico,DSL,Sí,Sí,Sí,31.93,972.7,1,0
CU6670,Masculino,0,No,Sí,21,Un año,Sí,Transferencia,Sin internet,No,No,Sí,91.12,1916.89,1,0
CU6671,Masculino,1,Sí,No,12,Un año,No,Cheque electrónico,Fibra óptica,No,Sí,Sí,30.64,381.51,2,0
CU6672,Masculino,0,No,Sí,9,Mes a mes,Sí,Domiciliación bancaria,Sin internet,No,No,No,124.1,1088.07,0,1
CU6673,Masculino,1,Sí,No,53,Mes a mes,No,Tarjeta de crédito,Fibra óptica,No,Sí,Sí,34.65,1751.0,1,0
CU6674,Femenino,0,No,Sí,32,Mes a mes,No,Domiciliación bancaria,Sin internet,No,Sí,Sí,105.83,3366.95,1,1
CU6675,Femenino,0,No,No,5,Mes a mes,Sí,Cheque electrónico,Fibra óptica,No,Sí,No,118.88,578.78,0,0
CU6676,Femenino,0,No,No,59,Mes a mes,No,Cheque electrónico,Fibra óptica,No,No,Sí,28.58,1695.19,1,0
CU6677,Femenino,0,No,No,27,Dos años,Sí,Domiciliación bancaria,DSL,No,No,Sí,25.86,729.88,0,0
CU6678,Femenino,0,Sí,No,20,Dos años,No,Cheque electrónico,Sin internet,No,Sí,Sí,80.83,1598.77,1,0
CU6679,Masculino,0,Sí,No,34,Dos años,Sí,Transferencia,Fibra óptica,No,No,Sí,109.89,3855.88,0,1
CU6680,Femenino,0,Sí,No,27,Mes a mes,No,Tarjeta de crédito,DSL,Sí,Sí,No,86.53,2260.57,3,0
CU6681,Femenino,0,Sí,Sí,29,Un año,Sí,Tarjeta de crédito,Sin internet,No,No,No,43.64,1290.42,1,0
CU6682,Femenino,0,No,No,20,Dos años,No,Transferencia,Fibra óptica,No,Sí,Sí,110.23,2102.12,2,0
CU6683,Femenino,0,No,No,2,Mes a mes,Sí,Transferencia,Fibra óptica,Sí,Sí,Sí,129.73,270.98,2,1
CU6684,Masculino,0,No,No,44,Mes a mes,Sí,Cheque electrónico,DSL,Sí,No,No,40.41,1710.09,0,0
CU6685,Masculino,0,Sí,Sí,54,Mes a mes,Sí,Domiciliación bancaria,Fibra óptica,No,No,No,77.77,4240.39,2,1
CU6686,Femenino,0,No,Sí,69,Dos años,No,Cheque electrónico,Fibra óptica,No,Sí,Sí,84.71,5705.41,1,0
CU6687,Femenino,0,Sí,No,10,Un año,Sí,Tarjeta de crédito,DSL,No,Sí,No,59.28,605.42,0,0
CU6688,Femenino,0,No,Sí,13,Dos años,No,Domiciliación bancaria,Fibra óptica,Sí,No,Sí,41.99,544.58,0,0
CU6689,Masculino,0,Sí,No,30,Mes a mes,No,Cheque electrónico,Fibra óptica,No,Sí,Sí,37.32,1142.58,1,0
CU6690,Femenino,0,Sí,No,56,Un año,Sí,Transferencia,Sin internet,Sí,Sí,Sí,18.0,936.95,4,0
CU6691,Masculino,0,No,Sí,46,Mes a mes,No,Tarjeta de crédito,Fibra óptica,No,Sí,No,91.29,3916.64,1,0
CU6692,Masculino,0,No,No,48,Mes a mes,Sí,Transferencia,Fibra óptica,No,No,Sí,52.73,2339.07,0,1
CU6693,Masculino,0,Sí,No,38,Dos años,Sí,Domiciliación bancaria,DSL,No,No,Sí,113.6,4442.94,3,0
CU6694,Femenino,0,Sí,No,72,Mes a mes,No,Cheque electrónico,DSL,No,No,No,82.31,6053.08,1,0
CU6695,Femenino,0,No,No,28,Un año,Sí,Transferencia,DSL,No,No,No,64.7,1833.28,1,0
CU6696,Masculino,0,Sí,No,7,Mes a mes,Sí,Cheque electrónico,Sin internet,No,No,No,107.69,705.53,0,0
CU6697,Masculino,1,Sí,No,34,Dos años,Sí,Transferencia,Fibra óptica,Sí,Sí,Sí,64.88,2296.47,0,0
CU6698,Masculino,0,Sí,No,66,Mes a mes,No,Domiciliación bancaria,DSL,Sí,Sí,No,51.18,3450.62,1,0
CU6699,Masculino,1,Sí,No,40,Un año,Sí,Tarjeta de crédito,Fibra óptica,No,Sí,No,87.47,3564.52,1,0
CU6700,Femenino,0,No,Sí,58,Un año,No,Cheque electrónico,Fibra óptica,No,No,Sí,51.31,2974.61,1,0
CU6701,Masculino,0,Sí,No,50,Mes a mes,Sí,Cheque electrónico,Fibra óptica,No,No,Sí,71.36,3630.51,0,0
CU6702,Masculino,0,No,Sí,66,Dos años,No,Cheque electrónico,Fibra óptica,No,No,No,76.55,4681.42,0,0
CU6703,Femenino,0,No,Sí,44,Mes a mes,No,Cheque electrónico,Fibra óptica,Sí,No,Sí,68.04,3009.66,0,0
CU6704,Masculino,0,Sí,No,54,Mes a mes,No,Transferencia,Sin internet,No,Sí,Sí,76.97,4051.65,2,0
CU6705,Femenino,0,No,Sí,44,Un año,No,Transferencia,Fibra óptica,No,Sí,No,77.01,3185.8,1,0
CU6706,Masculino,1,Sí,Sí,20,Mes a mes,Sí,Domiciliación bancaria,Fibra óptica,No,No,No,71.29,1489.29,2,0
CU6707,Masculino,0,No,No,2,Mes a mes,Sí,Cheque electrónico,Fibra óptica,No,No,Sí,51.3,107.09,1,1
CU6708,Femenino,0,No,No,30,Un año,No,Transferencia,Fibra óptica,Sí,No,No,37.03,1141.58,2,0
CU6709,Masculino,0,No,No,68,Un año,Sí,Domiciliación bancaria,DSL,No,Sí,No,45.24,3114.38,1,0
CU6710,Femenino,0,No,No,7,Dos años,No,Transferencia,Sin internet,No,No,Sí,47.0,311.39,1,0
CU6711,Masculino,1,No,No,17,Mes a mes,Sí,Tarjeta de crédito,Fibra óptica,Sí,No,Sí,84.32,1475.43,2,1
CU6712,Masculino,0,No,No,0,Dos años,No,Cheque electrónico,DSL,No,No,No,114.16,110.01,1,1
CU6713,Masculino,1,No,No,30,Un año,Sí,Domiciliación bancaria,DSL,Sí,No,No,65.66,1872.22,1,0
CU6714,Femenino,0,Sí,No,69,Dos años,No,Transferencia,DSL,No,No,No,100.28,7220.75,2,0
CU6715,Femenino,0,Sí,Sí,31,Un año,Sí,Transferencia,DSL,No,No,No,46.14,1359.48,0,0
CU6716,Masculino,0,No,Sí,60,Dos años,No,Domiciliación bancaria,Fibra óptica,No,Sí,No,61.73,3829.97,1,0
CU6717,Masculino,1,Sí,No,43,Un año,No,Domiciliación bancaria,Fibra óptica,No,No,No,61.01,2613.5,2,0
CU6718,Masculino,0,No,Sí,5,Dos años,Sí,Tarjeta de crédito,Fibra óptica,No,No,Sí,82.36,388.62,2,0
CU6719,Masculino,1,Sí,No,21,Un año,Sí,Tarjeta de crédito,Fibra óptica,No,Sí,No,48.5,1034.61,0,0
CU6720,Femenino,0,Sí,No,33,Mes a mes,No,Transferencia,Fibra óptica,Sí,Sí,No,86.53,2864.07,1,0
CU6721,Masculino,1,Sí,No,23,Mes a mes,No,Domiciliación bancaria,Fibra óptica,Sí,No,No,75.55,1696.94,1,0
CU6722,Masculino,1,No,No,21,Mes a mes,No,Tarjeta de crédito,Fibra óptica,No,No,No,70.33,1471.83,0,1
CU6723,Femenino,0,No,No,43,Un año,No,Domiciliación bancaria,Fibra óptica,No,Sí,Sí,49.76,2097.62,2,0
CU6724,Femenino,1,No,No,21,Mes a mes,Sí,Cheque electrónico,Fibra óptica,No,No,No,19.2,414.36,1,0
CU6725,Femenino,0,No,No,62,Mes a mes,No,Tarjeta de crédito,Fibra óptica,No,No,No,53.08,3318.67,1,0
CU6726,Femenino,0,No,No,65,Mes a mes,Sí,Cheque electrónico,DSL,No,No,Sí,86.62,5532.51,2,0
CU6727,Masculino,0,Sí,No,1,Un año,Sí,Domiciliación bancaria,Fibra óptica,No,No,Sí,18.0,18.45,1,0
CU6728,Femenino,0,No,Sí,72,Dos años,No,Domiciliación bancaria,Sin internet,No,No,Sí,21.44,1474.19,0,0
CU6729,Masculino,0,No,Sí,40,Mes a mes,No,Transferencia,Fibra óptica,Sí,Sí,No,57.41,2165.15,0,0
CU6730,Masculino,0,Sí,No,30,Mes a mes,Sí,Transferencia,DSL,Sí,Sí,No,41.82,1218.43,3,1
CU6731,Masculino,0,Sí,No,40,Mes a mes,Sí,Cheque electrónico,Fibra óptica,No,No,Sí,130.0,5364.02,1,1
CU6732,Femenino,1,Sí,No,59,Un año,Sí,Cheque electrónico,Sin internet,No,No,No,72.06,4371.01,2,0
CU6733,Femenino,0,No,No,9,Un año,Sí,Transferencia,DSL,No,Sí,No,54.0,484.23,2,1
CU6734,Masculino,0,Sí,No,12,Dos años,Sí,Tarjeta de crédito,Sin internet,No,No,No,97.1,1102.96,2,1
CU6735,Femenino,0,Sí,Sí,3,Un año,No,Tarjeta de crédito,Fibra óptica,No,Sí,No,63.42,194.85,0,1
CU6736,Masculino,0,Sí,Sí,56,Mes a mes,Sí,Cheque electrónico,DSL,No,No,Sí,62.83,3355.55,1,0
CU6737,Masculino,0,No,No,57,Dos años,No,Cheque electrónico,Fibra óptica,No,Sí,No,116.32,6819.41,3,0
CU6738,Masculino,0,No,Sí,3,Mes a mes,No,Transferencia,Fibra óptica,Sí,Sí,No,18.0,49.88,1,1
CU6739,Femenino,0,No,No,60,Mes a mes,No,Tarjeta de crédito,Sin internet,Sí,Sí,No,38.18,2160.22,2,0
CU6740,Femenino,0,Sí,No,24,Mes a mes,Sí,Cheque electrónico,Fibra óptica,Sí,No,No,80.07,1799.53,0,1
CU6741,Femenino,1,Sí,Sí,3,Mes a mes,Sí,Transferencia,DSL,Sí,No,Sí,38.45,119.65,4,0
CU6742,Femenino,0,Sí,No,41,Mes a mes,No,Tarjeta de crédito,DSL,No,No,No,38.1,1583.95,2,0
CU6743,Femenino,0,Sí,Sí,49,Mes a mes,Sí,Cheque electrónico,Fibra óptica,No,No,No,88.32,4466.78,0,0
CU6744,Masculino,0,Sí,Sí,4,Dos años,Sí,Domiciliación bancaria,Fibra óptica,No,Sí,Sí,46.25,172.93,0,0
CU6745,Masculino,0,Sí,No,18,Dos años,Sí,Domiciliación bancaria,Sin internet,No,No,Sí,75.51,1333.6,0,0
CU6746,Femenino,0,Sí,No,8,Dos años,Sí,Transferencia,DSL,No,No,No,58.09,479.41,0,0
CU6747,Masculino,0,No,Sí,17,Un año,No,Domiciliación bancaria,Sin internet,Sí,No,No,74.98,1264.38,3,1
CU6748,Femenino,0,No,No,23,Un año,No,Cheque electrónico,DSL,No,Sí,Sí,62.44,1409.39,3,0
CU6749,Masculino,0,Sí,Sí,66,Mes a mes,Sí,Domiciliación bancaria,Fibra óptica,No,No,No,88.61,6119.62,0,0
CU6750,Femenino,0,No,No,34,Mes a mes,Sí,Domiciliación bancaria,Fibra óptica,No,No,No,91.81,3079.02,1,0
CU6751,Femenino,0,Sí,Sí,44,Un año,No,Transferencia,Fibra óptica,No,No,Sí,45.61,1927.37,3,0
CU6752,Femenino,0,No,No,15,Dos años,Sí,Domiciliación bancaria,Sin internet,No,No,Sí,19.95,280.19,2,0
CU6753,Masculino,0,No,No,43,Mes a mes,Sí,Tarjeta de crédito,Fibra óptica,No,No,Sí,61.27,2491.55,0,1
CU6754,Femenino,0,Sí,Sí,23,Mes a mes,Sí,Tarjeta de crédito,Fibra óptica,No,Sí,No,48.78,1160.35,0,0
CU6755,Femenino,0,Sí,No,32,Mes a mes,Sí,Tarjeta de crédito,Sin internet,No,No,No,45.09,1355.0,2,0
CU6756,Femenino,0,Sí,No,12,Mes a mes,No,Transferencia,Fibra óptica,Sí,Sí,Sí,18.0,222.87,1,1
CU6757,Femenino,1,No,No,46,Dos años,No,Cheque electrónico,DSL,No,No,No,53.62,2427.11,1,0
CU6758,Masculino,0,No,Sí,7,Dos años,No,Cheque electrónico,DSL,No,No,No,66.19,426.99,5,0
CU6759,Femenino,0,Sí,No,30,Mes a mes,Sí,Tarjeta de crédito,Fibra óptica,No,Sí,No,48.46,1444.75,0,0
CU6760,Femenino,1,No,No,30,Mes a mes,No,Transferencia,Fibra óptica,No,No,No,63.62,1815.7,2,0
CU6761,Masculino,0,Sí,No,27,Un año,No,Cheque electrónico,Sin internet,Sí,No,No,83.23,2202.1,1,0
CU6762,Femenino,0,Sí,No,16,Mes a mes,No,Transferencia,Fibra óptica,No,No,No,104.72,1745.48,1,1
CU6763,Masculino,1,No,Sí,8,Un año,No,Tarjeta de crédito,DSL,No,No,No,108.0,875.92,1,1
CU6764,Femenino,0,No,No,47,Dos años,Sí,Cheque electrónico,DSL,Sí,No,No,46.83,2283.95,3,1
CU6765,Femenino,0,No,No,68,Mes a mes,Sí,Domiciliación bancaria,Fibra óptica,No,No,No,44.02,2947.91,1,0
CU6766,Masculino,0,Sí,Sí,16,Dos años,No,Domiciliación bancaria,DSL,No,No,Sí,26.3,421.88,2,0
CU6767,Femenino,1,No,No,8,Mes a mes,No,Domiciliación bancaria,DSL,No,Sí,No,87.85,674.87,3,0
CU6768,Masculino,0,No,No,13,Mes a mes,Sí,Domiciliación bancaria,Fibra óptica,Sí,Sí,Sí,70.14,874.26,4,1
CU6769,Femenino,0,No,Sí,21,Un año,Sí,Transferencia,Sin internet,Sí,No,No,104.75,2029.53,0,1
CU6770,Masculino,0,No,No,26,Mes a mes,Sí,Transferencia,Sin internet,Sí,No,No,70.07,1892.21,0,0
CU6771,Femenino,1,No,No,21,Un año,Sí,Transferencia,DSL,Sí,Sí,No,49.4,1050.34,1,0
CU6772,Masculino,0,Sí,No,7,Mes a mes,No,Cheque electrónico,Fibra óptica,Sí,Sí,Sí,63.64,443.62,1,1
CU6773,Femenino,0,Sí,No,54,Dos años,Sí,Transferencia,Fibra óptica,No,No,No,58.93,2955.9,3,0
CU6774,Masculino,0,Sí,No,3,Mes a mes,No,Cheque electrónico,Sin internet,No,Sí,Sí,44.86,127.01,0,0
CU6775,Masculino,0,No,No,23,Mes a mes,Sí,Tarjeta de crédito,Fibra óptica,No,No,No,67.39,1531.44,0,0
CU6776,Masculino,0,Sí,No,55,Un año,Sí,Cheque electrónico,Fibra óptica,Sí,No,No,40.51,2330.31,4,0
CU6777,Femenino,0,No,No,44,Mes a mes,Sí,Domiciliación bancaria,Fibra óptica,No,No,No,103.92,4721.4,3,1
CU6778,Femenino,0,Sí,No,12,Un año,Sí,Tarjeta de crédito,Sin internet,No,Sí,Sí,18.0,206.36,1,0
CU6779,Femenino,0,No,No,8,Mes a mes,Sí,Cheque electrónico,Fibra óptica,No,No,No,98.68,739.78,2,1
CU6780,Femenino,0,No,No,44,Un año,Sí,Tarjeta de crédito,DSL,No,Sí,Sí,50.93,2173.97,1,0
CU6781,Masculino,0,Sí,No,0,Mes a mes,No,Tarjeta de crédito,DSL,No,No,Sí,18.0,18.2,0,0
CU6782,Femenino,0,No,Sí,22,Mes a mes,Sí,Domiciliación bancaria,Sin internet,Sí,Sí,No,18.0,365.89,0,0
CU6783,Masculino,1,No,No,61,Mes a mes,No,Transferencia,DSL,No,Sí,No,63.16,3709.04,1,0
CU6784,Femenino,0,No,Sí,23,Un año,Sí,Cheque electrónico,Sin internet,Sí,Sí,No,53.19,1184.13,2,0
CU6785,Masculino,0,Sí,Sí,25,Un año,No,Tarjeta de crédito,Fibra óptica,Sí,No,Sí,76.42,1985.5,2,0
CU6786,Masculino,0,Sí,No,11,Mes a mes,No,Cheque electrónico,Sin internet,No,No,No,53.1,555.16,0,1
CU6787,Masculino,1,Sí,No,32,Mes a mes,Sí,Tarjeta de crédito,Fibra óptica,No,No,Sí,81.18,2504.94,2,0
CU6788,Femenino,1,No,No,16,Mes a mes,No,Domiciliación bancaria,Fibra óptica,No,Sí,No,65.3,986.12,0,0
CU6789,Masculino,0,No,No,1,Mes a mes,Sí,Domiciliación bancaria,Sin internet,No,No,Sí,83.23,84.88,2,1
CU6790,Femenino,0,No,No,41,Mes a mes,Sí,Tarjeta de crédito,DSL,Sí,Sí,Sí,89.27,3634.92,1,1
CU6791,Femenino,1,Sí,No,1,Mes a mes,Sí,Transferencia,Fibra óptica,No,Sí,No,79.2,76.61,1,0
CU6792,Femenino,0,No,Sí,42,Un año,No,Domiciliación bancaria,DSL,No,Sí,No,56.66,2306.59,0,1
CU6793,Femenino,0,Sí,No,14,Dos años,Sí,Cheque electrónico,DSL,Sí,Sí,Sí,104.82,1352.82,0,0
CU6794,Masculino,0,No,Sí,20,Dos años,Sí,Domiciliación bancaria,DSL,No,No,Sí,63.11,1286.14,2,1
CU6795,Masculino,0,No,No,6,Mes a mes,No,Tarjeta de crédito,Sin internet,Sí,Sí,No,44.65,269.12,1,1
CU6796,Masculino,0,No,Sí,15,Mes a mes,No,Transferencia,DSL,Sí,Sí,Sí,53.08,738.24,1,0
CU6797,Masculino,0,Sí,No,26,Dos años,Sí,Transferencia,Sin internet,No,Sí,No,75.8,1826.77,0,0
CU6798,Masculino,0,Sí,No,25,Un año,No,Cheque electrónico,Sin internet,No,No,Sí,92.92,2345.18,1,0
CU6799,Femenino,1,Sí,No,71,Mes a mes,No,Cheque electrónico,DSL,No,No,Sí,83.66,6043.75,1,0
CU6800,Masculino,0,Sí,Sí,6,Dos años,Sí,Transferencia,DSL,Sí,No,No,83.74,468.73,3,0
CU6801,Femenino,0,Sí,No,35,Mes a mes,Sí,Tarjeta de crédito,Fibra óptica,Sí,Sí,Sí,54.66,1947.99,1,0
CU6802,Femenino,0,Sí,No,38,Mes a mes,No,Tarjeta de crédito,DSL,No,No,No,95.42,3677.86,1,0
CU6803,Femenino,1,Sí,No,71,Mes a mes,No,Transferencia,Sin internet,Sí,No,No,65.19,4614.28,3,0
CU6804,Femenino,1,No,Sí,60,Mes a mes,Sí,Transferencia,DSL,No,No,Sí,49.77,2785.71,1,0
CU6805,Femenino,0,No,No,44,Mes a mes,Sí,Domiciliación bancaria,Fibra óptica,Sí,Sí,Sí,18.0,746.08,1,0
CU6806,Femenino,0,Sí,No,45,Mes a mes,Sí,Transferencia,DSL,No,Sí,No,81.95,3650.31,2,0
CU6807,Masculino,0,No,Sí,65,Un año,No,Transferencia,Fibra óptica,Sí,Sí,No,48.6,3136.2,1,0
CU6808,Masculino,0,No,No,1,Dos años,Sí,Transferencia,Fibra óptica,Sí,No,Sí,34.57,33.47,1,0
CU6809,Masculino,0,No,Sí,57,Dos años,Sí,Tarjeta de crédito,Sin internet,Sí,Sí,No,29.16,1676.35,2,0
CU6810,Femenino,0,No,No,19,Mes a mes,No,Tarjeta de crédito,Fibra óptica,No,No,Sí,90.06,1648.55,3,1
CU6811,Masculino,0,No,No,45,Un año,Sí,Domiciliación bancaria,DSL,No,Sí,No,69.78,2901.62,1,0
CU6812,Femenino,0,Sí,No,34,Mes a mes,No,Transferencia,Fibra óptica,No,Sí,No,79.36,2739.27,2,0
CU6813,Femenino,0,Sí,No,33,Un año,Sí,Domiciliación bancaria,Fibra óptica,Sí,Sí,Sí,58.9,1952.27,2,0
CU6814,Femenino,0,No,Sí,66,Mes a mes,No,Transferencia,Fibra óptica,Sí,No,Sí,66.11,4046.84,2,1
CU6815,Femenino,0,Sí,Sí,64,Un año,No,Tarjeta de crédito,Sin internet,Sí,No,No,63.79,4102.24,2,0
CU6816,Femenino,0,Sí,Sí,12,Mes a mes,Sí,Tarjeta de crédito,Fibra óptica,Sí,No,No,32.45,378.81,2,0
CU6817,Masculino,1,No,No,28,Un año,Sí,Cheque electrónico,Fibra óptica,Sí,No,No,87.82,2449.56,0,0
CU6818,Masculino,0,Sí,No,5,Un año,Sí,Cheque electrónico,DSL,Sí,Sí,Sí,40.96,193.13,1,1
CU6819,Femenino,0,No,No,17,Mes a mes,Sí,Cheque electrónico,Sin internet,No,Sí,No,49.83,863.2,0,0
CU6820,Masculino,0,Sí,No,38,Mes a mes,Sí,Domiciliación bancaria,DSL,No,Sí,No,75.34,2777.15,2,0
CU6821,Femenino,1,Sí,No,17,Mes a mes,No,Cheque electrónico,DSL,No,No,Sí,93.99,1653.01,0,0
CU6822,Masculino,0,No,No,40,Mes a mes,Sí,Transferencia,Fibra óptica,No,Sí,No,47.66,1866.53,2,0
CU6823,Masculino,0,No,Sí,41,Mes a mes,Sí,Domiciliación bancaria,DSL,Sí,No,Sí,86.32,3612.05,2,1
CU6824,Femenino,0,Sí,No,71,Mes a mes,No,Transferencia,Fibra óptica,No,No,No,74.2,5239.07,1,0
CU6825,Femenino,0,Sí,Sí,54,Un año,No,Domiciliación bancaria,Fibra óptica,No,No,No,58.81,3257.09,0,0
CU6826,Femenino,0,No,No,39,Mes a mes,No,Cheque electrónico,DSL,No,No,Sí,62.63,2373.1,1,0
CU6827,Femenino,0,Sí,Sí,9,Mes a mes,Sí,Transferencia,Sin internet,No,No,No,62.33,563.44,1,1
CU6828,Femenino,0,Sí,Sí,1,Dos años,Sí,Transferencia,Sin internet,No,Sí,No,71.39,74.63,0,0
CU6829,Masculino,0,Sí,No,58,Un año,No,Cheque electrónico,Fibra óptica,Sí,No,No,97.24,5351.68,1,0
CU6830,Masculino,0,Sí,No,48,Un año,Sí,Tarjeta de crédito,Sin internet,Sí,No,No,73.17,3449.78,3,0
CU6831,Femenino,1,Sí,No,65,Mes a mes,Sí,Transferencia,Fibra óptica,Sí,No,No,57.37,3875.53,3,0
CU6832,Femenino,0,Sí,No,15,Un año,Sí,Cheque electrónico,Fibra óptica,No,Sí,Sí,52.37,782.91,2,0
CU6833,Femenino,0,Sí,No,39,Un año,Sí,Transferencia,DSL,No,No,No,68.96,2757.87,1,0
CU6834,Femenino,0,No,No,59,Mes a mes,No,Domiciliación bancaria,DSL,No,Sí,No,51.71,3036.63,1,0
CU6835,Masculino,0,Sí,Sí,25,Dos años,Sí,Tarjeta de crédito,Fibra óptica,No,No,No,18.0,454.82,1,0
CU6836,Femenino,1,No,Sí,32,Mes a mes,No,Domiciliación bancaria,DSL,No,No,No,97.09,2892.65,1,1
CU6837,Femenino,1,No,No,56,Un año,No,Cheque electrónico,Fibra óptica,No,No,No,61.44,3417.82,0,0
CU6838,Femenino,0,No,Sí,62,Mes a mes,No,Tarjeta de crédito,Sin internet,No,No,Sí,59.97,3568.16,1,0
CU6839,Femenino,0,No,No,35,Mes a mes,Sí,Domiciliación bancaria,DSL,No,No,No,102.79,3607.4,0,0
CU6840,Masculino,1,No,No,12,Mes a mes,Sí,Cheque electrónico,Sin internet,Sí,No,No,50.64,590.2,1,1
CU6841,Femenino,0,No,Sí,63,Un año,Sí,Domiciliación bancaria,DSL,No,No,No,76.93,4865.25,1,0
CU6842,Femenino,0,No,Sí,43,Un año,No,Transferencia,Sin internet,Sí,No,Sí,64.88,2616.82,3,0
CU6843,Femenino,0,Sí,No,32,Dos años,Sí,Domiciliación bancaria,Sin internet,Sí,No,Sí,74.65,2329.39,2,0
CU6844,Femenino,0,Sí,Sí,51,Mes a mes,Sí,Cheque electrónico,DSL,Sí,Sí,Sí,48.28,2407.84,1,0
CU6845,Femenino,0,Sí,Sí,27,Un año,No,Transferencia,Fibra óptica,No,Sí,No,90.3,2345.04,0,1
CU6846,Femenino,0,No,Sí,3,Mes a mes,Sí,Cheque electrónico,Fibra óptica,No,No,No,114.73,343.22,0,1
CU6847,Femenino,0,Sí,No,40,Mes a mes,Sí,Transferencia,Fibra óptica,No,Sí,No,38.76,1609.27,1,0
CU6848,Femenino,0,No,No,34,Mes a mes,Sí,Cheque electrónico,Fibra óptica,No,No,No,86.26,2850.8,2,0
CU6849,Masculino,0,No,Sí,67,Un año,Sí,Cheque electrónico,Sin internet,Sí,No,No,68.38,4703.96,0,0
CU6850,Femenino,1,No,No,49,Un año,Sí,Tarjeta de crédito,DSL,No,Sí,No,75.3,3724.74,0,0
CU6851,Femenino,0,Sí,No,67,Dos años,No,Tarjeta de crédito,DSL,No,No,Sí,77.99,5315.23,2,0
CU6852,Femenino,0,Sí,No,45,Un año,Sí,Transferencia,Fibra óptica,No,No,Sí,29.91,1288.13,2,0
CU6853,Masculino,0,No,No,29,Un año,Sí,Tarjeta de crédito,Sin internet,No,No,No,42.85,1159.8,1,0
CU6854,Femenino,0,Sí,No,7,Mes a mes,Sí,Domiciliación bancaria,Fibra óptica,No,Sí,Sí,58.18,420.53,0,0
CU6855,Femenino,0,No,Sí,63,Mes a mes,Sí,Domiciliación bancaria,DSL,Sí,No,Sí,99.25,6279.76,0,0
CU6856,Femenino,1,No,No,2,Dos años,Sí,Transferencia,Sin internet,No,Sí,Sí,56.5,115.8,1,0
CU6857,Masculino,0,No,Sí,70,Un año,Sí,Tarjeta de crédito,Fibra óptica,Sí,Sí,Sí,78.11,5374.68,0,0
CU6858,Femenino,0,Sí,No,15,Mes a mes,No,Transferencia,Sin internet,Sí,No,No,66.57,990.0,1,0
CU6859,Femenino,0,Sí,No,43,Dos años,No,Cheque electrónico,DSL,Sí,No,No,66.9,2940.34,2,0
CU6860,Masculino,0,Sí,No,17,Mes a mes,Sí,Cheque electrónico,DSL,No,Sí,No,69.26,1097.14,5,1
CU6861,Masculino,1,Sí,No,34,Un año,Sí,Transferencia,Fibra óptica,No,No,Sí,42.2,1480.56,0,0
CU6862,Femenino,0,No,No,43,Mes a mes,No,Transferencia,DSL,No,Sí,No,60.69,2730.72,2,0
CU6863,Masculino,0,Sí,No,54,Mes a mes,Sí,Transferencia,Sin internet,Sí,Sí,Sí,53.54,2997.71,2,1
CU6864,Femenino,1,Sí,No,1,Mes a mes,Sí,Cheque electrónico,Fibra óptica,No,Sí,Sí,63.4,65.28,1,1
CU6865,Masculino,0,No,No,70,Un año,Sí,Tarjeta de crédito,Fibra óptica,Sí,Sí,Sí,46.0,3141.91,1,0
CU6866,Femenino,0,No,Sí,19,Mes a mes,Sí,Domiciliación bancaria,Fibra óptica,Sí,No,No,115.86,2045.16,2,0
CU6867,Femenino,0,No,No,51,Mes a mes,Sí,Cheque electrónico,Sin internet,No,No,Sí,18.0,925.45,1,0
CU6868,Masculino,0,Sí,No,17,Mes a mes,Sí,Domiciliación bancaria,DSL,Sí,No,No,18.11,312.39,0,0
CU6869,Femenino,0,Sí,No,70,Dos años,No,Domiciliación bancaria,DSL,No,No,Sí,76.96,5380.63,2,0
CU6870,Femenino,0,Sí,No,61,Mes a mes,Sí,Tarjeta de crédito,Fibra óptica,No,Sí,No,88.07,5359.62,3,0
CU6871,Masculino,0,No,Sí,10,Mes a mes,No,Transferencia,Fibra óptica,No,Sí,No,109.99,1104.83,1,1
CU6872,Femenino,0,Sí,No,25,Mes a mes,Sí,Tarjeta de crédito,DSL,No,No,Sí,57.67,1346.13,2,0
CU6873,Femenino,0,No,No,30,Mes a mes,Sí,Tarjeta de crédito,Fibra óptica,No,No,No,65.12,1950.7,2,1
CU6874,Femenino,1,No,No,52,Un año,Sí,Domiciliación bancaria,DSL,Sí,Sí,Sí,79.03,4305.09,0,0
CU6875,Masculino,0,Sí,No,66,Dos años,Sí,Domiciliación bancaria,Fibra óptica,No,Sí,Sí,104.22,6959.47,1,0
CU6876,Femenino,0,No,No,60,Mes a mes,Sí,Domiciliación bancaria,DSL,No,Sí,No,28.31,1597.07,1,0
CU6877,Femenino,0,Sí,No,22,Un año,No,Cheque electrónico,Fibra óptica,No,No,Sí,70.42,1581.91,3,0
CU6878,Masculino,0,No,Sí,51,Mes a mes,Sí,Transferencia,Sin internet,Sí,No,No,82.93,3952.31,0,0
CU6879,Masculino,1,Sí,No,65,Mes a mes,Sí,Cheque electrónico,Sin internet,Sí,Sí,No,55.65,3553.87,2,0
CU6880,Femenino,0,Sí,Sí,8,Mes a mes,Sí,Domiciliación bancaria,Fibra óptica,No,No,Sí,77.14,645.24,1,1
CU6881,Masculino,0,Sí,No,15,Dos años,No,Transferencia,DSL,No,Sí,No,47.85,738.93,1,0
CU6882,Masculino,0,Sí,No,53,Dos años,Sí,Domiciliación bancaria,Fibra óptica,Sí,No,Sí,99.19,5242.15,0,0
CU6883,Masculino,0,No,No,27,Mes a mes,Sí,Domiciliación bancaria,DSL,No,No,Sí,18.0,463.77,3,0
CU6884,Masculino,0,Sí,No,61,Un año,Sí,Cheque electrónico,DSL,Sí,No,Sí,57.72,3383.05,2,0
CU6885,Masculino,0,No,No,63,Mes a mes,No,Cheque electrónico,DSL,Sí,No,Sí,80.92,4886.35,4,0
CU6886,Femenino,0,No,Sí,27,Un año,No,Tarjeta de crédito,DSL,Sí,Sí,No,56.93,1490.82,2,0
CU6887,Femenino,0,No,No,72,Dos años,Sí,Cheque electrónico,Fibra óptica,No,Sí,No,88.92,6290.29,0,0
CU6888,Masculino,0,No,No,64,Dos años,No,Domiciliación bancaria,DSL,No,No,No,66.96,3952.81,1,0
CU6889,Femenino,0,No,No,19,Un año,No,Domiciliación bancaria,Sin internet,No,No,Sí,73.43,1331.71,3,1
CU6890,Femenino,0,No,No,50,Mes a mes,No,Domiciliación bancaria,Fibra óptica,No,Sí,No,80.82,4226.53,2,0
CU6891,Masculino,1,No,No,31,Mes a mes,Sí,Cheque electrónico,Fibra óptica,No,No,No,63.53,1983.86,0,1
CU6892,Femenino,1,No,No,51,Mes a mes,No,Transferencia,Fibra óptica,Sí,Sí,Sí,18.65,885.14,2,0
CU6893,Femenino,1,No,No,37,Mes a mes,Sí,Transferencia,DSL,No,No,No,114.07,4116.0,1,0
CU6894,Femenino,1,Sí,No,39,Mes a mes,No,Transferencia,Sin internet,Sí,No,Sí,103.28,4166.22,1,1
CU6895,Femenino,1,Sí,Sí,41,Un año,Sí,Cheque electrónico,Fibra óptica,No,No,Sí,85.26,3620.21,0,0
CU6896,Masculino,0,No,No,27,Mes a mes,Sí,Transferencia,Fibra óptica,No,No,No,54.85,1404.72,1,1
CU6897,Femenino,0,Sí,No,39,Un año,Sí,Tarjeta de crédito,Sin internet,No,Sí,Sí,77.52,3160.71,2,0
CU6898,Masculino,0,No,No,23,Un año,Sí,Cheque electrónico,DSL,No,Sí,No,18.0,409.49,0,0
CU6899,Masculino,0,Sí,No,60,Mes a mes,Sí,Tarjeta de crédito,Fibra óptica,No,Sí,No,21.24,1302.87,3,0
CU6900,Masculino,0,Sí,No,58,Dos años,Sí,Tarjeta de crédito,DSL,No,Sí,Sí,130.0,7126.22,0,0
CU6901,Masculino,0,Sí,No,23,Dos años,No,Cheque electrónico,Fibra óptica,Sí,Sí,Sí,30.29,699.19,4,0
CU6902,Masculino,0,Sí,Sí,61,Mes a mes,No,Domiciliación bancaria,DSL,No,Sí,Sí,56.51,3340.35,0,0
CU6903,Masculino,0,No,No,38,Dos años,Sí,Cheque electrónico,Fibra óptica,Sí,No,No,69.04,2579.56,1,0
CU6904,Masculino,0,Sí,No,24,Dos años,Sí,Tarjeta de crédito,DSL,Sí,Sí,No,74.66,1878.25,0,0
CU6905,Masculino,0,Sí,Sí,24,Mes a mes,Sí,Cheque electrónico,DSL,Sí,No,Sí,64.98,1572.19,2,1
CU6906,Femenino,0,Sí,Sí,46,Mes a mes,No,Tarjeta de crédito,Fibra óptica,No,No,No,54.65,2340.11,2,1
CU6907,Masculino,0,Sí,Sí,56,Mes a mes,Sí,Cheque electrónico,DSL,Sí,Sí,Sí,62.15,3646.73,2,0
CU6908,Femenino,0,No,No,52,Mes a mes,Sí,Tarjeta de crédito,Sin internet,No,No,Sí,96.83,4798.64,1,1
CU6909,Masculino,0,No,No,46,Dos años,No,Transferencia,DSL,Sí,No,No,82.88,3717.35,1,1
CU6910,Masculino,0,No,No,15,Dos años,No,Cheque electrónico,Fibra óptica,No,No,Sí,84.1,1185.11,1,1
CU6911,Masculino,0,Sí,No,24,Un año,No,Cheque electrónico,Fibra óptica,Sí,Sí,Sí,18.0,437.6,1,0
CU6912,Masculino,0,Sí,No,46,Mes a mes,No,Transferencia,Fibra óptica,No,No,No,79.73,3813.94,1,0
CU6913,Masculino,1,No,No,18,Mes a mes,Sí,Domiciliación bancaria,DSL,No,No,No,68.56,1250.91,2,1
CU6914,Masculino,0,No,No,24,Un año,No,Transferencia,Fibra óptica,No,No,Sí,47.21,1110.11,3,0
CU6915,Masculino,0,Sí,No,28,Mes a mes,Sí,Domiciliación bancaria,Fibra óptica,No,Sí,No,116.56,3402.57,2,1
CU6916,Masculino,0,Sí,No,19,Un año,No,Domiciliación bancaria,Sin internet,Sí,No,No,23.88,465.71,0,0
CU6917,Masculino,0,Sí,No,60,Mes a mes,No,Domiciliación bancaria,DSL,No,No,No,64.04,3945.97,1,0
CU6918,Femenino,0,No,No,23,Dos años,Sí,Tarjeta de crédito,Fibra óptica,No,Sí,No,98.1,2082.06,1,0
CU6919,Femenino,0,Sí,No,28,Mes a mes,No,Tarjeta de crédito,DSL,Sí,Sí,Sí,69.37,1932.9,0,0
CU6920,Femenino,0,Sí,Sí,23,Mes a mes,Sí,Cheque electrónico,DSL,No,No,Sí,18.0,396.55,1,0
CU6921,Femenino,0,Sí,Sí,70,Mes a mes,Sí,Cheque electrónico,DSL,No,Sí,No,105.35,6926.62,0,0
CU6922,Masculino,0,No,No,36,Mes a mes,Sí,Cheque electrónico,Sin internet,Sí,Sí,No,18.0,618.56,0,0
CU6923,Femenino,0,Sí,No,2,Mes a mes,No,Cheque electrónico,DSL,Sí,No,Sí,31.49,61.58,3,0
CU6924,Masculino,0,No,Sí,25,Un año,Sí,Cheque electrónico,DSL,No,Sí,Sí,92.07,2295.02,0,0
CU6925,Femenino,0,No,Sí,57,Dos años,Sí,Tarjeta de crédito,Fibra óptica,Sí,No,No,38.02,2216.54,1,0
CU6926,Masculino,0,No,No,52,Dos años,Sí,Cheque electrónico,Fibra óptica,No,Sí,Sí,57.83,3000.69,0,0
CU6927,Masculino,0,Sí,No,13,Un año,Sí,Cheque electrónico,DSL,Sí,No,Sí,37.71,465.36,2,0
CU6928,Femenino,1,Sí,No,65,Dos años,Sí,Cheque electrónico,Fibra óptica,No,Sí,No,67.01,4238.94,0,0
CU6929,Femenino,0,Sí,No,35,Mes a mes,No,Tarjeta de crédito,Sin internet,No,No,No,98.51,3445.01,2,0
CU6930,Masculino,0,Sí,No,56,Un año,Sí,Cheque electrónico,DSL,No,No,No,20.8,1072.37,1,0
CU6931,Femenino,0,No,Sí,24,Mes a mes,Sí,Cheque electrónico,Fibra óptica,No,Sí,No,71.8,1613.15,0,0
CU6932,Masculino,0,Sí,Sí,40,Un año,Sí,Tarjeta de crédito,Fibra óptica,No,Sí,No,18.0,714.74,1,1
CU6933,Femenino,0,No,No,47,Dos años,Sí,Tarjeta de crédito,Fibra óptica,No,No,Sí,123.8,5384.48,3,1
CU6934,Femenino,0,No,No,49,Un año,No,Transferencia,DSL,No,No,No,39.19,2009.31,0,0
CU6935,Femenino,0,Sí,No,48,Mes a mes,Sí,Domiciliación bancaria,Fibra óptica,Sí,No,Sí,80.74,3712.57,2,0
CU6936,Masculino,0,Sí,Sí,65,Mes a mes,No,Domiciliación bancaria,DSL,Sí,No,No,73.2,4598.17,0,0
CU6937,Masculino,0,No,Sí,55,Dos años,Sí,Tarjeta de crédito,Fibra óptica,Sí,No,No,68.79,3735.04,1,0
CU6938,Femenino,0,No,No,43,Dos años,No,Cheque electrónico,DSL,No,Sí,No,52.7,2124.4,1,0
CU6939,Masculino,0,Sí,Sí,24,Un año,Sí,Transferencia,Fibra óptica,Sí,No,Sí,26.66,649.22,0,0
CU6940,Masculino,0,No,Sí,3,Mes a mes,No,Cheque electrónico,Fibra óptica,Sí,Sí,No,106.26,314.27,3,1
CU6941,Masculino,0,Sí,Sí,19,Mes a mes,No,Cheque electrónico,Fibra óptica,No,No,No,38.58,741.7,1,0
CU6942,Masculino,0,Sí,No,21,Mes a mes,Sí,Tarjeta de crédito,DSL,Sí,No,No,61.69,1208.5,0,1
CU6943,Masculino,0,Sí,Sí,61,Mes a mes,No,Tarjeta de crédito,DSL,No,No,Sí,55.3,3277.52,5,0
CU6944,Femenino,0,No,No,24,Mes a mes,Sí,Domiciliación bancaria,Fibra óptica,No,No,Sí,92.53,2204.98,4,1
CU6945,Femenino,1,No,No,1,Mes a mes,No,Transferencia,DSL,No,No,Sí,128.68,134.16,1,1
CU6946,Femenino,0,No,No,71,Un año,Sí,Domiciliación bancaria,Fibra óptica,No,Sí,Sí,45.92,3000.91,0,0
CU6947,Masculino,0,Sí,No,33,Mes a mes,Sí,Tarjeta de crédito,Fibra óptica,No,No,No,68.9,2333.73,2,1
CU6948,Masculino,0,No,Sí,53,Mes a mes,Sí,Domiciliación bancaria,DSL,No,Sí,No,95.11,5025.34,0,0
CU6949,Masculino,1,Sí,No,5,Mes a mes,Sí,Transferencia,DSL,No,Sí,No,102.27,489.0,0,0
CU6950,Masculino,0,Sí,No,31,Un año,Sí,Cheque electrónico,Fibra óptica,No,No,Sí,60.66,1960.93,0,0
CU6951,Femenino,1,No,No,63,Mes a mes,Sí,Transferencia,DSL,No,Sí,Sí,61.72,3650.58,2,0
CU6952,Masculino,0,No,No,25,Un año,No,Cheque electrónico,DSL,No,Sí,No,100.94,2596.04,0,1
CU6953,Masculino,0,No,No,34,Mes a mes,Sí,Cheque electrónico,DSL,No,No,Sí,18.0,597.44,0,0
CU6954,Femenino,0,No,No,70,Mes a mes,Sí,Cheque electrónico,DSL,No,No,Sí,90.52,6208.42,1,0
CU6955,Masculino,0,Sí,No,8,Dos años,No,Tarjeta de crédito,DSL,No,No,No,42.62,326.6,1,0
CU6956,Masculino,0,No,No,55,Mes a mes,Sí,Transferencia,DSL,No,No,No,69.17,3829.32,1,0
CU6957,Femenino,0,Sí,No,30,Un año,No,Cheque electrónico,Fibra óptica,No,No,No,66.75,1977.89,3,0
CU6958,Masculino,0,Sí,No,14,Mes a mes,Sí,Domiciliación bancaria,DSL,No,No,No,48.0,668.16,1,0
CU6959,Masculino,0,Sí,No,17,Mes a mes,Sí,Transferencia,Fibra óptica,Sí,No,Sí,73.7,1271.46,0,1
CU6960,Femenino,0,Sí,No,34,Mes a mes,No,Cheque electrónico,Fibra óptica,No,No,No,54.98,1731.15,1,0
CU6961,Masculino,0,No,Sí,40,Mes a mes,No,Transferencia,Sin internet,No,Sí,Sí,93.33,3505.88,2,1
CU6962,Femenino,1,No,No,16,Mes a mes,Sí,Tarjeta de crédito,DSL,Sí,No,Sí,43.54,685.91,3,0
CU6963,Femenino,0,Sí,No,9,Dos años,No,Transferencia,Fibra óptica,Sí,No,No,35.7,314.42,1,0
CU6964,Masculino,0,Sí,No,72,Mes a mes,Sí,Cheque electrónico,DSL,No,No,Sí,68.1,4797.8,1,0
CU6965,Masculino,0,Sí,No,54,Un año,Sí,Domiciliación bancaria,Fibra óptica,No,No,No,62.96,3218.23,0,0
CU6966,Masculino,0,Sí,No,41,Mes a mes,Sí,Cheque electrónico,Fibra óptica,Sí,No,No,107.31,4514.08,0,0
CU6967,Masculino,0,Sí,Sí,57,Un año,Sí,Cheque electrónico,DSL,No,No,Sí,64.28,3394.15,0,0
CU6968,Femenino,0,Sí,No,5,Dos años,No,Cheque electrónico,DSL,No,Sí,Sí,64.96,322.16,0,0
CU6969,Masculino,0,No,No,64,Mes a mes,Sí,Domiciliación bancaria,DSL,Sí,No,Sí,31.15,2049.15,1,0
CU6970,Masculino,0,No,No,22,Dos años,Sí,Transferencia,Fibra óptica,No,Sí,No,70.39,1553.59,1,0
CU6971,Femenino,0,Sí,Sí,15,Dos años,No,Transferencia,Sin internet,No,No,Sí,33.02,518.93,1,0
CU6972,Masculino,0,Sí,No,38,Dos años,No,Domiciliación bancaria,Fibra óptica,Sí,No,Sí,59.74,2200.86,1,0
CU6973,Femenino,0,No,Sí,67,Mes a mes,No,Domiciliación bancaria,DSL,No,Sí,Sí,39.32,2424.74,0,0
CU6974,Femenino,0,Sí,Sí,37,Un año,No,Cheque electrónico,Fibra óptica,No,Sí,No,79.39,2983.26,0,0
CU6975,Masculino,1,Sí,No,17,Mes a mes,No,Tarjeta de crédito,DSL,No,Sí,No,61.95,1023.01,0,0
CU6976,Femenino,0,No,No,16,Mes a mes,Sí,Transferencia,DSL,No,No,No,97.2,1558.91,1,1
CU6977,Masculino,0,No,No,27,Mes a mes,No,Cheque electrónico,Sin internet,No,No,Sí,36.89,934.4,1,0
CU6978,Femenino,0,No,No,50,Mes a mes,No,Transferencia,Sin internet,No,Sí,No,66.06,3378.91,0,0
CU6979,Masculino,0,No,No,48,Un año,Sí,Domiciliación bancaria,Fibra óptica,No,No,No,68.46,3146.77,0,0
CU6980,Masculino,1,Sí,Sí,17,Mes a mes,Sí,Cheque electrónico,Sin internet,Sí,Sí,No,60.7,971.41,1,0
CU6981,Femenino,0,Sí,No,41,Mes a mes,Sí,Tarjeta de crédito,Fibra óptica,No,Sí,Sí,95.14,4012.49,1,1
CU6982,Femenino,0,No,Sí,71,Mes a mes,Sí,Tarjeta de crédito,DSL,No,No,Sí,62.74,4343.85,0,0
CU6983,Masculino,0,Sí,No,62,Dos años,No,Cheque electrónico,DSL,No,No,Sí,35.46,2053.89,1,0
CU6984,Masculino,0,No,No,60,Dos años,Sí,Domiciliación bancaria,DSL,Sí,Sí,Sí,75.9,4213.36,5,0
CU6985,Femenino,1,Sí,No,39,Mes a mes,Sí,Domiciliación bancaria,DSL,No,Sí,No,114.78,4563.27,0,1
CU6986,Femenino,0,Sí,Sí,32,Mes a mes,Sí,Transferencia,Fibra óptica,No,Sí,No,45.55,1499.55,2,1
CU6987,Femenino,1,No,No,62,Mes a mes,Sí,Tarjeta de crédito,DSL,Sí,Sí,Sí,62.67,3847.13,1,0
CU6988,Masculino,0,Sí,Sí,26,Mes a mes,Sí,Cheque electrónico,DSL,No,No,Sí,70.34,1866.07,1,0
CU6989,Femenino,0,Sí,Sí,33,Mes a mes,No,Domiciliación bancaria,Fibra óptica,No,No,No,90.95,3017.82,3,1
CU6990,Masculino,1,No,No,12,Un año,No,Cheque electrónico,DSL,No,Sí,No,85.64,961.93,2,0
CU6991,Masculino,0,Sí,No,37,Dos años,Sí,Transferencia,DSL,No,Sí,No,68.11,2606.11,1,0
CU6992,Femenino,0,Sí,No,6,Mes a mes,No,Domiciliación bancaria,Fibra óptica,No,Sí,Sí,52.94,315.12,3,1
CU6993,Femenino,0,Sí,Sí,32,Mes a mes,Sí,Cheque electrónico,DSL,Sí,No,Sí,51.52,1576.05,1,0
CU6994,Femenino,0,No,No,55,Mes a mes,Sí,Tarjeta de crédito,Sin internet,No,No,No,78.14,4220.12,2,0
CU6995,Femenino,0,Sí,Sí,12,Mes a mes,Sí,Transferencia,DSL,No,Sí,No,44.76,541.82,3,1
CU6996,Masculino,0,Sí,No,64,Un año,No,Domiciliación bancaria,Fibra óptica,No,Sí,Sí,26.08,1731.78,0,0
CU6997,Femenino,1,Sí,No,47,Un año,Sí,Cheque electrónico,Fibra óptica,No,No,Sí,58.4,2807.2,0,0
CU6998,Masculino,0,Sí,Sí,36,Mes a mes,No,Cheque electrónico,Fibra óptica,No,Sí,No,50.29,1888.36,2,0
CU6999,Femenino,0,No,No,26,Mes a mes,Sí,Transferencia,Fibra óptica,No,No,No,54.12,1460.78,1,1
CU7000,Masculino,0,Sí,Sí,65,Mes a mes,Sí,Tarjeta de crédito,Fibra óptica,No,No,No,79.78,5033.21,3,1
CU7001,Femenino,0,No,No,62,Dos años,Sí,Tarjeta de crédito,Fibra óptica,Sí,No,No,67.46,3971.49,2,0
CU7002,Femenino,1,Sí,Sí,69,Mes a mes,Sí,Transferencia,DSL,No,No,No,58.33,3795.57,0,0
CU7003,Masculino,0,Sí,Sí,48,Mes a mes,No,Domiciliación bancaria,Sin internet,No,No,Sí,31.63,1476.71,2,1
CU7004,Femenino,1,Sí,No,43,Mes a mes,Sí,Tarjeta de crédito,DSL,No,Sí,Sí,53.6,2270.62,1,0
CU7005,Femenino,0,Sí,No,24,Mes a mes,No,Transferencia,DSL,Sí,Sí,No,19.56,458.44,1,1
CU7006,Femenino,0,No,Sí,18,Un año,No,Domiciliación bancaria,DSL,No,No,No,43.18,795.32,1,0
CU7007,Femenino,1,Sí,No,62,Mes a mes,Sí,Tarjeta de crédito,Sin internet,No,No,No,42.35,2709.09,1,0
CU7008,Femenino,1,Sí,No,59,Mes a mes,Sí,Cheque electrónico,Fibra óptica,No,Sí,No,65.21,3721.04,2,0
CU7009,Masculino,0,No,No,26,Dos años,No,Cheque electrónico,Sin internet,Sí,No,No,66.51,1677.85,0,0
CU7010,Femenino,0,No,Sí,15,Mes a mes,Sí,Domiciliación bancaria,DSL,No,No,No,57.86,814.24,1,0
CU7011,Masculino,0,No,No,38,Mes a mes,Sí,Transferencia,Fibra óptica,No,Sí,No,33.0,1207.73,2,0
CU7012,Femenino,1,No,No,67,Mes a mes,Sí,Cheque electrónico,Sin internet,No,Sí,No,18.0,1121.41,0,0
CU7013,Masculino,0,No,No,62,Un año,Sí,Transferencia,Sin internet,No,Sí,No,102.7,5898.97,2,0
CU7014,Femenino,0,No,Sí,13,Dos años,Sí,Domiciliación bancaria,Sin internet,No,Sí,No,41.26,537.15,1,0
CU7015,Masculino,0,No,Sí,51,Un año,Sí,Domiciliación bancaria,DSL,No,Sí,Sí,56.87,2820.15,3,0
CU7016,Masculino,0,Sí,No,25,Mes a mes,Sí,Transferencia,Sin internet,Sí,Sí,Sí,51.46,1241.09,1,0
CU7017,Femenino,0,No,No,41,Mes a mes,No,Transferencia,DSL,No,Sí,Sí,89.1,3606.22,2,1
CU7018,Masculino,0,No,No,8,Mes a mes,No,Transferencia,Fibra óptica,Sí,Sí,No,73.15,581.6,2,1
CU7019,Masculino,0,No,No,2,Dos años,No,Domiciliación bancaria,Fibra óptica,No,Sí,Sí,44.92,91.46,2,1
CU7020,Masculino,0,Sí,No,20,Dos años,No,Tarjeta de crédito,Fibra óptica,No,No,Sí,79.43,1502.11,4,1
CU7021,Masculino,0,Sí,Sí,52,Un año,Sí,Domiciliación bancaria,DSL,Sí,No,No,27.12,1469.02,2,0
CU7022,Masculino,0,Sí,No,36,Dos años,Sí,Tarjeta de crédito,Sin internet,No,No,No,62.17,2105.21,0,0
CU7023,Femenino,0,No,Sí,27,Un año,Sí,Cheque electrónico,Fibra óptica,Sí,No,No,18.0,480.16,1,0
CU7024,Masculino,0,No,Sí,28,Un año,Sí,Tarjeta de crédito,Fibra óptica,No,No,No,73.77,2152.59,2,0
CU7025,Femenino,0,No,Sí,5,Un año,No,Tarjeta de crédito,DSL,Sí,No,Sí,53.11,262.65,1,1
CU7026,Masculino,0,No,Sí,45,Mes a mes,Sí,Tarjeta de crédito,Fibra óptica,Sí,No,No,58.65,2733.52,1,0
CU7027,Femenino,0,No,No,26,Un año,No,Domiciliación bancaria,DSL,Sí,Sí,No,98.83,2697.15,1,0
CU7028,Masculino,0,Sí,No,26,Mes a mes,Sí,Tarjeta de crédito,Fibra óptica,Sí,Sí,No,44.0,1117.67,2,0
CU7029,Femenino,0,Sí,No,49,Dos años,No,Tarjeta de crédito,Fibra óptica,No,No,No,45.21,2172.06,1,0
CU7030,Femenino,0,Sí,No,41,Mes a mes,Sí,Transferencia,Fibra óptica,No,No,No,23.31,919.6,0,0
CU7031,Masculino,0,Sí,No,13,Un año,Sí,Cheque electrónico,DSL,Sí,No,Sí,66.33,801.06,1,1
CU7032,Masculino,0,No,No,45,Mes a mes,No,Cheque electrónico,Fibra óptica,No,No,Sí,63.08,2907.38,1,0
CU7033,Masculino,0,Sí,No,3,Un año,No,Transferencia,Fibra óptica,Sí,No,No,85.39,259.31,1,1
CU7034,Masculino,0,Sí,Sí,67,Un año,No,Cheque electrónico,Fibra óptica,No,Sí,Sí,64.0,4335.46,1,0
CU7035,Femenino,0,No,No,39,Dos años,Sí,Tarjeta de crédito,Sin internet,No,Sí,No,74.36,2688.0,2,1
CU7036,Masculino,0,No,No,64,Dos años,Sí,Transferencia,DSL,No,No,No,79.59,5267.4,1,0
CU7037,Masculino,0,No,Sí,70,Mes a mes,No,Cheque electrónico,Fibra óptica,Sí,Sí,Sí,75.13,5367.11,2,0
CU7038,Masculino,1,Sí,No,19,Un año,Sí,Domiciliación bancaria,DSL,No,Sí,Sí,61.32,1078.68,3,0
CU7039,Masculino,0,No,No,61,Mes a mes,Sí,Transferencia,DSL,No,No,No,80.04,5079.58,4,0
CU7040,Masculino,0,Sí,No,34,Dos años,No,Cheque electrónico,Sin internet,No,No,No,83.06,2659.82,1,0
CU7041,Masculino,1,Sí,Sí,52,Un año,Sí,Cheque electrónico,Sin internet,No,Sí,No,93.07,4817.17,1,0
CU7042,Masculino,0,No,No,7,Mes a mes,No,Domiciliación bancaria,DSL,Sí,Sí,No,128.83,855.2,1,1
CU7043,Masculino,0,Sí,Sí,17,Dos años,Sí,Transferencia,Fibra óptica,Sí,No,Sí,37.03,621.36,6,0
CU7044,Masculino,0,No,No,16,Un año,Sí,Cheque electrónico,DSL,No,Sí,No,79.49,1195.82,1,0
CU7045,Masculino,0,No,No,21,Un año,Sí,Cheque electrónico,Fibra óptica,Sí,Sí,Sí,64.55,1294.37,1,0
CU7046,Femenino,1,No,No,21,Mes a mes,No,Cheque electrónico,DSL,No,Sí,No,70.62,1419.99,0,1
CU7047,Femenino,0,No,No,31,Mes a mes,No,Domiciliación bancaria,Fibra óptica,No,No,Sí,86.2,2654.34,2,0
CU7048,Masculino,0,Sí,No,69,Un año,No,Tarjeta de crédito,DSL,No,No,Sí,71.22,4732.78,1,0
CU7049,Femenino,1,Sí,Sí,0,Mes a mes,No,Tarjeta de crédito,DSL,Sí,Sí,No,35.17,36.44,0,0
CU7050,Femenino,0,Sí,No,55,Un año,Sí,Domiciliación bancaria,Fibra óptica,No,No,No,50.4,2742.14,2,0
CU7051,Femenino,0,No,No,64,Un año,No,Tarjeta de crédito,DSL,Sí,Sí,No,81.04,4863.37,1,0
CU7052,Masculino,0,No,No,65,Mes a mes,No,Cheque electrónico,Sin internet,No,No,Sí,43.28,2588.65,0,0
CU7053,Femenino,0,No,No,25,Mes a mes,Sí,Transferencia,DSL,Sí,No,No,34.14,863.72,1,1
CU7054,Masculino,0,No,No,21,Dos años,Sí,Tarjeta de crédito,Sin internet,No,No,Sí,56.5,1176.8,0,0
CU7055,Femenino,1,Sí,Sí,18,Un año,Sí,Tarjeta de crédito,Sin internet,No,No,Sí,24.53,433.0,0,0
CU7056,Femenino,1,Sí,Sí,62,Mes a mes,Sí,Transferencia,Fibra óptica,Sí,Sí,No,43.66,2749.27,0,0
CU7057,Femenino,0,Sí,No,55,Mes a mes,Sí,Tarjeta de crédito,DSL,No,No,No,119.29,6527.14,0,0
CU7058,Masculino,0,Sí,No,56,Mes a mes,No,Tarjeta de crédito,Sin internet,No,No,Sí,49.69,2854.33,0,0
CU7059,Masculino,0,No,Sí,60,Mes a mes,Sí,Tarjeta de crédito,Fibra óptica,No,Sí,Sí,75.72,4507.77,2,0
CU7060,Femenino,0,No,No,10,Mes a mes,Sí,Tarjeta de crédito,DSL,No,No,Sí,41.9,400.28,2,1
CU7061,Masculino,1,Sí,No,66,Mes a mes,No,Transferencia,Fibra óptica,Sí,Sí,Sí,82.62,5042.03,0,0
CU7062,Femenino,0,Sí,Sí,23,Mes a mes,No,Cheque electrónico,Fibra óptica,No,Sí,No,57.65,1271.47,2,0
CU7063,Masculino,0,No,No,56,Mes a mes,Sí,Transferencia,Fibra óptica,No,Sí,No,87.13,5031.94,3,0
CU7064,Femenino,0,No,No,51,Dos años,Sí,Transferencia,Fibra óptica,Sí,Sí,No,55.96,2954.39,1,0
CU7065,Masculino,0,Sí,No,26,Un año,Sí,Cheque electrónico,Sin internet,Sí,Sí,Sí,51.9,1321.42,1,0
CU7066,Masculino,0,Sí,No,23,Mes a mes,No,Tarjeta de crédito,Fibra óptica,No,No,No,60.74,1320.53,0,1
CU7067,Femenino,0,No,No,46,Mes a mes,Sí,Cheque electrónico,Fibra óptica,No,No,Sí,65.12,2945.73,1,0
CU7068,Masculino,0,No,Sí,18,Mes a mes,Sí,Domiciliación bancaria,Sin internet,No,No,Sí,71.4,1318.09,1,1
CU7069,Masculino,0,No,No,44,Mes a mes,Sí,Tarjeta de crédito,Fibra óptica,No,Sí,No,45.55,1978.63,0,0
CU7070,Masculino,0,No,No,72,Dos años,Sí,Domiciliación bancaria,DSL,No,Sí,Sí,39.84,2797.32,0,0
CU7071,Femenino,0,No,No,21,Mes a mes,Sí,Domiciliación bancaria,Sin internet,Sí,Sí,No,25.42,497.71,2,0
CU7072,Femenino,1,No,No,35,Dos años,Sí,Tarjeta de crédito,Sin internet,Sí,No,No,48.55,1579.59,0,0
CU7073,Femenino,0,Sí,No,20,Mes a mes,Sí,Cheque electrónico,Sin internet,No,No,No,18.0,349.83,0,0
CU7074,Masculino,0,Sí,No,25,Mes a mes,Sí,Tarjeta de crédito,Sin internet,No,No,Sí,29.16,724.68,0,0
CU7075,Masculino,0,Sí,Sí,3,Dos años,No,Cheque electrónico,Fibra óptica,No,No,No,58.2,171.51,0,0
CU7076,Femenino,1,No,No,26,Un año,Sí,Tarjeta de crédito,Sin internet,Sí,No,Sí,81.36,2014.37,1,0
CU7077,Femenino,1,No,No,40,Un año,Sí,Domiciliación bancaria,DSL,No,Sí,Sí,55.53,2100.08,0,0
CU7078,Femenino,0,No,No,45,Mes a mes,Sí,Cheque electrónico,Fibra óptica,No,No,No,120.77,5292.46,0,1
CU7079,Femenino,0,Sí,No,30,Mes a mes,Sí,Tarjeta de crédito,Sin internet,No,No,Sí,73.5,2149.48,2,0
CU7080,Femenino,0,Sí,No,47,Mes a mes,Sí,Transferencia,Fibra óptica,No,No,No,70.7,3411.55,1,0
CU7081,Femenino,0,Sí,No,1,Mes a mes,No,Tarjeta de crédito,Fibra óptica,No,Sí,No,33.31,32.16,0,1
CU7082,Masculino,0,No,Sí,63,Un año,No,Domiciliación bancaria,Fibra óptica,No,No,No,81.28,4849.03,2,0
CU7083,Masculino,0,Sí,No,16,Dos años,No,Cheque electrónico,Fibra óptica,No,Sí,Sí,81.14,1287.06,2,1
CU7084,Masculino,0,No,No,47,Dos años,Sí,Domiciliación bancaria,Fibra óptica,Sí,Sí,Sí,38.46,1803.4,1,0
CU7085,Femenino,0,Sí,No,9,Mes a mes,Sí,Domiciliación bancaria,Fibra óptica,No,Sí,No,66.1,623.05,1,1
CU7086,Femenino,0,No,No,68,Mes a mes,No,Cheque electrónico,Sin internet,Sí,No,No,107.84,7385.75,2,0
CU7087,Femenino,0,Sí,No,29,Dos años,No,Domiciliación bancaria,Sin internet,Sí,No,No,72.31,2093.65,2,0
CU7088,Masculino,0,Sí,No,41,Mes a mes,No,Transferencia,Fibra óptica,No,No,Sí,88.8,3623.28,1,1
CU7089,Masculino,0,Sí,No,29,Mes a mes,No,Domiciliación bancaria,DSL,No,Sí,No,55.53,1530.74,0,1
CU7090,Masculino,0,Sí,No,36,Mes a mes,No,Transferencia,Sin internet,No,Sí,No,18.0,623.57,3,0
CU7091,Femenino,0,No,No,59,Mes a mes,Sí,Tarjeta de crédito,Fibra óptica,Sí,Sí,Sí,78.47,4353.97,1,0
CU7092,Femenino,0,No,Sí,57,Mes a mes,Sí,Cheque electrónico,Fibra óptica,No,No,Sí,60.58,3618.43,2,0
CU7093,Masculino,0,Sí,No,9,Mes a mes,Sí,Tarjeta de crédito,Fibra óptica,No,No,No,71.76,676.98,1,0
CU7094,Femenino,0,No,Sí,15,Un año,Sí,Domiciliación bancaria,Fibra óptica,Sí,No,No,66.33,1027.86,2,0
CU7095,Masculino,0,Sí,Sí,24,Un año,Sí,Transferencia,Fibra óptica,Sí,Sí,Sí,43.0,1060.65,3,0
CU7096,Masculino,0,No,Sí,46,Mes a mes,No,Tarjeta de crédito,Sin internet,No,No,Sí,66.78,3163.06,1,0
CU7097,Masculino,0,Sí,No,43,Mes a mes,No,Tarjeta de crédito,Fibra óptica,No,No,No,47.22,1886.37,2,0
CU7098,Masculino,0,No,No,29,Mes a mes,Sí,Transferencia,Fibra óptica,Sí,Sí,Sí,36.17,1046.54,2,0
CU7099,Masculino,1,No,No,19,Un año,Sí,Domiciliación bancaria,Fibra óptica,Sí,No,Sí,86.91,1611.47,0,0
CU7100,Masculino,0,Sí,No,9,Un año,Sí,Tarjeta de crédito,Fibra óptica,No,No,No,41.34,376.87,0,0
CU7101,Masculino,0,Sí,No,4,Mes a mes,No,Domiciliación bancaria,Fibra óptica,No,No,No,60.85,244.8,0,0
CU7102,Masculino,0,Sí,No,23,Un año,Sí,Domiciliación bancaria,Fibra óptica,No,Sí,Sí,40.12,862.06,1,0
CU7103,Femenino,0,No,Sí,60,Un año,No,Tarjeta de crédito,DSL,Sí,No,No,105.49,6288.94,2,0
CU7104,Femenino,0,Sí,No,46,Mes a mes,Sí,Cheque electrónico,Fibra óptica,No,No,No,78.71,3681.95,0,0
CU7105,Femenino,0,No,Sí,30,Dos años,No,Domiciliación bancaria,Fibra óptica,Sí,No,Sí,37.15,1146.41,4,0
CU7106,Masculino,0,No,No,68,Dos años,No,Tarjeta de crédito,Sin internet,Sí,No,No,65.16,4163.53,1,0
CU7107,Femenino,1,Sí,No,72,Mes a mes,Sí,Domiciliación bancaria,Sin internet,No,No,Sí,65.68,4608.78,2,0
CU7108,Masculino,0,No,Sí,40,Un año,Sí,Domiciliación bancaria,DSL,No,No,Sí,68.0,2732.39,1,0
CU7109,Femenino,0,Sí,No,37,Mes a mes,No,Transferencia,Fibra óptica,No,Sí,Sí,47.68,1731.08,0,0
CU7110,Masculino,0,No,Sí,30,Dos años,No,Domiciliación bancaria,Sin internet,No,No,No,46.14,1392.16,1,0
CU7111,Masculino,0,No,No,59,Mes a mes,Sí,Tarjeta de crédito,Fibra óptica,No,No,No,106.42,5855.87,0,1
CU7112,Masculino,0,No,No,65,Mes a mes,Sí,Cheque electrónico,DSL,Sí,No,Sí,39.9,2568.51,0,0
CU7113,Femenino,0,No,No,56,Un año,Sí,Transferencia,DSL,Sí,No,Sí,35.79,1864.83,0,0
CU7114,Femenino,0,No,No,14,Mes a mes,No,Domiciliación bancaria,DSL,No,No,No,18.0,246.17,0,1
CU7115,Masculino,0,Sí,Sí,47,Dos años,No,Cheque electrónico,DSL,No,No,Sí,57.9,2700.04,1,0
CU7116,Masculino,0,No,No,5,Dos años,Sí,Transferencia,DSL,No,No,No,28.89,138.16,1,0
CU7117,Femenino,1,No,No,14,Dos años,Sí,Cheque electrónico,Sin internet,No,No,No,126.54,1654.22,2,0
CU7118,Femenino,0,Sí,No,23,Mes a mes,Sí,Cheque electrónico,DSL,No,Sí,No,26.88,590.86,1,0
CU7119,Femenino,1,No,Sí,3,Mes a mes,Sí,Domiciliación bancaria,DSL,Sí,Sí,No,43.47,135.91,1,0
CU7120,Femenino,0,No,No,6,Dos años,Sí,Tarjeta de crédito,Fibra óptica,No,No,No,125.84,786.06,2,0
CU7121,Masculino,0,Sí,No,18,Mes a mes,Sí,Transferencia,DSL,Sí,No,No,95.23,1617.87,2,1
CU7122,Femenino,0,Sí,Sí,30,Un año,Sí,Transferencia,Fibra óptica,No,No,No,18.0,504.43,1,0
CU7123,Femenino,0,No,No,10,Un año,Sí,Cheque electrónico,Fibra óptica,No,No,Sí,65.3,607.15,1,0
CU7124,Femenino,0,No,No,17,Dos años,Sí,Domiciliación bancaria,Fibra óptica,No,Sí,Sí,71.63,1179.24,1,0
CU7125,Masculino,0,No,No,29,Un año,Sí,Tarjeta de crédito,DSL,No,No,No,37.36,998.85,1,0
CU7126,Femenino,0,No,No,13,Un año,Sí,Transferencia,Fibra óptica,Sí,No,No,82.17,1057.84,3,1
CU7127,Femenino,1,Sí,Sí,69,Un año,No,Cheque electrónico,Fibra óptica,No,No,No,25.09,1735.34,0,0
CU7128,Masculino,1,Sí,No,14,Un año,Sí,Domiciliación bancaria,Fibra óptica,No,Sí,No,18.0,248.17,3,0
CU7129,Masculino,1,No,Sí,22,Mes a mes,No,Tarjeta de crédito,Fibra óptica,No,No,Sí,91.48,1978.52,1,1
CU7130,Masculino,0,Sí,No,18,Mes a mes,Sí,Transferencia,Fibra óptica,Sí,No,Sí,80.83,1413.36,1,0
CU7131,Femenino,0,Sí,No,26,Dos años,No,Tarjeta de crédito,DSL,No,No,Sí,116.36,2789.44,2,0
CU7132,Masculino,0,No,Sí,39,Un año,Sí,Tarjeta de crédito,Sin internet,No,Sí,No,61.79,2446.37,0,0
CU7133,Masculino,0,Sí,Sí,25,Dos años,No,Cheque electrónico,Fibra óptica,No,No,No,108.42,2652.09,1,1
CU7134,Masculino,1,Sí,No,0,Un año,Sí,Domiciliación bancaria,DSL,Sí,Sí,Sí,49.05,45.5,0,0
CU7135,Masculino,0,Sí,Sí,44,Mes a mes,Sí,Tarjeta de crédito,DSL,No,No,Sí,96.9,4419.88,1,0
CU7136,Masculino,1,Sí,No,45,Dos años,No,Domiciliación bancaria,Fibra óptica,Sí,No,Sí,116.98,4967.26,0,0
CU7137,Femenino,0,No,Sí,68,Mes a mes,No,Cheque electrónico,DSL,No,No,Sí,39.11,2563.58,0,0
CU7138,Femenino,0,Sí,Sí,51,Mes a mes,No,Tarjeta de crédito,DSL,No,No,No,18.0,947.5,5,0
CU7139,Masculino,0,No,Sí,68,Mes a mes,Sí,Tarjeta de crédito,Sin internet,No,Sí,No,70.93,4655.8,1,0
CU7140,Masculino,0,Sí,No,52,Un año,Sí,Cheque electrónico,Fibra óptica,No,Sí,No,70.24,3833.77,1,0
CU7141,Masculino,0,Sí,No,57,Un año,Sí,Cheque electrónico,Fibra óptica,No,Sí,Sí,60.3,3417.37,4,0
CU7142,Masculino,1,No,No,37,Un año,No,Transferencia,Sin internet,Sí,No,Sí,91.83,3330.72,1,0
CU7143,Femenino,0,Sí,No,49,Un año,Sí,Transferencia,Sin internet,No,No,No,33.27,1565.92,0,0
CU7144,Masculino,0,Sí,No,33,Dos años,No,Transferencia,Fibra óptica,No,No,No,61.33,2003.13,1,1
CU7145,Femenino,0,No,Sí,24,Mes a mes,No,Transferencia,Fibra óptica,No,No,No,43.1,986.42,0,0
CU7146,Femenino,0,Sí,No,43,Un año,Sí,Transferencia,DSL,Sí,Sí,No,110.38,4426.57,1,0
CU7147,Femenino,0,No,No,34,Mes a mes,No,Transferencia,Fibra óptica,No,No,No,86.43,2739.78,3,0
CU7148,Femenino,1,No,No,21,Dos años,Sí,Domiciliación bancaria,DSL,No,Sí,No,44.9,947.19,0,0
CU7149,Masculino,0,Sí,No,70,Mes a mes,Sí,Transferencia,Fibra óptica,No,No,No,66.02,4370.9,2,0
CU7150,Masculino,0,No,No,8,Mes a mes,Sí,Transferencia,DSL,No,No,Sí,59.92,454.9,2,0
CU7151,Femenino,0,No,Sí,8,Mes a mes,Sí,Transferencia,Fibra óptica,Sí,Sí,Sí,27.85,217.55,1,0
CU7152,Femenino,0,Sí,No,37,Mes a mes,Sí,Domiciliación bancaria,DSL,Sí,Sí,No,109.26,3916.26,0,0
CU7153,Masculino,0,Sí,No,1,Un año,Sí,Tarjeta de crédito,DSL,No,Sí,No,52.77,51.76,5,1
CU7154,Femenino,0,No,Sí,63,Un año,Sí,Cheque electrónico,Sin internet,No,No,No,130.0,8329.28,2,0
CU7155,Femenino,0,No,No,23,Mes a mes,Sí,Cheque electrónico,Fibra óptica,No,No,No,65.82,1525.87,0,0
CU7156,Masculino,0,No,No,35,Dos años,Sí,Cheque electrónico,Fibra óptica,Sí,No,No,99.8,3266.67,0,0
CU7157,Femenino,1,Sí,No,41,Un año,No,Cheque electrónico,Sin internet,No,Sí,Sí,65.69,2695.44,2,0
CU7158,Masculino,0,No,Sí,20,Un año,Sí,Transferencia,DSL,Sí,Sí,Sí,73.5,1453.0,2,0
CU7159,Femenino,0,No,No,8,Mes a mes,No,Domiciliación bancaria,Sin internet,No,No,Sí,53.24,445.06,0,0
CU7160,Femenino,0,No,No,15,Dos años,No,Transferencia,Sin internet,No,No,No,18.0,250.83,1,0
CU7161,Masculino,0,Sí,No,6,Mes a mes,No,Transferencia,DSL,Sí,Sí,No,111.67,690.02,0,1
CU7162,Masculino,0,Sí,Sí,4,Dos años,Sí,Cheque electrónico,Fibra óptica,No,No,Sí,47.81,182.25,0,0
CU7163,Masculino,0,No,Sí,51,Mes a mes,Sí,Cheque electrónico,Fibra óptica,Sí,No,Sí,105.94,5199.47,1,0
CU7164,Femenino,0,No,No,67,Mes a mes,Sí,Cheque electrónico,DSL,No,Sí,Sí,123.51,8045.49,1,1
CU7165,Masculino,0,Sí,No,29,Un año,No,Transferencia,DSL,No,No,No,46.55,1415.24,2,0
CU7166,Femenino,0,No,No,23,Dos años,Sí,Tarjeta de crédito,Fibra óptica,Sí,Sí,Sí,41.29,995.09,1,0
CU7167,Masculino,1,No,No,27,Mes a mes,Sí,Domiciliación bancaria,DSL,No,No,No,48.64,1300.77,2,0
CU7168,Masculino,1,Sí,Sí,65,Dos años,No,Tarjeta de crédito,Fibra óptica,No,No,Sí,18.0,1153.5,0,0
CU7169,Femenino,0,No,Sí,20,Mes a mes,Sí,Tarjeta de crédito,Fibra óptica,No,Sí,No,74.63,1432.94,0,0
CU7170,Femenino,1,No,No,68,Mes a mes,No,Transferencia,Fibra óptica,No,Sí,No,101.22,6715.3,1,0
CU7171,Masculino,0,Sí,No,20,Mes a mes,No,Cheque electrónico,Fibra óptica,No,No,No,38.45,800.13,1,1
CU7172,Masculino,0,Sí,No,32,Un año,Sí,Domiciliación bancaria,Fibra óptica,No,No,No,78.11,2384.22,0,0
CU7173,Femenino,0,Sí,No,20,Un año,Sí,Cheque electrónico,DSL,Sí,Sí,No,58.62,1137.31,1,0
CU7174,Femenino,1,Sí,No,30,Dos años,No,Tarjeta de crédito,Sin internet,No,No,No,58.8,1783.75,1,0
CU7175,Femenino,0,Sí,Sí,49,Mes a mes,No,Cheque electrónico,Sin internet,Sí,Sí,No,64.42,3152.71,1,0
CU7176,Masculino,1,No,No,23,Un año,No,Cheque electrónico,Fibra óptica,No,No,No,74.26,1581.37,2,0
CU7177,Masculino,0,No,No,3,Un año,Sí,Transferencia,Sin internet,Sí,No,No,47.1,139.16,0,0
CU7178,Masculino,1,Sí,No,46,Mes a mes,Sí,Domiciliación bancaria,Fibra óptica,No,No,No,65.29,2827.76,0,0
CU7179,Femenino,0,Sí,Sí,51,Un año,Sí,Cheque electrónico,DSL,Sí,Sí,No,48.12,2546.61,0,0
CU7180,Femenino,0,Sí,No,15,Mes a mes,Sí,Tarjeta de crédito,DSL,Sí,No,Sí,68.55,1069.96,1,0
CU7181,Femenino,0,Sí,No,50,Un año,No,Domiciliación bancaria,Fibra óptica,No,No,Sí,39.23,1966.6,1,0
CU7182,Masculino,0,No,No,24,Mes a mes,No,Transferencia,Fibra óptica,No,No,Sí,90.42,2271.32,1,0
CU7183,Masculino,0,Sí,Sí,50,Dos años,No,Tarjeta de crédito,Fibra óptica,No,No,No,55.2,2709.2,0,0
CU7184,Femenino,0,Sí,No,21,Mes a mes,Sí,Tarjeta de crédito,Fibra óptica,Sí,No,No,29.98,653.01,0,0
CU7185,Masculino,0,No,No,5,Mes a mes,No,Cheque electrónico,Sin internet,Sí,No,No,58.95,276.08,1,1
CU7186,Masculino,0,No,No,27,Mes a mes,Sí,Transferencia,Sin internet,Sí,Sí,No,62.89,1737.44,1,0
CU7187,Femenino,1,Sí,No,6,Mes a mes,Sí,Transferencia,Fibra óptica,No,No,Sí,51.26,298.3,1,0
CU7188,Femenino,0,No,No,5,Mes a mes,No,Tarjeta de crédito,DSL,No,Sí,No,19.84,95.51,2,0
CU7189,Masculino,0,No,No,16,Un año,Sí,Transferencia,Sin internet,No,No,Sí,61.33,931.24,1,0
CU7190,Femenino,0,No,No,38,Mes a mes,Sí,Transferencia,Fibra óptica,No,No,No,69.52,2606.91,1,1
CU7191,Femenino,1,No,Sí,11,Un año,Sí,Cheque electrónico,DSL,No,No,Sí,76.8,790.88,0,0
CU7192,Masculino,0,Sí,No,6,Mes a mes,Sí,Cheque electrónico,Fibra óptica,Sí,Sí,Sí,93.35,518.37,1,0
CU7193,Masculino,0,No,No,27,Mes a mes,Sí,Cheque electrónico,Fibra óptica,No,Sí,No,78.99,2182.35,1,1
CU7194,Masculino,1,Sí,No,57,Un año,Sí,Tarjeta de crédito,DSL,No,Sí,No,74.2,3942.24,2,0
CU7195,Masculino,0,No,No,22,Mes a mes,Sí,Cheque electrónico,Fibra óptica,Sí,Sí,Sí,80.91,1669.1,1,0
CU7196,Femenino,0,Sí,No,30,Dos años,No,Tarjeta de crédito,Sin internet,No,No,No,49.11,1451.2,1,0
CU7197,Femenino,0,No,No,63,Un año,No,Domiciliación bancaria,Sin internet,Sí,No,No,91.13,5647.54,1,0
CU7198,Masculino,1,Sí,Sí,53,Un año,No,Domiciliación bancaria,Fibra óptica,No,No,Sí,62.83,3194.6,2,0
CU7199,Masculino,0,No,Sí,31,Mes a mes,No,Transferencia,Fibra óptica,Sí,No,No,59.65,1781.58,4,1
CU7200,Femenino,0,Sí,Sí,9,Un año,Sí,Transferencia,Fibra óptica,No,Sí,No,30.07,258.37,1,0
CU7201,Masculino,0,Sí,Sí,47,Un año,Sí,Transferencia,DSL,No,Sí,Sí,77.36,3586.96,0,0
CU7202,Masculino,0,Sí,No,42,Dos años,No,Transferencia,Fibra óptica,Sí,Sí,No,74.42,2939.85,0,0
CU7203,Masculino,0,No,No,20,Un año,Sí,Cheque electrónico,DSL,No,No,No,85.82,1799.26,2,0
CU7204,Masculino,0,Sí,No,13,Mes a mes,No,Tarjeta de crédito,DSL,No,No,No,26.22,323.75,1,1
CU7205,Masculino,0,No,No,20,Mes a mes,Sí,Tarjeta de crédito,Fibra óptica,No,Sí,No,85.12,1752.92,1,0
CU7206,Femenino,0,Sí,No,42,Un año,Sí,Cheque electrónico,DSL,No,No,Sí,60.01,2628.79,1,0
CU7207,Femenino,0,Sí,No,29,Dos años,Sí,Transferencia,Fibra óptica,No,No,Sí,39.9,1108.95,1,0
CU7208,Femenino,1,No,Sí,30,Mes a mes,Sí,Tarjeta de crédito,DSL,Sí,Sí,No,52.05,1468.64,3,0
CU7209,Femenino,1,No,Sí,56,Mes a mes,No,Domiciliación bancaria,Sin internet,Sí,No,Sí,42.13,2388.54,0,0
CU7210,Masculino,0,No,Sí,47,Dos años,No,Transferencia,Fibra óptica,Sí,No,No,74.21,3503.31,1,0
CU7211,Masculino,0,Sí,No,59,Un año,Sí,Domiciliación bancaria,DSL,Sí,Sí,No,52.81,2931.61,0,0
CU7212,Femenino,0,Sí,Sí,6,Mes a mes,Sí,Domiciliación bancaria,Sin internet,Sí,No,No,62.68,386.49,2,1
CU7213,Femenino,0,No,Sí,51,Un año,No,Tarjeta de crédito,Fibra óptica,Sí,Sí,No,51.92,2744.69,2,0
CU7214,Masculino,0,Sí,Sí,65,Mes a mes,Sí,Domiciliación bancaria,DSL,No,Sí,No,61.46,3725.21,1,0
CU7215,Masculino,0,No,No,26,Mes a mes,Sí,Cheque electrónico,Fibra óptica,No,No,Sí,33.17,891.23,0,1
CU7216,Masculino,0,No,Sí,35,Mes a mes,Sí,Cheque electrónico,Fibra óptica,Sí,No,No,18.0,614.39,2,0
CU7217,Femenino,0,Sí,Sí,21,Mes a mes,No,Domiciliación bancaria,DSL,Sí,Sí,No,130.0,2743.61,1,1
CU7218,Masculino,0,Sí,No,49,Dos años,Sí,Transferencia,Sin internet,Sí,Sí,Sí,66.03,3305.53,1,0
CU7219,Masculino,0,Sí,Sí,39,Dos años,Sí,Tarjeta de crédito,Sin internet,No,No,Sí,130.0,5228.51,1,0
CU7220,Femenino,0,Sí,No,18,Un año,Sí,Cheque electrónico,Sin internet,No,No,Sí,62.88,1161.31,3,0
CU7221,Femenino,0,Sí,No,3,Mes a mes,Sí,Tarjeta de crédito,Sin internet,No,Sí,No,64.13,185.81,1,1
CU7222,Masculino,1,No,Sí,52,Un año,Sí,Tarjeta de crédito,Fibra óptica,No,No,Sí,56.74,2817.38,1,0
CU7223,Masculino,0,Sí,Sí,39,Dos años,Sí,Cheque electrónico,DSL,Sí,Sí,Sí,80.65,3075.38,2,0
CU7224,Masculino,0,No,Sí,68,Dos años,Sí,Transferencia,DSL,No,Sí,Sí,67.67,4739.83,0,0
CU7225,Femenino,0,No,No,17,Mes a mes,Sí,Transferencia,Fibra óptica,No,No,No,27.21,452.51,0,0
CU7226,Masculino,0,Sí,No,69,Un año,No,Tarjeta de crédito,Fibra óptica,No,Sí,No,35.26,2488.81,3,0
CU7227,Masculino,0,Sí,No,34,Mes a mes,No,Cheque electrónico,Fibra óptica,Sí,Sí,No,30.81,1087.77,1,0
CU7228,Masculino,0,Sí,No,58,Un año,Sí,Domiciliación bancaria,DSL,No,No,Sí,67.82,3993.95,2,0
CU7229,Masculino,1,Sí,No,27,Mes a mes,Sí,Transferencia,DSL,No,Sí,Sí,69.09,1801.59,0,0
CU7230,Femenino,0,Sí,No,29,Dos años,Sí,Tarjeta de crédito,Sin internet,No,Sí,Sí,67.78,1930.13,1,0
CU7231,Masculino,0,No,Sí,47,Un año,Sí,Cheque electrónico,Fibra óptica,Sí,No,Sí,44.62,2089.23,3,0
CU7232,Femenino,0,No,Sí,13,Mes a mes,Sí,Cheque electrónico,DSL,No,No,Sí,30.72,369.9,0,0
CU7233,Masculino,0,No,No,61,Un año,Sí,Transferencia,Fibra óptica,Sí,Sí,Sí,96.52,6117.82,3,0
CU7234,Femenino,0,No,Sí,19,Mes a mes,No,Tarjeta de crédito,Sin internet,No,Sí,No,70.31,1289.93,2,1
CU7235,Femenino,0,No,Sí,42,Dos años,No,Domiciliación bancaria,Fibra óptica,No,Sí,No,80.79,3173.29,1,0
CU7236,Femenino,0,Sí,No,54,Mes a mes,Sí,Tarjeta de crédito,Fibra óptica,Sí,No,No,91.35,4855.66,0,0
CU7237,Femenino,0,No,No,27,Mes a mes,Sí,Tarjeta de crédito,Fibra óptica,No,No,No,18.0,465.2,2,0
CU7238,Masculino,1,No,Sí,20,Un año,No,Domiciliación bancaria,Fibra óptica,No,No,Sí,66.27,1327.9,1,0
CU7239,Femenino,0,No,No,47,Dos años,No,Transferencia,Fibra óptica,No,Sí,No,95.82,4572.7,0,0
CU7240,Femenino,0,No,No,20,Un año,No,Domiciliación bancaria,Fibra óptica,Sí,No,Sí,29.94,618.21,1,0
CU7241,Masculino,0,Sí,No,34,Dos años,Sí,Domiciliación bancaria,Fibra óptica,No,No,Sí,32.83,1163.03,5,1
CU7242,Femenino,0,No,No,19,Mes a mes,Sí,Transferencia,DSL,Sí,No,No,32.23,623.31,1,0
CU7243,Masculino,0,Sí,No,43,Mes a mes,Sí,Domiciliación bancaria,Fibra óptica,No,Sí,No,21.63,972.0,1,0
CU7244,Femenino,0,No,Sí,23,Dos años,No,Tarjeta de crédito,DSL,No,No,Sí,80.55,1744.11,1,0
CU7245,Masculino,0,Sí,No,49,Mes a mes,No,Cheque electrónico,Fibra óptica,No,Sí,Sí,69.65,3548.44,2,0
CU7246,Masculino,0,No,No,39,Dos años,Sí,Tarjeta de crédito,Fibra óptica,No,No,Sí,29.32,1195.08,3,0
CU7247,Masculino,0,No,No,5,Dos años,Sí,Domiciliación bancaria,DSL,No,No,Sí,18.0,89.7,0,0
CU7248,Masculino,0,No,Sí,50,Mes a mes,Sí,Tarjeta de crédito,Sin internet,Sí,No,No,40.2,2110.14,0,0
CU7249,Femenino,0,Sí,No,50,Un año,No,Domiciliación bancaria,Fibra óptica,Sí,Sí,No,94.23,4836.38,0,0
CU7250,Femenino,0,Sí,No,28,Un año,Sí,Tarjeta de crédito,DSL,No,No,No,31.09,847.11,0,0
CU7251,Femenino,0,Sí,No,39,Mes a mes,No,Cheque electrónico,Fibra óptica,No,No,Sí,18.0,678.46,2,0
CU7252,Masculino,1,No,No,28,Mes a mes,Sí,Transferencia,Fibra óptica,No,No,No,59.26,1724.38,4,1
CU7253,Masculino,0,Sí,No,40,Dos años,Sí,Tarjeta de crédito,Fibra óptica,No,Sí,No,28.92,1194.84,1,0
CU7254,Femenino,1,No,No,60,Mes a mes,No,Domiciliación bancaria,DSL,No,No,Sí,109.95,6536.77,0,0
CU7255,Femenino,0,Sí,No,4,Mes a mes,No,Tarjeta de crédito,Fibra óptica,No,Sí,Sí,66.53,253.7,1,1
CU7256,Femenino,0,No,No,14,Mes a mes,No,Tarjeta de crédito,Fibra óptica,No,No,Sí,51.55,672.91,1,0
CU7257,Femenino,1,No,No,44,Mes a mes,No,Cheque electrónico,Fibra óptica,No,Sí,No,51.99,2135.6,0,0
CU7258,Masculino,0,No,Sí,44,Mes a mes,Sí,Transferencia,DSL,Sí,No,No,45.45,1870.16,2,0
CU7259,Femenino,0,Sí,Sí,51,Mes a mes,Sí,Cheque electrónico,Sin internet,Sí,No,Sí,48.22,2454.32,2,1
CU7260,Masculino,0,Sí,Sí,40,Un año,Sí,Transferencia,Fibra óptica,No,No,No,129.68,5057.41,2,0
CU7261,Masculino,0,Sí,No,47,Dos años,Sí,Cheque electrónico,DSL,No,No,Sí,88.92,4337.17,0,0
CU7262,Masculino,0,No,No,33,Mes a mes,No,Transferencia,Fibra óptica,No,No,No,55.88,1769.55,1,0
CU7263,Femenino,0,No,Sí,2,Dos años,Sí,Tarjeta de crédito,Fibra óptica,No,No,No,68.01,128.1,2,1
CU7264,Femenino,0,No,Sí,65,Un año,Sí,Cheque electrónico,Fibra óptica,No,No,No,40.97,2682.73,0,0
CU7265,Femenino,1,No,No,26,Dos años,No,Tarjeta de crédito,Fibra óptica,Sí,No,Sí,89.99,2330.16,0,1
CU7266,Femenino,0,Sí,Sí,0,Mes a mes,No,Transferencia,Sin internet,No,No,No,18.0,17.21,1,0
CU7267,Masculino,0,No,No,45,Mes a mes,Sí,Tarjeta de crédito,DSL,Sí,No,No,44.81,2070.15,3,0
CU7268,Masculino,0,Sí,Sí,58,Mes a mes,No,Tarjeta de crédito,DSL,No,Sí,No,30.7,1744.59,2,0
CU7269,Femenino,0,No,No,22,Un año,Sí,Tarjeta de crédito,Fibra óptica,No,Sí,No,85.48,1741.23,2,0
CU7270,Femenino,0,Sí,No,29,Mes a mes,Sí,Transferencia,Sin internet,Sí,Sí,Sí,59.82,1723.99,0,0
CU7271,Masculino,0,No,No,69,Mes a mes,Sí,Domiciliación bancaria,Fibra óptica,No,No,No,18.0,1143.38,0,0
CU7272,Masculino,0,Sí,No,60,Mes a mes,Sí,Domiciliación bancaria,Fibra óptica,Sí,No,No,56.27,3364.93,2,0
CU7273,Femenino,1,Sí,No,55,Dos años,No,Cheque electrónico,Sin internet,No,No,No,58.76,3087.58,2,0
CU7274,Femenino,0,Sí,No,33,Un año,Sí,Domiciliación bancaria,DSL,No,No,Sí,100.35,3064.65,1,0
CU7275,Masculino,1,Sí,No,9,Mes a mes,No,Transferencia,DSL,No,No,No,66.67,605.91,3,1
CU7276,Masculino,0,Sí,No,13,Mes a mes,Sí,Transferencia,Sin internet,No,Sí,Sí,57.5,736.9,0,0
CU7277,Masculino,0,Sí,No,61,Mes a mes,Sí,Transferencia,Fibra óptica,No,No,No,60.17,3495.22,3,0
CU7278,Masculino,0,No,No,41,Mes a mes,No,Tarjeta de crédito,Fibra óptica,No,No,No,18.0,733.92,1,0
CU7279,Femenino,0,Sí,Sí,31,Mes a mes,Sí,Transferencia,Fibra óptica,No,No,No,35.52,1149.15,1,0
CU7280,Masculino,0,Sí,Sí,71,Mes a mes,Sí,Domiciliación bancaria,Fibra óptica,No,Sí,Sí,18.0,1249.68,1,0
CU7281,Masculino,0,Sí,No,13,Dos años,No,Cheque electrónico,Sin internet,No,Sí,No,114.97,1381.48,1,0
CU7282,Masculino,0,No,No,7,Mes a mes,Sí,Domiciliación bancaria,Fibra óptica,Sí,No,No,44.92,299.35,3,0
CU7283,Masculino,0,No,No,23,Un año,No,Transferencia,Fibra óptica,Sí,No,No,76.59,1675.59,3,0
CU7284,Femenino,0,No,No,64,Un año,Sí,Domiciliación bancaria,DSL,No,Sí,No,29.78,1935.05,0,0
CU7285,Masculino,1,No,No,63,Mes a mes,Sí,Domiciliación bancaria,Sin internet,No,No,Sí,47.36,2781.69,0,0
CU7286,Femenino,0,No,No,45,Mes a mes,No,Domiciliación bancaria,DSL,Sí,No,Sí,48.94,2080.23,0,0
CU7287,Masculino,0,No,No,10,Mes a mes,Sí,Cheque electrónico,Fibra óptica,Sí,Sí,Sí,72.94,742.89,0,0
CU7288,Femenino,0,Sí,No,60,Mes a mes,No,Transferencia,Fibra óptica,Sí,Sí,No,53.93,3177.21,1,0
CU7289,Masculino,0,No,No,63,Dos años,Sí,Transferencia,DSL,No,Sí,No,39.79,2382.34,0,0
CU7290,Femenino,0,Sí,No,60,Dos años,No,Tarjeta de crédito,DSL,No,No,Sí,18.0,1039.35,2,0
CU7291,Masculino,0,No,No,58,Dos años,Sí,Transferencia,Fibra óptica,No,No,Sí,120.43,6926.33,0,0
CU7292,Femenino,0,No,Sí,8,Mes a mes,Sí,Transferencia,Sin internet,Sí,Sí,Sí,43.31,357.22,0,1
CU7293,Femenino,0,No,No,68,Mes a mes,Sí,Tarjeta de crédito,DSL,No,No,Sí,46.95,3164.0,0,0
CU7294,Masculino,0,Sí,No,29,Un año,Sí,Domiciliación bancaria,DSL,No,Sí,No,41.63,1219.71,0,0
CU7295,Masculino,0,Sí,No,58,Mes a mes,Sí,Transferencia,Fibra óptica,No,Sí,No,97.14,5731.58,0,0
CU7296,Masculino,0,No,No,41,Mes a mes,Sí,Cheque electrónico,Fibra óptica,No,No,No,39.28,1611.33,1,1
CU7297,Femenino,0,Sí,No,26,Mes a mes,No,Transferencia,DSL,No,No,No,44.24,1197.64,1,0
CU7298,Femenino,0,Sí,Sí,59,Mes a mes,Sí,Tarjeta de crédito,Fibra óptica,Sí,No,No,63.68,3507.65,2,0
CU7299,Femenino,0,No,No,22,Mes a mes,Sí,Transferencia,Fibra óptica,No,Sí,Sí,91.97,1881.35,0,0
CU7300,Femenino,0,Sí,No,21,Mes a mes,Sí,Transferencia,Fibra óptica,Sí,No,No,57.48,1136.9,1,0
CU7301,Masculino,0,Sí,No,14,Un año,No,Cheque electrónico,Sin internet,No,No,No,59.29,841.63,1,1
CU7302,Femenino,0,Sí,Sí,70,Un año,No,Domiciliación bancaria,Sin internet,No,Sí,No,54.66,3754.62,1,0
CU7303,Masculino,0,Sí,No,10,Mes a mes,Sí,Tarjeta de crédito,Fibra óptica,No,No,Sí,44.77,441.13,2,1
CU7304,Femenino,0,Sí,No,3,Mes a mes,No,Cheque electrónico,Fibra óptica,No,No,Sí,109.72,319.76,1,0
CU7305,Masculino,0,No,No,3,Mes a mes,Sí,Tarjeta de crédito,DSL,No,No,Sí,35.22,110.24,1,1
CU7306,Femenino,0,Sí,No,41,Mes a mes,Sí,Domiciliación bancaria,DSL,Sí,Sí,Sí,69.14,2820.82,2,0
CU7307,Masculino,0,Sí,Sí,7,Un año,Sí,Cheque electrónico,Fibra óptica,No,Sí,No,42.21,275.1,2,1
CU7308,Masculino,0,No,Sí,47,Mes a mes,Sí,Transferencia,Fibra óptica,Sí,No,Sí,74.7,3367.93,1,0
CU7309,Femenino,1,Sí,No,23,Mes a mes,No,Cheque electrónico,Sin internet,Sí,No,No,56.37,1245.48,0,0
CU7310,Masculino,0,No,No,42,Un año,No,Cheque electrónico,Fibra óptica,No,Sí,No,64.85,2665.24,1,0
CU7311,Femenino,0,No,Sí,70,Mes a mes,Sí,Transferencia,Sin internet,No,Sí,Sí,60.46,4115.4,1,0
CU7312,Masculino,1,No,No,4,Mes a mes,Sí,Domiciliación bancaria,Fibra óptica,Sí,Sí,Sí,27.09,105.58,1,0
CU7313,Masculino,0,No,Sí,38,Mes a mes,Sí,Tarjeta de crédito,Fibra óptica,No,No,Sí,56.22,2156.75,1,0
CU7314,Femenino,0,No,No,33,Mes a mes,Sí,Domiciliación bancaria,DSL,Sí,No,Sí,18.0,607.79,1,0
CU7315,Masculino,0,Sí,No,1,Mes a mes,Sí,Tarjeta de crédito,Sin internet,No,No,Sí,64.16,62.18,0,1
CU7316,Femenino,0,Sí,Sí,14,Dos años,Sí,Domiciliación bancaria,Sin internet,No,Sí,Sí,43.74,636.58,1,0
CU7317,Femenino,0,No,No,43,Un año,No,Domiciliación bancaria,DSL,No,Sí,No,51.63,2207.27,2,0
CU7318,Femenino,0,No,Sí,39,Mes a mes,No,Domiciliación bancaria,DSL,No,Sí,No,58.69,2130.9,0,0
CU7319,Masculino,0,Sí,No,49,Un año,Sí,Cheque electrónico,Fibra óptica,No,Sí,Sí,62.05,2879.29,1,0
CU7320,Femenino,0,No,Sí,26,Dos años,Sí,Cheque electrónico,Fibra óptica,No,Sí,Sí,18.0,485.5,0,0
CU7321,Femenino,0,No,No,3,Mes a mes,Sí,Cheque electrónico,Sin internet,No,Sí,No,47.38,144.18,0,1
CU7322,Femenino,0,No,No,60,Mes a mes,Sí,Transferencia,DSL,Sí,No,Sí,65.26,3935.02,2,0
CU7323,Masculino,0,Sí,No,14,Mes a mes,Sí,Domiciliación bancaria,Fibra óptica,No,No,Sí,102.05,1358.02,0,1
CU7324,Femenino,0,No,No,4,Un año,No,Tarjeta de crédito,DSL,No,No,Sí,130.0,500.95,1,1
CU7325,Femenino,1,Sí,No,15,Mes a mes,No,Domiciliación bancaria,Fibra óptica,No,Sí,No,113.72,1702.78,1,1
CU7326,Femenino,0,No,Sí,31,Mes a mes,Sí,Domiciliación bancaria,Sin internet,No,No,No,37.49,1181.3,1,0
CU7327,Femenino,0,No,No,18,Un año,Sí,Transferencia,Fibra óptica,Sí,No,Sí,73.52,1359.08,0,0
CU7328,Femenino,0,Sí,No,62,Mes a mes,No,Domiciliación bancaria,Fibra óptica,Sí,No,Sí,89.72,5823.74,0,0
CU7329,Femenino,0,No,No,42,Un año,Sí,Transferencia,Fibra óptica,No,Sí,No,77.24,3052.59,1,0
CU7330,Femenino,0,No,Sí,47,Un año,No,Cheque electrónico,Sin internet,Sí,No,No,57.69,2588.16,1,0
CU7331,Femenino,0,No,No,4,Dos años,No,Transferencia,Fibra óptica,No,Sí,No,67.18,275.18,0,1
CU7332,Femenino,0,Sí,No,12,Un año,No,Transferencia,Sin internet,No,Sí,Sí,70.54,864.43,1,1
CU7333,Femenino,1,Sí,No,41,Dos años,Sí,Transferencia,Fibra óptica,Sí,No,Sí,42.67,1765.16,3,0
CU7334,Masculino,0,Sí,Sí,58,Un año,No,Domiciliación bancaria,Fibra óptica,Sí,No,Sí,67.48,3623.93,0,0
CU7335,Femenino,0,Sí,Sí,65,Un año,Sí,Transferencia,Sin internet,Sí,Sí,Sí,25.57,1565.43,2,0
CU7336,Femenino,0,No,Sí,24,Dos años,Sí,Tarjeta de crédito,Fibra óptica,No,No,No,127.04,2903.8,1,0
CU7337,Masculino,1,Sí,No,65,Mes a mes,Sí,Cheque electrónico,DSL,Sí,No,Sí,50.68,3456.49,1,0
CU7338,Masculino,0,Sí,No,38,Mes a mes,No,Transferencia,DSL,Sí,Sí,Sí,76.88,2821.51,0,0
CU7339,Masculino,0,No,No,51,Dos años,Sí,Transferencia,DSL,No,Sí,No,68.17,3500.72,2,0
CU7340,Masculino,1,No,No,42,Mes a mes,No,Tarjeta de crédito,DSL,Sí,No,No,65.4,2629.13,1,0
CU7341,Femenino,0,No,No,71,Mes a mes,No,Cheque electrónico,DSL,Sí,No,No,79.1,5727.73,1,0
CU7342,Femenino,0,Sí,No,8,Un año,Sí,Tarjeta de crédito,DSL,Sí,Sí,Sí,93.53,772.68,2,1
CU7343,Femenino,1,No,Sí,40,Mes a mes,Sí,Transferencia,Fibra óptica,No,No,Sí,65.03,2605.34,0,0
CU7344,Femenino,0,No,Sí,48,Mes a mes,No,Cheque electrónico,DSL,No,Sí,Sí,85.08,4236.12,0,0
CU7345,Masculino,0,No,No,38,Dos años,Sí,Tarjeta de crédito,Fibra óptica,No,Sí,Sí,75.8,2874.99,0,0
CU7346,Masculino,0,Sí,Sí,49,Mes a mes,No,Tarjeta de crédito,Fibra óptica,Sí,Sí,Sí,26.48,1274.88,0,0
CU7347,Masculino,0,Sí,No,0,Mes a mes,Sí,Tarjeta de crédito,Fibra óptica,No,No,Sí,63.44,65.35,2,1
CU7348,Femenino,1,Sí,No,46,Mes a mes,No,Tarjeta de crédito,Sin internet,No,No,Sí,56.56,2400.36,2,0
CU7349,Femenino,0,Sí,Sí,43,Mes a mes,Sí,Cheque electrónico,DSL,No,No,No,79.94,3580.04,2,0
CU7350,Masculino,1,No,No,49,Un año,No,Domiciliación bancaria,Fibra óptica,No,Sí,Sí,82.37,4105.66,3,0
CU7351,Femenino,0,No,No,43,Dos años,No,Transferencia,Sin internet,Sí,No,No,66.32,2952.51,1,0
CU7352,Femenino,0,No,Sí,17,Mes a mes,Sí,Transferencia,Fibra óptica,Sí,Sí,No,73.8,1199.25,0,1
CU7353,Masculino,1,Sí,No,62,Mes a mes,Sí,Tarjeta de crédito,Fibra óptica,No,No,No,67.42,4195.63,0,0
CU7354,Femenino,1,No,No,16,Un año,Sí,Transferencia,Fibra óptica,No,Sí,No,47.05,751.52,0,0
CU7355,Femenino,0,Sí,No,55,Mes a mes,No,Tarjeta de crédito,DSL,No,Sí,No,97.95,5624.24,0,0
CU7356,Femenino,1,Sí,No,18,Un año,No,Domiciliación bancaria,Fibra óptica,Sí,No,Sí,79.85,1323.67,1,1
CU7357,Femenino,0,Sí,No,51,Dos años,Sí,Transferencia,DSL,Sí,No,Sí,116.95,6039.74,3,0
CU7358,Femenino,0,Sí,No,19,Mes a mes,Sí,Cheque electrónico,Sin internet,No,No,No,58.47,1049.94,0,0
CU7359,Masculino,0,Sí,No,61,Mes a mes,No,Domiciliación bancaria,Fibra óptica,Sí,No,No,47.52,2960.13,0,0
CU7360,Masculino,0,Sí,No,26,Mes a mes,No,Tarjeta de crédito,Sin internet,Sí,Sí,No,18.0,457.53,0,0
CU7361,Femenino,0,No,Sí,30,Mes a mes,No,Domiciliación bancaria,Fibra óptica,No,No,Sí,128.55,3672.21,0,1
CU7362,Femenino,0,No,No,18,Un año,Sí,Transferencia,DSL,Sí,Sí,Sí,78.85,1385.32,2,0
CU7363,Masculino,0,No,Sí,23,Mes a mes,Sí,Tarjeta de crédito,Sin internet,Sí,No,No,86.18,1901.44,2,0
CU7364,Masculino,0,Sí,No,70,Mes a mes,Sí,Tarjeta de crédito,DSL,Sí,No,No,112.25,8008.04,0,0
CU7365,Femenino,0,Sí,Sí,67,Mes a mes,Sí,Tarjeta de crédito,DSL,No,No,No,68.51,4588.12,2,0
CU7366,Masculino,0,No,No,6,Un año,Sí,Domiciliación bancaria,DSL,Sí,No,No,44.68,253.14,1,0
CU7367,Masculino,0,Sí,No,45,Mes a mes,No,Cheque electrónico,Fibra óptica,No,Sí,No,89.89,3731.63,1,1
CU7368,Femenino,1,Sí,No,61,Mes a mes,Sí,Tarjeta de crédito,Sin internet,No,Sí,No,58.15,3627.89,0,0
CU7369,Femenino,0,No,No,42,Dos años,No,Tarjeta de crédito,Fibra óptica,No,No,No,18.0,763.08,0,0
CU7370,Masculino,0,Sí,Sí,26,Mes a mes,No,Tarjeta de crédito,DSL,No,Sí,No,107.05,2876.57,2,0
CU7371,Femenino,0,No,No,58,Mes a mes,Sí,Domiciliación bancaria,Fibra óptica,No,No,No,33.87,1893.13,2,0
CU7372,Masculino,0,No,No,44,Mes a mes,Sí,Cheque electrónico,DSL,No,No,No,43.89,1960.07,0,0
CU7373,Masculino,0,No,Sí,14,Mes a mes,No,Transferencia,DSL,Sí,Sí,Sí,86.39,1220.29,2,1
CU7374,Masculino,0,Sí,No,23,Dos años,No,Tarjeta de crédito,DSL,Sí,No,Sí,18.0,406.8,0,0
CU7375,Femenino,0,No,No,5,Mes a mes,No,Tarjeta de crédito,DSL,Sí,No,No,67.15,328.05,1,1
CU7376,Femenino,0,No,No,65,Mes a mes,Sí,Transferencia,Fibra óptica,No,No,Sí,71.57,4353.29,4,0
CU7377,Femenino,0,Sí,No,13,Mes a mes,Sí,Transferencia,Fibra óptica,No,No,No,94.44,1130.88,1,1
CU7378,Femenino,1,No,No,4,Mes a mes,No,Domiciliación bancaria,DSL,No,Sí,No,81.44,336.14,2,0
CU7379,Masculino,0,Sí,Sí,67,Mes a mes,Sí,Tarjeta de crédito,Fibra óptica,Sí,No,No,84.85,5577.67,0,0
CU7380,Femenino,0,Sí,No,19,Mes a mes,Sí,Cheque electrónico,Fibra óptica,No,Sí,No,89.66,1627.49,2,0
CU7381,Masculino,0,Sí,No,46,Mes a mes,No,Domiciliación bancaria,Fibra óptica,No,Sí,No,105.58,4920.58,0,0
CU7382,Masculino,0,Sí,Sí,70,Mes a mes,Sí,Tarjeta de crédito,DSL,No,No,Sí,51.6,3768.87,1,0
CU7383,Masculino,0,No,No,8,Mes a mes,Sí,Transferencia,Fibra óptica,No,No,Sí,36.64,283.38,0,1
CU7384,Femenino,0,Sí,No,26,Mes a mes,Sí,Tarjeta de crédito,Fibra óptica,No,No,No,38.11,992.98,2,0
CU7385,Femenino,0,Sí,Sí,15,Un año,Sí,Domiciliación bancaria,DSL,No,No,Sí,81.96,1163.08,1,1
CU7386,Masculino,0,Sí,No,18,Mes a mes,No,Transferencia,Fibra óptica,No,No,No,56.4,935.95,0,0
CU7387,Masculino,0,No,No,65,Mes a mes,Sí,Transferencia,DSL,No,No,Sí,47.58,3042.47,2,0
CU7388,Femenino,1,No,No,21,Dos años,Sí,Tarjeta de crédito,Fibra óptica,No,No,No,94.51,1874.59,2,0
CU7389,Masculino,0,Sí,Sí,16,Dos años,Sí,Domiciliación bancaria,Fibra óptica,No,Sí,Sí,80.49,1281.59,0,0
CU7390,Femenino,0,No,No,8,Dos años,No,Domiciliación bancaria,Fibra óptica,No,No,No,108.48,843.33,0,1
CU7391,Masculino,0,Sí,Sí,55,Mes a mes,Sí,Domiciliación bancaria,Sin internet,Sí,No,Sí,72.24,3724.91,0,0
CU7392,Femenino,0,Sí,No,24,Mes a mes,No,Cheque electrónico,Fibra óptica,Sí,No,No,79.95,1946.15,4,1
CU7393,Femenino,1,No,Sí,4,Un año,No,Transferencia,Fibra óptica,No,No,Sí,53.26,220.28,0,0
CU7394,Femenino,0,Sí,Sí,23,Dos años,Sí,Tarjeta de crédito,DSL,No,Sí,Sí,18.0,402.23,1,0
CU7395,Masculino,0,Sí,Sí,63,Dos años,Sí,Tarjeta de crédito,DSL,No,No,Sí,49.64,3207.3,0,0
CU7396,Masculino,0,Sí,Sí,20,Mes a mes,Sí,Tarjeta de crédito,Fibra óptica,No,Sí,Sí,44.12,903.98,0,0
CU7397,Femenino,0,Sí,No,59,Un año,Sí,Tarjeta de crédito,Sin internet,No,No,No,26.87,1613.67,0,0
CU7398,Masculino,0,No,No,5,Mes a mes,No,Cheque electrónico,DSL,No,Sí,Sí,69.61,343.99,2,0
CU7399,Femenino,0,No,No,24,Mes a mes,No,Transferencia,Fibra óptica,No,Sí,Sí,90.54,2165.31,3,0
CU7400,Masculino,0,Sí,No,43,Dos años,No,Transferencia,DSL,No,Sí,Sí,51.74,2312.4,1,0
CU7401,Femenino,0,Sí,Sí,0,Dos años,No,Cheque electrónico,Fibra óptica,No,No,Sí,75.84,71.91,0,1
CU7402,Masculino,0,Sí,No,50,Un año,Sí,Transferencia,DSL,No,Sí,Sí,48.76,2440.49,2,0
CU7403,Femenino,0,Sí,No,72,Mes a mes,No,Tarjeta de crédito,Fibra óptica,No,No,Sí,60.54,4561.57,0,0
CU7404,Femenino,0,No,No,51,Mes a mes,Sí,Transferencia,DSL,No,Sí,No,48.01,2343.3,1,0
CU7405,Masculino,1,No,Sí,59,Mes a mes,No,Transferencia,Sin internet,No,Sí,No,73.31,4178.25,0,0
CU7406,Femenino,0,Sí,No,11,Mes a mes,Sí,Tarjeta de crédito,DSL,Sí,Sí,Sí,81.24,921.37,2,0
CU7407,Femenino,0,Sí,No,36,Mes a mes,Sí,Tarjeta de crédito,DSL,No,Sí,Sí,112.88,3909.91,2,0
CU7408,Femenino,0,Sí,No,47,Mes a mes,Sí,Cheque electrónico,Fibra óptica,No,Sí,Sí,48.9,2394.72,0,0
CU7409,Masculino,0,No,No,32,Mes a mes,No,Domiciliación bancaria,Fibra óptica,No,No,No,58.95,1956.29,1,0
CU7410,Femenino,1,Sí,Sí,64,Dos años,Sí,Transferencia,DSL,No,No,No,96.49,5684.51,0,0
CU7411,Femenino,0,Sí,Sí,56,Mes a mes,No,Transferencia,Sin internet,No,Sí,Sí,55.44,3038.38,3,0
CU7412,Femenino,1,Sí,No,71,Mes a mes,No,Cheque electrónico,Fibra óptica,Sí,Sí,Sí,79.05,5381.69,1,0
CU7413,Femenino,0,Sí,No,53,Mes a mes,Sí,Cheque electrónico,Sin internet,Sí,No,No,50.85,2564.58,2,0
CU7414,Masculino,0,No,Sí,65,Un año,Sí,Cheque electrónico,DSL,No,No,No,76.02,4720.05,0,0
CU7415,Femenino,0,Sí,Sí,57,Mes a mes,No,Transferencia,Fibra óptica,No,No,Sí,81.7,4541.71,0,0
CU7416,Masculino,0,Sí,No,10,Un año,Sí,Domiciliación bancaria,DSL,No,No,No,101.49,968.64,0,0
CU7417,Masculino,1,Sí,No,63,Un año,Sí,Domiciliación bancaria,Sin internet,Sí,Sí,Sí,43.6,2635.44,0,0
CU7418,Masculino,0,Sí,No,69,Mes a mes,Sí,Transferencia,Fibra óptica,Sí,No,No,78.68,5562.95,0,0
CU7419,Masculino,0,Sí,No,47,Un año,No,Domiciliación bancaria,Sin internet,No,No,No,61.02,2909.1,1,0
CU7420,Masculino,1,No,No,23,Mes a mes,Sí,Tarjeta de crédito,Fibra óptica,No,No,Sí,19.06,404.73,1,0
CU7421,Masculino,0,No,No,30,Un año,Sí,Transferencia,Sin internet,Sí,No,Sí,47.5,1389.92,4,0
CU7422,Femenino,0,Sí,Sí,2,Dos años,Sí,Domiciliación bancaria,DSL,Sí,No,No,44.04,85.41,1,0
CU7423,Femenino,0,Sí,No,0,Mes a mes,Sí,Domiciliación bancaria,DSL,Sí,No,No,76.99,74.86,0,0
CU7424,Masculino,0,Sí,Sí,26,Mes a mes,Sí,Transferencia,DSL,No,Sí,Sí,40.48,995.27,1,0
CU7425,Femenino,0,Sí,No,23,Dos años,Sí,Tarjeta de crédito,Sin internet,No,No,No,67.55,1609.56,0,0
CU7426,Femenino,0,No,No,22,Dos años,Sí,Transferencia,DSL,Sí,Sí,Sí,65.36,1498.09,3,1
CU7427,Femenino,0,No,No,16,Mes a mes,No,Tarjeta de crédito,Sin internet,No,No,Sí,83.15,1364.49,0,1
CU7428,Masculino,0,Sí,Sí,49,Mes a mes,Sí,Cheque electrónico,Fibra óptica,No,Sí,Sí,51.63,2511.41,1,0
CU7429,Femenino,0,No,No,27,Un año,No,Cheque electrónico,Fibra óptica,No,No,No,23.55,643.74,2,0
CU7430,Femenino,0,Sí,Sí,71,Mes a mes,Sí,Cheque electrónico,Fibra óptica,No,No,No,90.94,6089.33,0,0
CU7431,Femenino,0,Sí,No,65,Mes a mes,No,Transferencia,Fibra óptica,No,No,Sí,49.28,3040.47,0,0
CU7432,Masculino,0,No,No,53,Un año,No,Domiciliación bancaria,Sin internet,No,Sí,No,95.77,4932.39,1,0
CU7433,Masculino,0,Sí,Sí,60,Mes a mes,Sí,Transferencia,DSL,No,No,Sí,64.46,3806.98,0,0
CU7434,Femenino,0,No,No,49,Un año,Sí,Transferencia,Sin internet,Sí,No,No,66.94,3323.5,1,0
CU7435,Femenino,0,Sí,No,15,Un año,Sí,Transferencia,Fibra óptica,Sí,Sí,No,82.04,1155.81,2,1
CU7436,Femenino,0,Sí,No,12,Mes a mes,Sí,Cheque electrónico,DSL,No,Sí,No,83.03,1009.06,3,0
CU7437,Masculino,0,No,No,36,Mes a mes,Sí,Domiciliación bancaria,Sin internet,No,Sí,No,62.89,2362.0,2,0
CU7438,Masculino,1,No,No,52,Mes a mes,Sí,Tarjeta de crédito,Fibra óptica,Sí,No,No,52.83,2748.75,3,0
CU7439,Femenino,0,Sí,Sí,39,Mes a mes,No,Tarjeta de crédito,DSL,Sí,Sí,Sí,63.75,2319.98,1,0
CU7440,Femenino,0,No,No,19,Mes a mes,Sí,Tarjeta de crédito,Fibra óptica,No,No,Sí,18.0,354.41,2,0
CU7441,Masculino,0,No,No,5,Un año,Sí,Domiciliación bancaria,DSL,No,Sí,No,92.48,443.37,0,0
CU7442,Masculino,0,No,No,20,Mes a mes,No,Transferencia,Fibra óptica,No,Sí,Sí,40.93,848.91,0,0
CU7443,Masculino,0,No,Sí,65,Mes a mes,Sí,Domiciliación bancaria,DSL,Sí,Sí,No,50.64,3172.22,1,0
CU7444,Femenino,0,No,Sí,31,Un año,Sí,Transferencia,Fibra óptica,Sí,Sí,Sí,53.86,1718.45,2,1
CU7445,Masculino,0,Sí,Sí,66,Mes a mes,Sí,Tarjeta de crédito,DSL,Sí,Sí,Sí,75.48,5109.87,1,0
CU7446,Masculino,0,Sí,Sí,65,Mes a mes,Sí,Tarjeta de crédito,DSL,Sí,No,No,61.35,3810.45,0,0
CU7447,Masculino,0,Sí,No,10,Dos años,Sí,Cheque electrónico,Fibra óptica,Sí,No,No,83.65,823.97,2,0
CU7448,Femenino,0,Sí,Sí,15,Un año,No,Domiciliación bancaria,Fibra óptica,No,Sí,No,79.44,1097.65,2,0
CU7449,Femenino,1,Sí,No,39,Mes a mes,No,Domiciliación bancaria,DSL,No,No,Sí,42.17,1649.77,0,0
CU7450,Masculino,0,No,No,65,Mes a mes,Sí,Tarjeta de crédito,Fibra óptica,Sí,No,No,42.31,2608.19,0,0
CU7451,Masculino,0,Sí,Sí,18,Mes a mes,No,Tarjeta de crédito,Fibra óptica,No,No,Sí,57.41,1032.02,1,0
CU7452,Femenino,0,Sí,Sí,36,Un año,Sí,Tarjeta de crédito,Fibra óptica,Sí,Sí,No,85.03,3105.52,0,0
CU7453,Masculino,0,No,No,29,Un año,No,Transferencia,Fibra óptica,No,Sí,Sí,80.01,2187.19,2,0
CU7454,Masculino,0,Sí,No,5,Un año,Sí,Domiciliación bancaria,DSL,Sí,No,No,82.77,382.88,0,0
CU7455,Femenino,0,No,No,39,Dos años,Sí,Cheque electrónico,Sin internet,Sí,No,Sí,57.77,2174.64,2,0
CU7456,Femenino,0,Sí,No,49,Mes a mes,No,Domiciliación bancaria,Sin internet,Sí,No,Sí,93.09,4504.35,1,0
CU7457,Masculino,0,No,Sí,46,Un año,Sí,Tarjeta de crédito,Fibra óptica,Sí,No,No,74.74,3556.35,1,0
CU7458,Masculino,0,No,No,49,Dos años,Sí,Tarjeta de crédito,DSL,Sí,No,No,48.45,2443.45,1,0
CU7459,Femenino,0,Sí,Sí,58,Un año,No,Transferencia,Sin internet,Sí,No,Sí,57.63,3486.14,1,0
CU7460,Femenino,0,Sí,No,70,Mes a mes,Sí,Domiciliación bancaria,Fibra óptica,Sí,No,Sí,87.75,6422.91,1,0
CU7461,Masculino,0,No,Sí,69,Un año,Sí,Tarjeta de crédito,Sin internet,Sí,No,Sí,107.1,6899.44,0,0
CU7462,Masculino,0,No,Sí,23,Dos años,No,Transferencia,Fibra óptica,No,No,Sí,18.0,390.61,0,0
CU7463,Femenino,0,Sí,No,9,Mes a mes,Sí,Transferencia,Sin internet,No,Sí,No,72.45,605.46,0,1
CU7464,Femenino,0,Sí,No,7,Un año,Sí,Domiciliación bancaria,DSL,Sí,Sí,No,20.07,145.84,1,0
CU7465,Masculino,0,No,No,57,Mes a mes,No,Tarjeta de crédito,DSL,No,No,No,44.03,2606.45,0,0
CU7466,Masculino,1,Sí,Sí,32,Mes a mes,Sí,Tarjeta de crédito,DSL,No,No,No,78.11,2305.0,2,1
CU7467,Masculino,0,No,No,36,Un año,Sí,Domiciliación bancaria,Sin internet,No,Sí,No,68.24,2518.17,0,0
CU7468,Femenino,0,Sí,Sí,20,Mes a mes,Sí,Tarjeta de crédito,Fibra óptica,Sí,No,No,42.24,809.74,1,1
CU7469,Masculino,0,No,No,18,Dos años,Sí,Domiciliación bancaria,Fibra óptica,No,Sí,Sí,52.71,885.38,2,0
CU7470,Masculino,0,Sí,No,39,Mes a mes,Sí,Transferencia,DSL,Sí,No,No,91.04,3682.63,1,0
CU7471,Masculino,0,No,No,18,Dos años,No,Transferencia,Sin internet,No,No,Sí,67.22,1151.54,1,0
CU7472,Masculino,0,No,No,41,Mes a mes,No,Transferencia,Sin internet,No,No,No,64.95,2618.77,3,1
CU7473,Masculino,0,Sí,No,55,Mes a mes,Sí,Transferencia,Fibra óptica,No,No,No,93.54,4923.57,0,0
CU7474,Masculino,0,No,Sí,25,Mes a mes,No,Domiciliación bancaria,Fibra óptica,Sí,Sí,No,86.74,2184.19,1,0
CU7475,Femenino,0,Sí,No,41,Mes a mes,Sí,Transferencia,Sin internet,Sí,No,Sí,54.24,2332.24,2,0
CU7476,Masculino,0,No,No,69,Un año,No,Domiciliación bancaria,DSL,No,No,No,82.14,5295.34,0,0
CU7477,Masculino,0,No,Sí,56,Un año,Sí,Tarjeta de crédito,DSL,No,No,Sí,57.88,2992.7,1,0
CU7478,Femenino,0,No,Sí,12,Dos años,No,Tarjeta de crédito,DSL,No,Sí,No,67.68,750.33,1,0
CU7479,Masculino,0,Sí,No,23,Dos años,No,Tarjeta de crédito,Fibra óptica,No,Sí,Sí,18.0,391.97,3,0
CU7480,Masculino,0,No,No,15,Mes a mes,No,Transferencia,Fibra óptica,No,No,No,49.08,732.04,0,0
CU7481,Femenino,0,No,No,38,Un año,Sí,Transferencia,DSL,No,No,No,69.33,2544.57,0,0
CU7482,Femenino,0,No,No,28,Dos años,Sí,Domiciliación bancaria,DSL,No,Sí,No,33.6,869.72,0,0
CU7483,Femenino,0,Sí,Sí,20,Mes a mes,No,Cheque electrónico,DSL,No,No,Sí,55.78,1134.42,1,0
CU7484,Masculino,1,Sí,Sí,39,Mes a mes,Sí,Cheque electrónico,DSL,No,Sí,No,19.95,744.8,0,0
CU7485,Masculino,0,Sí,Sí,40,Mes a mes,No,Domiciliación bancaria,DSL,Sí,No,No,84.67,3554.2,1,0
CU7486,Masculino,0,No,No,39,Dos años,Sí,Tarjeta de crédito,DSL,No,No,No,104.02,4048.81,1,0
CU7487,Masculino,0,No,No,30,Dos años,Sí,Cheque electrónico,Fibra óptica,Sí,Sí,No,36.79,1138.27,2,0
CU7488,Femenino,0,No,Sí,51,Un año,Sí,Transferencia,DSL,Sí,Sí,No,20.71,1106.32,0,0
CU7489,Femenino,0,Sí,Sí,17,Mes a mes,No,Cheque electrónico,DSL,No,No,Sí,80.14,1401.31,0,1
CU7490,Masculino,0,Sí,Sí,6,Mes a mes,Sí,Cheque electrónico,Fibra óptica,No,No,Sí,71.91,423.59,1,1
CU7491,Femenino,0,Sí,No,4,Dos años,Sí,Cheque electrónico,DSL,Sí,Sí,No,77.54,306.25,2,0
CU7492,Femenino,0,No,Sí,68,Mes a mes,No,Transferencia,Fibra óptica,No,Sí,No,84.62,5995.14,1,0
CU7493,Masculino,0,No,No,19,Mes a mes,No,Transferencia,DSL,No,Sí,No,68.88,1329.85,0,1
CU7494,Masculino,0,No,No,4,Mes a mes,Sí,Cheque electrónico,Sin internet,Sí,No,No,103.25,402.2,1,1
CU7495,Masculino,1,No,No,9,Dos años,Sí,Cheque electrónico,Fibra óptica,No,Sí,No,106.41,897.89,0,0
CU7496,Masculino,0,No,No,46,Un año,Sí,Cheque electrónico,Fibra óptica,No,No,No,118.57,5723.01,1,1
CU7497,Femenino,0,Sí,Sí,22,Un año,No,Transferencia,Sin internet,No,No,Sí,122.73,2765.79,3,0
CU7498,Masculino,0,No,Sí,38,Mes a mes,Sí,Tarjeta de crédito,Fibra óptica,No,Sí,No,44.98,1775.05,2,0
CU7499,Masculino,0,Sí,No,55,Mes a mes,Sí,Transferencia,Fibra óptica,No,No,No,94.95,5343.83,1,0
CU7500,Femenino,0,No,No,18,Un año,Sí,Tarjeta de crédito,Sin internet,No,Sí,No,70.31,1175.44,2,0
CU7501,Masculino,0,Sí,Sí,14,Mes a mes,No,Transferencia,Fibra óptica,Sí,No,No,18.0,261.12,2,0
CU7502,Femenino,0,Sí,Sí,27,Un año,Sí,Domiciliación bancaria,Fibra óptica,Sí,No,No,79.51,2035.79,2,0
CU7503,Masculino,0,Sí,Sí,31,Mes a mes,No,Tarjeta de crédito,Fibra óptica,No,No,Sí,44.98,1304.33,1,1
CU7504,Femenino,1,Sí,No,35,Mes a mes,Sí,Domiciliación bancaria,Sin internet,Sí,No,No,64.97,2109.74,0,1
CU7505,Femenino,0,Sí,Sí,63,Un año,Sí,Cheque electrónico,Fibra óptica,No,Sí,Sí,33.05,2029.5,0,0
CU7506,Femenino,0,No,No,3,Mes a mes,Sí,Transferencia,Fibra óptica,No,No,No,101.54,307.46,1,1
CU7507,Femenino,0,No,No,60,Mes a mes,No,Tarjeta de crédito,Fibra óptica,No,Sí,Sí,39.91,2350.87,1,0
CU7508,Femenino,1,Sí,No,26,Un año,Sí,Tarjeta de crédito,Sin internet,Sí,No,Sí,44.35,1125.75,3,0
CU7509,Masculino,1,Sí,No,63,Mes a mes,No,Transferencia,Fibra óptica,No,No,Sí,96.93,6325.98,0,0
CU7510,Femenino,0,No,Sí,30,Mes a mes,Sí,Domiciliación bancaria,Sin internet,No,Sí,No,72.7,2066.72,0,0
CU7511,Masculino,0,Sí,No,9,Mes a mes,Sí,Tarjeta de crédito,Fibra óptica,Sí,No,Sí,115.24,986.84,1,1
CU7512,Femenino,0,Sí,Sí,35,Dos años,Sí,Domiciliación bancaria,DSL,No,No,No,89.87,2954.92,0,0
CU7513,Femenino,0,No,No,57,Un año,Sí,Tarjeta de crédito,DSL,No,Sí,Sí,95.8,5705.01,0,0
CU7514,Femenino,1,No,No,35,Un año,No,Transferencia,DSL,No,Sí,No,35.79,1306.97,4,0
CU7515,Femenino,1,No,No,3,Dos años,No,Cheque electrónico,Fibra óptica,No,No,No,74.76,208.63,1,1
CU7516,Masculino,0,Sí,Sí,71,Mes a mes,Sí,Transferencia,Sin internet,Sí,Sí,No,116.18,8165.74,0,0
CU7517,Masculino,0,Sí,Sí,54,Mes a mes,No,Transferencia,Fibra óptica,No,No,Sí,34.53,1751.18,3,0
CU7518,Masculino,0,Sí,No,64,Dos años,No,Cheque electrónico,Sin internet,No,Sí,Sí,65.29,4205.26,3,0
CU7519,Masculino,0,No,No,67,Dos años,Sí,Transferencia,Sin internet,No,No,Sí,62.21,3929.55,0,0
CU7520,Masculino,0,Sí,Sí,51,Dos años,No,Transferencia,DSL,No,No,Sí,72.68,3599.09,1,0
CU7521,Masculino,0,No,No,35,Mes a mes,Sí,Cheque electrónico,Fibra óptica,No,No,Sí,86.33,3135.35,1,1
CU7522,Masculino,0,No,No,71,Mes a mes,Sí,Domiciliación bancaria,Fibra óptica,No,No,No,68.8,4832.81,1,0
CU7523,Femenino,0,Sí,No,0,Mes a mes,Sí,Domiciliación bancaria,Sin internet,No,Sí,No,121.77,117.86,0,1
CU7524,Masculino,0,Sí,No,23,Mes a mes,Sí,Transferencia,Fibra óptica,No,No,Sí,18.0,397.14,0,0
CU7525,Femenino,0,No,No,27,Mes a mes,No,Cheque electrónico,DSL,Sí,No,No,18.0,475.1,1,0
CU7526,Femenino,0,No,No,22,Mes a mes,Sí,Tarjeta de crédito,DSL,No,No,No,58.02,1243.3,1,1
CU7527,Femenino,1,Sí,No,11,Mes a mes,No,Domiciliación bancaria,Fibra óptica,No,Sí,No,100.74,1123.01,1,1
CU7528,Femenino,0,No,No,33,Mes a mes,Sí,Cheque electrónico,Fibra óptica,No,No,No,60.63,2042.88,3,0
CU7529,Masculino,0,No,No,16,Mes a mes,No,Transferencia,DSL,No,No,No,53.21,789.49,0,1
CU7530,Femenino,0,Sí,No,49,Mes a mes,No,Domiciliación bancaria,DSL,No,No,No,18.0,854.51,1,1
CU7531,Masculino,0,Sí,No,59,Mes a mes,Sí,Domiciliación bancaria,Fibra óptica,No,No,No,56.44,3186.62,0,0
CU7532,Masculino,0,Sí,Sí,51,Mes a mes,No,Domiciliación bancaria,Fibra óptica,No,No,No,50.17,2375.09,2,0
CU7533,Femenino,0,Sí,No,44,Un año,Sí,Cheque electrónico,Fibra óptica,Sí,Sí,Sí,60.25,2684.16,0,0
CU7534,Femenino,0,Sí,No,47,Dos años,Sí,Domiciliación bancaria,DSL,No,No,No,61.04,2942.86,2,0
CU7535,Masculino,0,No,No,25,Un año,Sí,Tarjeta de crédito,Fibra óptica,Sí,No,No,84.35,2053.5,3,0
CU7536,Femenino,0,No,No,14,Mes a mes,No,Cheque electrónico,DSL,No,Sí,Sí,52.8,729.9,2,1
CU7537,Femenino,0,Sí,No,22,Mes a mes,Sí,Cheque electrónico,Fibra óptica,No,No,No,41.14,890.4,5,0
CU7538,Masculino,1,No,Sí,15,Dos años,Sí,Domiciliación bancaria,Fibra óptica,Sí,No,No,65.51,1014.02,3,0
CU7539,Masculino,0,Sí,No,40,Mes a mes,No,Transferencia,DSL,Sí,Sí,No,64.47,2408.55,0,0
CU7540,Masculino,0,Sí,No,22,Un año,Sí,Cheque electrónico,Fibra óptica,No,Sí,Sí,30.67,658.21,0,0
CU7541,Femenino,0,No,No,35,Un año,No,Cheque electrónico,DSL,No,No,Sí,75.48,2548.83,1,0
CU7542,Masculino,1,No,Sí,31,Mes a mes,No,Transferencia,Fibra óptica,No,No,No,29.6,888.77,1,0
CU7543,Masculino,0,No,Sí,46,Mes a mes,No,Domiciliación bancaria,Sin internet,Sí,No,Sí,83.27,3786.73,1,0
CU7544,Femenino,0,No,Sí,26,Un año,Sí,Transferencia,Fibra óptica,Sí,No,Sí,50.26,1358.96,3,0
CU7545,Femenino,0,No,No,47,Mes a mes,Sí,Domiciliación bancaria,Fibra óptica,Sí,No,No,33.15,1497.85,2,0
CU7546,Masculino,0,Sí,Sí,48,Mes a mes,No,Transferencia,DSL,No,Sí,No,130.0,5948.9,0,0
CU7547,Masculino,0,No,No,37,Mes a mes,No,Domiciliación bancaria,Sin internet,Sí,Sí,No,67.96,2425.35,4,0
CU7548,Femenino,1,No,No,48,Mes a mes,Sí,Transferencia,Fibra óptica,No,No,Sí,94.6,4264.63,1,1
CU7549,Masculino,0,No,No,19,Mes a mes,No,Tarjeta de crédito,Fibra óptica,Sí,No,No,62.95,1129.51,2,0
CU7550,Femenino,0,No,No,23,Un año,Sí,Cheque electrónico,DSL,No,Sí,Sí,101.75,2448.09,1,0
CU7551,Masculino,0,No,No,51,Mes a mes,Sí,Tarjeta de crédito,Fibra óptica,Sí,No,No,85.63,4410.65,2,0
CU7552,Femenino,0,Sí,Sí,54,Mes a mes,No,Cheque electrónico,Fibra óptica,No,Sí,No,57.28,3135.08,1,0
CU7553,Femenino,0,Sí,Sí,37,Mes a mes,Sí,Tarjeta de crédito,Fibra óptica,Sí,Sí,No,92.21,3162.52,1,1
CU7554,Masculino,0,Sí,No,26,Mes a mes,Sí,Transferencia,Sin internet,Sí,No,No,98.28,2362.34,3,1
CU7555,Masculino,0,No,No,3,Mes a mes,Sí,Cheque electrónico,Fibra óptica,Sí,No,No,53.34,152.59,1,1
CU7556,Femenino,1,Sí,No,2,Mes a mes,No,Tarjeta de crédito,DSL,Sí,No,No,64.58,119.72,2,1
CU7557,Femenino,1,Sí,No,55,Mes a mes,Sí,Tarjeta de crédito,Sin internet,No,No,No,123.52,6457.63,0,0
CU7558,Femenino,0,No,No,47,Mes a mes,Sí,Cheque electrónico,Fibra óptica,No,No,Sí,70.51,3384.53,0,0
CU7559,Masculino,0,No,No,30,Mes a mes,Sí,Transferencia,DSL,No,Sí,Sí,96.16,2949.84,1,1
CU7560,Femenino,0,No,No,57,Un año,Sí,Transferencia,DSL,No,No,No,88.17,4656.54,2,0
CU7561,Masculino,0,Sí,No,41,Mes a mes,No,Cheque electrónico,DSL,No,No,No,95.59,3917.89,1,0
CU7562,Masculino,0,No,Sí,49,Mes a mes,No,Transferencia,Fibra óptica,No,No,Sí,92.95,4272.27,0,0
CU7563,Masculino,0,Sí,No,32,Mes a mes,No,Transferencia,Sin internet,No,No,No,18.0,579.19,1,0
CU7564,Masculino,0,Sí,No,13,Mes a mes,Sí,Cheque electrónico,Sin internet,Sí,Sí,No,50.2,636.26,2,1
CU7565,Femenino,0,Sí,No,55,Mes a mes,Sí,Cheque electrónico,Fibra óptica,Sí,Sí,No,56.56,3015.84,1,0
CU7566,Femenino,0,Sí,No,31,Mes a mes,Sí,Cheque electrónico,Fibra óptica,Sí,No,Sí,73.2,2337.15,1,1
CU7567,Femenino,0,No,No,55,Mes a mes,No,Domiciliación bancaria,DSL,Sí,Sí,No,40.37,2146.18,1,0
CU7568,Masculino,0,No,Sí,58,Dos años,Sí,Transferencia,Sin internet,No,Sí,No,61.98,3494.03,2,0
CU7569,Femenino,0,No,No,30,Mes a mes,No,Cheque electrónico,Sin internet,No,No,Sí,29.82,841.91,1,0
CU7570,Femenino,0,Sí,No,5,Dos años,No,Cheque electrónico,Fibra óptica,Sí,No,Sí,18.0,90.7,1,1
CU7571,Femenino,0,Sí,No,71,Mes a mes,Sí,Tarjeta de crédito,DSL,No,Sí,No,130.0,9422.28,1,1
CU7572,Femenino,0,No,No,68,Un año,Sí,Transferencia,Fibra óptica,No,No,Sí,52.98,3404.63,2,0
CU7573,Femenino,1,No,No,66,Mes a mes,Sí,Tarjeta de crédito,Fibra óptica,Sí,No,No,100.7,6657.02,0,0
CU7574,Femenino,1,No,Sí,2,Mes a mes,No,Transferencia,Fibra óptica,No,No,Sí,90.16,168.2,1,1
CU7575,Masculino,0,Sí,Sí,29,Dos años,No,Domiciliación bancaria,Fibra óptica,No,No,No,53.36,1586.17,0,1
CU7576,Masculino,0,Sí,No,13,Dos años,No,Domiciliación bancaria,Fibra óptica,No,No,Sí,107.71,1332.42,0,0
CU7577,Masculino,0,Sí,No,48,Un año,Sí,Cheque electrónico,DSL,Sí,No,Sí,40.01,1976.68,3,0
CU7578,Femenino,0,Sí,No,44,Un año,Sí,Domiciliación bancaria,DSL,Sí,No,Sí,62.9,2765.65,0,0
CU7579,Masculino,0,No,Sí,58,Mes a mes,Sí,Cheque electrónico,Sin internet,No,No,No,82.1,4897.53,1,0
CU7580,Femenino,1,No,Sí,34,Mes a mes,Sí,Domiciliación bancaria,DSL,No,No,No,65.9,2206.28,0,1
CU7581,Femenino,0,Sí,No,45,Mes a mes,Sí,Tarjeta de crédito,Fibra óptica,No,No,Sí,60.59,2602.3,0,0
CU7582,Masculino,0,No,No,43,Un año,Sí,Transferencia,DSL,No,No,No,18.0,805.28,1,0
CU7583,Masculino,0,Sí,No,63,Mes a mes,No,Tarjeta de crédito,Fibra óptica,No,No,Sí,86.55,5502.16,2,0
CU7584,Femenino,0,No,No,33,Dos años,Sí,Tarjeta de crédito,Fibra óptica,No,No,Sí,90.62,2982.23,3,0
CU7585,Masculino,0,Sí,No,3,Un año,No,Tarjeta de crédito,Sin internet,No,No,Sí,51.56,147.82,1,0
CU7586,Masculino,1,Sí,No,60,Mes a mes,Sí,Cheque electrónico,Fibra óptica,Sí,Sí,No,91.17,5419.95,0,0
CU7587,Femenino,0,Sí,No,16,Mes a mes,No,Tarjeta de crédito,DSL,Sí,No,Sí,72.02,1066.07,0,1
CU7588,Masculino,0,No,Sí,70,Mes a mes,Sí,Tarjeta de crédito,Sin internet,Sí,No,Sí,95.94,6919.23,0,0
CU7589,Masculino,1,Sí,No,70,Mes a mes,Sí,Cheque electrónico,DSL,Sí,Sí,Sí,86.95,6087.64,0,0
CU7590,Masculino,0,Sí,No,56,Dos años,No,Cheque electrónico,DSL,No,Sí,No,56.69,3078.83,2,0
CU7591,Femenino,0,No,No,24,Dos años,Sí,Domiciliación bancaria,Fibra óptica,No,Sí,No,123.71,2757.26,0,0
CU7592,Masculino,0,Sí,No,43,Un año,Sí,Transferencia,Fibra óptica,No,No,No,40.08,1767.48,2,0
CU7593,Masculino,0,No,No,68,Mes a mes,No,Cheque electrónico,Sin internet,Sí,No,No,18.0,1238.25,0,0
CU7594,Femenino,1,No,No,27,Dos años,No,Cheque electrónico,Sin internet,No,Sí,Sí,18.0,488.75,3,0
CU7595,Masculino,0,No,No,17,Dos años,No,Domiciliación bancaria,Sin internet,No,No,No,77.47,1323.51,0,0
CU7596,Masculino,0,Sí,No,46,Un año,Sí,Domiciliación bancaria,DSL,Sí,No,Sí,18.0,783.97,0,0
CU7597,Femenino,0,No,No,67,Mes a mes,No,Transferencia,DSL,Sí,No,No,47.26,3056.0,0,0
CU7598,Femenino,0,No,Sí,57,Mes a mes,Sí,Cheque electrónico,Fibra óptica,Sí,No,No,96.36,5471.81,0,0
CU7599,Femenino,1,No,No,26,Mes a mes,Sí,Transferencia,Sin internet,No,Sí,Sí,18.0,460.75,2,1
CU7600,Femenino,0,No,No,57,Mes a mes,No,Domiciliación bancaria,Fibra óptica,No,Sí,Sí,58.26,3420.21,0,0
CU7601,Femenino,1,Sí,No,64,Un año,Sí,Domiciliación bancaria,DSL,No,Sí,Sí,62.89,3887.77,1,0
CU7602,Femenino,0,Sí,Sí,0,Un año,Sí,Transferencia,DSL,Sí,Sí,Sí,21.86,22.73,3,0
CU7603,Masculino,1,No,No,52,Dos años,No,Tarjeta de crédito,Sin internet,Sí,No,No,72.08,3571.53,0,0
CU7604,Femenino,0,Sí,Sí,51,Mes a mes,Sí,Tarjeta de crédito,Sin internet,Sí,No,No,59.58,3174.27,2,0
CU7605,Femenino,0,No,Sí,38,Mes a mes,No,Cheque electrónico,Fibra óptica,No,No,Sí,82.2,3268.28,1,1
CU7606,Masculino,0,Sí,Sí,14,Mes a mes,Sí,Tarjeta de crédito,Fibra óptica,Sí,Sí,Sí,63.57,837.71,0,0
CU7607,Masculino,0,Sí,No,60,Mes a mes,Sí,Transferencia,DSL,Sí,No,No,51.31,3037.99,0,0
CU7608,Masculino,1,Sí,No,38,Mes a mes,No,Cheque electrónico,Sin internet,No,No,No,75.13,2791.64,0,1
CU7609,Femenino,0,No,Sí,66,Un año,No,Cheque electrónico,Fibra óptica,No,Sí,No,100.56,6412.72,2,0
CU7610,Femenino,0,No,No,54,Un año,Sí,Tarjeta de crédito,DSL,No,No,No,103.65,5322.22,0,0
CU7611,Masculino,0,Sí,No,21,Dos años,Sí,Cheque electrónico,Fibra óptica,No,No,Sí,81.76,1764.76,2,0
CU7612,Masculino,0,Sí,Sí,69,Mes a mes,Sí,Domiciliación bancaria,DSL,No,Sí,No,88.0,6190.31,2,0
CU7613,Femenino,1,Sí,No,26,Un año,No,Domiciliación bancaria,DSL,No,No,No,46.6,1191.85,0,0
CU7614,Masculino,0,No,No,2,Un año,Sí,Transferencia,DSL,Sí,Sí,Sí,57.65,112.44,1,0
CU7615,Masculino,0,Sí,No,3,Mes a mes,Sí,Domiciliación bancaria,Fibra óptica,No,No,Sí,78.12,222.39,0,0
CU7616,Femenino,0,No,No,23,Un año,No,Tarjeta de crédito,DSL,Sí,Sí,No,71.9,1698.07,1,0
CU7617,Femenino,1,Sí,No,16,Mes a mes,Sí,Transferencia,Fibra óptica,No,No,Sí,82.1,1240.8,1,0
CU7618,Femenino,0,No,No,4,Mes a mes,No,Transferencia,Fibra óptica,No,Sí,Sí,105.37,391.18,3,0
CU7619,Masculino,0,No,No,62,Mes a mes,Sí,Domiciliación bancaria,Sin internet,No,Sí,Sí,61.75,3624.01,1,0
CU7620,Femenino,0,Sí,No,56,Un año,No,Domiciliación bancaria,DSL,Sí,No,Sí,23.56,1272.83,2,0
CU7621,Masculino,0,No,No,2,Un año,No,Tarjeta de crédito,Sin internet,No,Sí,Sí,40.05,75.91,2,0
CU7622,Masculino,0,Sí,No,12,Un año,Sí,Cheque electrónico,Sin internet,Sí,Sí,No,70.83,817.35,1,1
CU7623,Femenino,1,No,Sí,61,Mes a mes,No,Cheque electrónico,DSL,Sí,Sí,No,54.57,3301.56,2,0
CU7624,Femenino,0,No,No,9,Mes a mes,Sí,Tarjeta de crédito,Fibra óptica,No,No,Sí,30.62,258.52,2,0
CU7625,Masculino,0,Sí,No,5,Un año,Sí,Transferencia,DSL,No,Sí,No,63.8,321.4,1,0
CU7626,Femenino,0,Sí,Sí,7,Mes a mes,No,Cheque electrónico,DSL,Sí,No,No,44.3,289.14,0,1
CU7627,Masculino,0,No,No,58,Un año,No,Domiciliación bancaria,DSL,Sí,Sí,No,81.4,4608.03,1,0
CU7628,Masculino,0,Sí,No,51,Mes a mes,No,Cheque electrónico,Fibra óptica,No,Sí,Sí,107.56,5746.7,0,0
CU7629,Masculino,0,Sí,No,38,Un año,Sí,Domiciliación bancaria,Fibra óptica,No,No,Sí,97.68,3823.83,0,0
CU7630,Masculino,0,No,No,6,Dos años,No,Tarjeta de crédito,DSL,No,Sí,No,39.03,216.75,4,0
CU7631,Femenino,0,Sí,No,42,Un año,Sí,Cheque electrónico,Sin internet,Sí,Sí,No,47.59,2019.21,1,0
CU7632,Masculino,0,Sí,No,32,Mes a mes,No,Transferencia,DSL,No,No,No,21.9,692.12,0,0
CU7633,Femenino,0,Sí,No,19,Mes a mes,Sí,Transferencia,DSL,No,No,Sí,96.36,1765.17,0,0
CU7634,Femenino,0,No,No,11,Mes a mes,Sí,Domiciliación bancaria,Fibra óptica,No,Sí,No,68.86,767.04,0,0
CU7635,Masculino,0,Sí,Sí,2,Dos años,No,Transferencia,Fibra óptica,Sí,Sí,Sí,109.76,227.71,0,0
CU7636,Femenino,1,Sí,Sí,46,Dos años,Sí,Cheque electrónico,Sin internet,No,Sí,No,82.04,3887.07,1,0
CU7637,Femenino,0,Sí,No,49,Mes a mes,Sí,Domiciliación bancaria,Fibra óptica,Sí,No,No,52.53,2461.77,2,0
CU7638,Masculino,0,No,Sí,10,Mes a mes,No,Domiciliación bancaria,DSL,Sí,No,Sí,18.0,168.63,1,0
CU7639,Masculino,0,Sí,Sí,20,Mes a mes,No,Domiciliación bancaria,DSL,No,Sí,Sí,73.58,1407.69,1,0
CU7640,Masculino,0,No,Sí,17,Mes a mes,Sí,Domiciliación bancaria,DSL,Sí,No,No,123.97,2133.01,0,1
CU7641,Femenino,0,Sí,No,71,Un año,No,Domiciliación bancaria,Fibra óptica,No,Sí,No,88.89,6081.93,1,0
CU7642,Femenino,0,Sí,No,62,Dos años,No,Domiciliación bancaria,Fibra óptica,No,No,No,61.42,3646.02,3,0
CU7643,Femenino,0,Sí,Sí,7,Mes a mes,No,Transferencia,Sin internet,No,No,No,88.63,638.32,1,1
CU7644,Femenino,0,Sí,No,1,Dos años,Sí,Domiciliación bancaria,DSL,Sí,Sí,Sí,85.49,89.3,2,0
CU7645,Masculino,0,Sí,Sí,67,Dos años,No,Domiciliación bancaria,Sin internet,No,Sí,No,100.54,6697.14,2,0
CU7646,Femenino,0,No,Sí,2,Un año,Sí,Cheque electrónico,Fibra óptica,No,No,No,41.09,83.33,1,0
CU7647,Masculino,0,Sí,No,16,Un año,No,Domiciliación bancaria,Fibra óptica,Sí,No,No,77.18,1181.71,0,0
CU7648,Masculino,1,No,No,53,Mes a mes,Sí,Cheque electrónico,DSL,No,No,Sí,23.36,1149.45,0,0
CU7649,Masculino,0,No,No,12,Un año,No,Tarjeta de crédito,Fibra óptica,No,Sí,No,18.0,201.7,3,0
CU7650,Femenino,1,Sí,No,15,Mes a mes,Sí,Transferencia,DSL,No,Sí,Sí,84.65,1204.11,0,0
CU7651,Femenino,0,No,No,50,Un año,No,Domiciliación bancaria,Fibra óptica,No,No,Sí,99.94,4632.24,3,0
CU7652,Femenino,0,Sí,No,16,Dos años,Sí,Transferencia,Fibra óptica,No,Sí,No,65.12,1012.15,1,0
CU7653,Femenino,0,Sí,Sí,46,Mes a mes,Sí,Cheque electrónico,Fibra óptica,No,Sí,No,62.52,2671.3,3,0
CU7654,Masculino,1,Sí,Sí,0,Mes a mes,Sí,Domiciliación bancaria,DSL,Sí,Sí,No,74.8,74.91,3,0
CU7655,Masculino,0,Sí,No,70,Mes a mes,Sí,Domiciliación bancaria,Fibra óptica,No,No,Sí,97.35,6300.57,0,0
CU7656,Femenino,0,Sí,No,37,Mes a mes,No,Domiciliación bancaria,DSL,No,Sí,No,90.1,3496.06,1,0
CU7657,Femenino,0,No,Sí,40,Mes a mes,Sí,Tarjeta de crédito,Fibra óptica,No,No,No,74.2,2957.55,0,0
CU7658,Masculino,1,No,No,28,Un año,Sí,Transferencia,Fibra óptica,No,No,Sí,84.26,2295.48,2,1
CU7659,Masculino,0,No,Sí,38,Dos años,Sí,Transferencia,Sin internet,Sí,No,No,88.0,3127.85,1,0
CU7660,Femenino,0,Sí,No,60,Mes a mes,Sí,Cheque electrónico,Sin internet,Sí,No,Sí,34.95,2040.46,1,0
CU7661,Femenino,0,No,Sí,71,Un año,Sí,Cheque electrónico,Fibra óptica,No,Sí,Sí,80.04,5549.75,0,0
CU7662,Femenino,1,Sí,No,7,Un año,Sí,Tarjeta de crédito,Sin internet,No,No,No,28.95,194.14,2,0
CU7663,Femenino,0,Sí,Sí,35,Mes a mes,Sí,Transferencia,DSL,No,No,No,95.15,3474.04,1,0
CU7664,Masculino,0,No,No,72,Mes a mes,No,Cheque electrónico,Fibra óptica,No,No,Sí,88.73,5904.77,0,0
CU7665,Femenino,0,Sí,Sí,56,Dos años,No,Transferencia,Fibra óptica,No,No,No,66.71,3496.26,1,0
CU7666,Femenino,1,Sí,No,4,Mes a mes,No,Transferencia,DSL,No,No,Sí,59.82,250.89,0,0
CU7667,Femenino,1,Sí,No,66,Dos años,Sí,Tarjeta de crédito,Fibra óptica,No,Sí,No,97.21,6036.18,1,0
CU7668,Masculino,0,Sí,No,16,Dos años,No,Transferencia,DSL,No,No,No,72.67,1125.85,0,0
CU7669,Femenino,0,Sí,Sí,11,Dos años,No,Transferencia,Fibra óptica,Sí,No,Sí,72.22,821.83,0,0
CU7670,Femenino,0,No,No,10,Mes a mes,Sí,Transferencia,Sin internet,No,No,No,74.37,714.65,2,0
CU7671,Masculino,0,Sí,No,16,Mes a mes,Sí,Cheque electrónico,Fibra óptica,No,No,Sí,76.45,1261.2,1,1
CU7672,Masculino,0,No,No,56,Mes a mes,Sí,Tarjeta de crédito,Sin internet,No,No,Sí,97.75,5410.17,2,1
CU7673,Femenino,0,No,No,18,Mes a mes,Sí,Domiciliación bancaria,Fibra óptica,No,Sí,Sí,19.95,330.62,3,0
CU7674,Femenino,1,No,No,20,Dos años,Sí,Tarjeta de crédito,Fibra óptica,No,Sí,No,61.79,1201.36,0,0
CU7675,Femenino,0,Sí,No,40,Un año,Sí,Domiciliación bancaria,Fibra óptica,Sí,Sí,Sí,18.0,712.6,2,0
CU7676,Femenino,0,Sí,Sí,1,Mes a mes,No,Domiciliación bancaria,Fibra óptica,No,No,Sí,76.22,75.1,2,0
CU7677,Masculino,0,Sí,No,25,Mes a mes,Sí,Domiciliación bancaria,Fibra óptica,Sí,No,No,47.05,1165.34,1,0
CU7678,Masculino,0,No,No,38,Mes a mes,Sí,Cheque electrónico,DSL,Sí,Sí,No,69.0,2480.21,2,0
CU7679,Femenino,1,No,No,47,Mes a mes,No,Domiciliación bancaria,DSL,Sí,No,No,43.38,1909.46,0,0
CU7680,Masculino,1,Sí,No,17,Mes a mes,Sí,Cheque electrónico,Sin internet,Sí,No,No,42.08,703.59,2,0
CU7681,Masculino,1,No,No,14,Mes a mes,Sí,Cheque electrónico,DSL,Sí,No,No,52.83,705.15,1,0
CU7682,Femenino,0,Sí,Sí,45,Mes a mes,Sí,Cheque electrónico,DSL,Sí,No,No,67.29,3167.49,0,0
CU7683,Masculino,0,No,No,18,Mes a mes,Sí,Cheque electrónico,Fibra óptica,No,No,No,84.22,1423.54,2,1
CU7684,Femenino,1,Sí,No,32,Mes a mes,Sí,Domiciliación bancaria,DSL,No,Sí,No,44.36,1310.08,0,0
CU7685,Masculino,0,No,No,69,Mes a mes,No,Domiciliación bancaria,DSL,Sí,No,No,68.87,4945.8,2,0
CU7686,Femenino,0,Sí,No,6,Mes a mes,No,Transferencia,Fibra óptica,No,No,No,76.34,453.18,0,0
CU7687,Femenino,0,Sí,No,65,Mes a mes,No,Cheque electrónico,Fibra óptica,No,No,No,51.28,3249.76,3,0
CU7688,Femenino,1,Sí,No,65,Mes a mes,Sí,Transferencia,Fibra óptica,No,Sí,Sí,75.62,4743.94,2,0
CU7689,Femenino,1,Sí,No,71,Un año,Sí,Transferencia,DSL,No,Sí,No,28.7,2096.33,2,0
CU7690,Masculino,0,No,No,16,Mes a mes,Sí,Tarjeta de crédito,DSL,No,No,Sí,39.7,616.19,1,1
CU7691,Masculino,0,Sí,Sí,32,Mes a mes,Sí,Transferencia,Fibra óptica,Sí,No,Sí,94.67,2885.62,1,0
CU7692,Masculino,0,Sí,No,0,Mes a mes,Sí,Cheque electrónico,Fibra óptica,No,No,Sí,18.0,16.77,2,1
CU7693,Femenino,0,No,No,29,Mes a mes,Sí,Cheque electrónico,Fibra óptica,No,No,No,55.49,1533.86,2,1
CU7694,Femenino,0,Sí,No,42,Dos años,No,Tarjeta de crédito,Fibra óptica,Sí,No,No,66.95,2906.93,2,0
CU7695,Masculino,0,Sí,No,58,Dos años,No,Tarjeta de crédito,DSL,No,No,Sí,71.83,4311.83,3,0
CU7696,Masculino,1,Sí,No,60,Mes a mes,Sí,Cheque electrónico,DSL,No,No,Sí,72.9,4044.8,0,0
CU7697,Femenino,1,No,No,12,Mes a mes,Sí,Domiciliación bancaria,Sin internet,Sí,Sí,Sí,58.79,679.39,1,1
CU7698,Femenino,0,Sí,No,35,Un año,Sí,Cheque electrónico,DSL,Sí,No,No,54.36,1840.78,0,0
CU7699,Masculino,0,Sí,Sí,1,Mes a mes,No,Tarjeta de crédito,DSL,Sí,No,Sí,41.25,41.94,1,0
CU7700,Masculino,0,No,Sí,62,Un año,Sí,Transferencia,Fibra óptica,Sí,No,Sí,108.31,6362.27,0,0
CU7701,Masculino,0,No,Sí,56,Un año,Sí,Tarjeta de crédito,Fibra óptica,Sí,Sí,No,86.53,5041.37,1,0
CU7702,Femenino,1,No,No,5,Un año,Sí,Domiciliación bancaria,DSL,No,No,Sí,73.2,346.56,1,0
CU7703,Femenino,0,Sí,Sí,65,Mes a mes,No,Domiciliación bancaria,DSL,Sí,No,Sí,63.03,4089.39,1,0
CU7704,Masculino,0,Sí,No,20,Mes a mes,No,Tarjeta de crédito,Fibra óptica,No,Sí,No,48.27,982.37,1,1
CU7705,Femenino,1,No,Sí,61,Mes a mes,Sí,Transferencia,Sin internet,No,No,No,63.6,3892.33,1,0
CU7706,Masculino,0,No,Sí,46,Un año,Sí,Domiciliación bancaria,Sin internet,No,Sí,Sí,37.93,1821.09,0,0
CU7707,Femenino,0,Sí,No,47,Dos años,No,Cheque electrónico,Sin internet,No,No,Sí,103.37,4579.5,0,0
CU7708,Femenino,0,No,Sí,56,Mes a mes,No,Cheque electrónico,Sin internet,No,No,Sí,40.35,2257.68,1,0
CU7709,Femenino,0,Sí,No,17,Mes a mes,Sí,Tarjeta de crédito,Fibra óptica,Sí,Sí,No,29.98,515.4,0,1
CU7710,Masculino,1,Sí,No,5,Un año,Sí,Cheque electrónico,Fibra óptica,No,Sí,No,130.0,664.87,2,0
CU7711,Masculino,0,Sí,No,56,Mes a mes,Sí,Tarjeta de crédito,Fibra óptica,No,No,Sí,61.0,3369.26,0,0
CU7712,Femenino,1,No,No,44,Mes a mes,Sí,Transferencia,DSL,Sí,No,No,40.74,1779.69,0,0
CU7713,Masculino,0,No,No,44,Mes a mes,No,Cheque electrónico,Sin internet,Sí,Sí,No,86.45,3966.62,2,0
CU7714,Masculino,0,Sí,Sí,56,Un año,No,Transferencia,DSL,Sí,No,No,27.62,1592.76,0,0
CU7715,Masculino,0,Sí,No,54,Mes a mes,Sí,Tarjeta de crédito,Fibra óptica,No,Sí,No,45.57,2542.04,3,1
CU7716,Femenino,0,Sí,Sí,9,Un año,No,Domiciliación bancaria,DSL,Sí,Sí,No,87.46,815.66,1,0
CU7717,Femenino,1,No,No,11,Un año,Sí,Cheque electrónico,Fibra óptica,No,Sí,Sí,125.03,1409.63,1,0
CU7718,Masculino,0,No,No,10,Mes a mes,Sí,Domiciliación bancaria,Fibra óptica,No,No,Sí,93.68,890.13,0,0
CU7719,Masculino,1,Sí,No,26,Dos años,No,Transferencia,Fibra óptica,No,No,Sí,85.35,2064.29,1,0
CU7720,Femenino,0,No,No,37,Un año,No,Domiciliación bancaria,Fibra óptica,No,No,No,104.06,4019.32,0,0
CU7721,Masculino,0,Sí,No,50,Mes a mes,Sí,Domiciliación bancaria,Sin internet,No,Sí,Sí,57.02,2914.52,0,0
CU7722,Masculino,0,No,Sí,31,Mes a mes,Sí,Tarjeta de crédito,Fibra óptica,Sí,No,No,23.99,779.95,1,0
CU7723,Femenino,0,Sí,Sí,3,Mes a mes,No,Cheque electrónico,Fibra óptica,No,No,Sí,45.41,132.36,0,0
CU7724,Femenino,0,Sí,Sí,31,Un año,Sí,Transferencia,Fibra óptica,No,No,Sí,103.49,3246.91,2,1
CU7725,Femenino,0,No,Sí,38,Un año,Sí,Domiciliación bancaria,Fibra óptica,No,Sí,No,31.77,1219.07,1,0
CU7726,Masculino,0,Sí,No,63,Mes a mes,Sí,Cheque electrónico,Fibra óptica,No,Sí,No,61.07,3746.86,0,0
CU7727,Femenino,0,No,No,19,Un año,No,Transferencia,Fibra óptica,No,Sí,No,66.3,1250.55,1,0
CU7728,Femenino,0,No,No,4,Un año,Sí,Transferencia,Sin internet,Sí,Sí,No,76.89,298.14,0,0
CU7729,Masculino,1,Sí,No,39,Mes a mes,Sí,Tarjeta de crédito,DSL,Sí,No,Sí,81.99,3188.75,2,1
CU7730,Masculino,0,No,Sí,53,Mes a mes,Sí,Domiciliación bancaria,Fibra óptica,No,Sí,No,83.32,4207.0,0,1
CU7731,Masculino,0,Sí,Sí,35,Dos años,No,Cheque electrónico,Fibra óptica,No,No,No,130.0,4370.62,0,0
CU7732,Masculino,0,No,No,59,Mes a mes,No,Transferencia,Fibra óptica,No,No,No,86.56,4988.97,3,0
CU7733,Masculino,0,No,Sí,20,Dos años,Sí,Tarjeta de crédito,Fibra óptica,No,No,Sí,105.59,2196.37,0,0
CU7734,Femenino,1,No,Sí,28,Dos años,Sí,Tarjeta de crédito,Fibra óptica,No,No,Sí,66.75,1929.54,0,0
CU7735,Femenino,0,No,No,70,Un año,No,Tarjeta de crédito,Fibra óptica,No,No,No,121.08,8625.71,1,0
CU7736,Masculino,0,No,No,50,Un año,Sí,Transferencia,Sin internet,Sí,No,No,43.34,2026.03,2,0
CU7737,Femenino,0,Sí,Sí,62,Mes a mes,Sí,Domiciliación bancaria,DSL,No,No,No,93.69,5454.69,0,0
CU7738,Masculino,0,No,No,42,Mes a mes,Sí,Domiciliación bancaria,Fibra óptica,No,Sí,No,62.24,2510.29,2,1
CU7739,Femenino,0,Sí,No,18,Mes a mes,Sí,Tarjeta de crédito,Sin internet,No,No,No,92.85,1583.21,1,1
CU7740,Femenino,0,No,Sí,19,Un año,Sí,Domiciliación bancaria,Fibra óptica,No,No,Sí,80.59,1481.72,0,0
CU7741,Masculino,0,No,Sí,16,Dos años,Sí,Tarjeta de crédito,DSL,No,No,No,101.17,1608.23,1,1
CU7742,Masculino,0,No,No,37,Mes a mes,Sí,Cheque electrónico,Fibra óptica,No,No,No,79.36,2772.96,0,0
CU7743,Masculino,0,Sí,No,26,Mes a mes,No,Cheque electrónico,DSL,No,No,Sí,63.85,1586.24,1,1
CU7744,Femenino,1,Sí,No,4,Mes a mes,Sí,Transferencia,DSL,No,No,No,93.42,376.8,3,1
CU7745,Femenino,0,Sí,No,25,Un año,No,Transferencia,DSL,No,Sí,Sí,42.19,987.96,4,0
CU7746,Masculino,0,Sí,Sí,59,Un año,Sí,Cheque electrónico,Sin internet,No,No,Sí,18.0,1045.23,0,0
CU7747,Masculino,0,Sí,No,41,Dos años,Sí,Tarjeta de crédito,Sin internet,No,No,No,18.0,679.61,4,0
CU7748,Femenino,0,No,Sí,4,Mes a mes,No,Domiciliación bancaria,DSL,No,Sí,No,116.14,438.52,2,1
CU7749,Masculino,0,Sí,Sí,28,Un año,No,Domiciliación bancaria,DSL,No,Sí,Sí,72.47,2028.04,1,1
CU7750,Masculino,0,Sí,Sí,21,Mes a mes,Sí,Domiciliación bancaria,Fibra óptica,No,Sí,No,78.67,1721.8,0,1
CU7751,Femenino,0,Sí,No,3,Dos años,Sí,Cheque electrónico,DSL,No,No,Sí,55.38,154.87,0,1
CU7752,Masculino,0,Sí,No,29,Un año,Sí,Cheque electrónico,Fibra óptica,No,Sí,Sí,74.19,2128.13,3,0
CU7753,Femenino,0,Sí,No,28,Mes a mes,No,Cheque electrónico,DSL,Sí,No,Sí,45.48,1330.28,1,0
CU7754,Masculino,1,No,No,36,Mes a mes,Sí,Transferencia,Sin internet,No,No,No,64.67,2439.46,0,0
CU7755,Masculino,1,Sí,No,53,Un año,Sí,Cheque electrónico,DSL,No,No,Sí,18.0,910.13,1,0
CU7756,Masculino,0,Sí,No,38,Un año,No,Cheque electrónico,DSL,No,Sí,No,18.0,692.36,2,0
CU7757,Masculino,1,Sí,No,18,Mes a mes,Sí,Tarjeta de crédito,Fibra óptica,No,No,No,28.62,485.27,2,0
CU7758,Femenino,1,No,No,44,Mes a mes,Sí,Domiciliación bancaria,Sin internet,Sí,Sí,No,41.41,1728.2,1,0
CU7759,Femenino,0,Sí,Sí,14,Mes a mes,No,Tarjeta de crédito,DSL,No,No,Sí,103.55,1489.05,3,1
CU7760,Masculino,0,Sí,No,66,Mes a mes,Sí,Cheque electrónico,Fibra óptica,No,Sí,No,130.0,8838.4,3,1
CU7761,Femenino,0,Sí,Sí,44,Mes a mes,Sí,Tarjeta de crédito,Fibra óptica,No,No,Sí,97.29,4458.1,3,1
CU7762,Masculino,0,No,Sí,34,Mes a mes,Sí,Cheque electrónico,Fibra óptica,No,Sí,Sí,18.0,573.47,3,0
CU7763,Masculino,0,No,No,19,Mes a mes,Sí,Domiciliación bancaria,Fibra óptica,Sí,No,No,114.73,2145.21,1,1
CU7764,Femenino,0,Sí,No,47,Mes a mes,Sí,Domiciliación bancaria,DSL,Sí,No,Sí,54.43,2459.73,3,0
CU7765,Femenino,0,Sí,Sí,8,Mes a mes,No,Cheque electrónico,Fibra óptica,No,No,No,21.37,165.69,2,0
CU7766,Femenino,0,Sí,Sí,6,Mes a mes,No,Cheque electrónico,DSL,No,No,Sí,118.49,731.04,3,1
CU7767,Masculino,0,No,Sí,44,Mes a mes,No,Tarjeta de crédito,Fibra óptica,No,No,Sí,53.84,2419.36,0,0
CU7768,Femenino,1,No,Sí,61,Un año,Sí,Domiciliación bancaria,DSL,No,Sí,No,38.22,2432.98,0,0
CU7769,Masculino,1,No,Sí,63,Dos años,Sí,Transferencia,DSL,No,Sí,No,50.08,3235.9,2,0
CU7770,Femenino,0,Sí,No,24,Mes a mes,No,Domiciliación bancaria,Fibra óptica,No,No,Sí,56.03,1336.36,1,0
CU7771,Femenino,0,Sí,Sí,44,Mes a mes,Sí,Domiciliación bancaria,DSL,Sí,No,No,82.21,3659.71,4,0
CU7772,Masculino,0,No,Sí,43,Mes a mes,Sí,Domiciliación bancaria,DSL,No,No,No,70.98,3161.73,0,0
CU7773,Masculino,0,No,Sí,23,Mes a mes,Sí,Tarjeta de crédito,Fibra óptica,Sí,Sí,Sí,47.05,1018.21,0,0
CU7774,Femenino,0,No,No,71,Un año,Sí,Transferencia,DSL,No,No,No,18.0,1255.06,1,0
CU7775,Femenino,0,No,No,11,Mes a mes,Sí,Domiciliación bancaria,DSL,No,Sí,No,43.17,456.81,0,0
CU7776,Femenino,1,Sí,No,55,Un año,No,Cheque electrónico,DSL,No,No,No,72.04,3961.84,1,0
CU7777,Masculino,0,Sí,No,64,Un año,Sí,Tarjeta de crédito,Sin internet,No,Sí,No,44.64,2701.35,0,0
CU7778,Femenino,0,No,No,29,Un año,Sí,Domiciliación bancaria,DSL,No,Sí,No,69.12,1931.84,1,0
CU7779,Masculino,0,No,Sí,41,Un año,No,Domiciliación bancaria,DSL,Sí,Sí,No,65.23,2671.09,1,0
CU7780,Masculino,0,Sí,No,32,Mes a mes,Sí,Cheque electrónico,Fibra óptica,No,Sí,Sí,97.15,3218.15,0,0
CU7781,Masculino,0,Sí,No,4,Un año,No,Tarjeta de crédito,DSL,Sí,Sí,Sí,73.05,287.86,0,0
CU7782,Femenino,0,No,No,10,Mes a mes,Sí,Transferencia,Sin internet,Sí,Sí,No,89.58,929.94,1,0
CU7783,Masculino,0,Sí,No,21,Dos años,No,Tarjeta de crédito,Sin internet,No,Sí,No,58.83,1210.19,2,0
CU7784,Masculino,0,Sí,No,46,Mes a mes,No,Domiciliación bancaria,DSL,No,No,No,111.04,4783.27,1,1
CU7785,Femenino,0,Sí,No,57,Un año,No,Cheque electrónico,Fibra óptica,Sí,Sí,No,52.35,2949.74,2,0
CU7786,Masculino,0,No,No,40,Dos años,Sí,Cheque electrónico,Fibra óptica,No,Sí,No,41.48,1642.88,0,0
CU7787,Masculino,0,Sí,No,49,Mes a mes,No,Transferencia,Sin internet,Sí,Sí,Sí,102.56,4866.4,0,0
CU7788,Masculino,1,Sí,No,43,Mes a mes,Sí,Cheque electrónico,Sin internet,Sí,No,No,47.46,1970.15,0,0
CU7789,Masculino,0,Sí,No,49,Mes a mes,Sí,Tarjeta de crédito,DSL,No,No,Sí,34.56,1568.2,1,0
CU7790,Femenino,0,No,No,19,Mes a mes,Sí,Cheque electrónico,Fibra óptica,No,Sí,Sí,33.72,640.04,0,0
CU7791,Femenino,0,No,No,12,Mes a mes,No,Cheque electrónico,Fibra óptica,No,No,No,51.08,576.84,1,0
CU7792,Femenino,0,No,No,51,Un año,Sí,Tarjeta de crédito,DSL,No,No,Sí,57.57,2976.05,0,0
CU7793,Femenino,0,Sí,No,42,Un año,No,Tarjeta de crédito,DSL,No,No,Sí,76.66,3182.16,0,0
CU7794,Femenino,0,Sí,Sí,21,Mes a mes,No,Transferencia,Fibra óptica,No,No,Sí,86.63,1718.12,1,0
CU7795,Femenino,0,No,No,10,Un año,Sí,Transferencia,DSL,Sí,No,Sí,65.86,622.42,0,0
CU7796,Femenino,1,Sí,Sí,32,Dos años,Sí,Transferencia,Fibra óptica,Sí,Sí,Sí,91.58,2959.63,1,0
CU7797,Masculino,0,Sí,No,39,Dos años,Sí,Cheque electrónico,Sin internet,No,No,Sí,87.87,3486.62,0,0
CU7798,Masculino,0,No,Sí,10,Mes a mes,Sí,Cheque electrónico,DSL,Sí,Sí,No,39.13,395.04,1,0
CU7799,Femenino,0,No,No,69,Dos años,Sí,Cheque electrónico,Sin internet,No,Sí,No,37.69,2450.01,0,0
CU7800,Masculino,0,Sí,No,52,Un año,Sí,Tarjeta de crédito,Fibra óptica,No,No,No,52.56,2738.01,1,0
CU7801,Masculino,1,Sí,Sí,51,Dos años,Sí,Transferencia,Fibra óptica,No,Sí,Sí,18.0,949.45,0,0
CU7802,Femenino,0,No,No,12,Mes a mes,Sí,Domiciliación bancaria,Sin internet,No,No,Sí,67.29,784.39,0,1
CU7803,Masculino,0,Sí,No,55,Un año,Sí,Tarjeta de crédito,Fibra óptica,No,No,Sí,58.71,3303.06,2,1
CU7804,Masculino,0,No,No,42,Mes a mes,Sí,Tarjeta de crédito,DSL,No,No,No,110.68,4283.77,2,0
CU7805,Femenino,0,Sí,No,49,Dos años,Sí,Transferencia,DSL,No,No,No,95.82,4385.89,1,0
CU7806,Femenino,0,No,No,60,Mes a mes,Sí,Transferencia,DSL,No,No,No,56.66,3180.31,0,0
CU7807,Masculino,0,No,No,37,Mes a mes,Sí,Domiciliación bancaria,Sin internet,No,Sí,Sí,92.41,3484.05,1,0
CU7808,Masculino,0,Sí,No,43,Mes a mes,No,Domiciliación bancaria,Fibra óptica,No,Sí,No,60.49,2613.44,2,0
CU7809,Masculino,0,Sí,No,8,Dos años,Sí,Transferencia,Fibra óptica,Sí,No,No,78.22,580.48,1,0
CU7810,Masculino,0,No,Sí,44,Dos años,No,Tarjeta de crédito,Fibra óptica,Sí,No,No,18.0,786.51,0,0
CU7811,Masculino,0,No,No,65,Dos años,Sí,Domiciliación bancaria,DSL,No,Sí,Sí,49.42,3089.96,1,0
CU7812,Masculino,0,No,Sí,64,Un año,No,Domiciliación bancaria,DSL,No,No,Sí,69.66,4223.19,0,0
CU7813,Femenino,0,No,No,12,Mes a mes,Sí,Tarjeta de crédito,DSL,No,No,Sí,57.6,697.44,0,0
CU7814,Femenino,0,No,No,72,Un año,No,Transferencia,DSL,No,No,No,101.29,7236.45,0,0
CU7815,Masculino,0,No,No,30,Dos años,Sí,Domiciliación bancaria,DSL,No,No,Sí,75.1,2212.29,1,0
CU7816,Masculino,0,No,No,14,Mes a mes,Sí,Cheque electrónico,DSL,Sí,Sí,No,82.21,1154.63,1,0
CU7817,Masculino,1,Sí,Sí,40,Un año,No,Tarjeta de crédito,Fibra óptica,Sí,Sí,No,71.08,2863.5,0,0
CU7818,Femenino,1,No,No,34,Mes a mes,Sí,Domiciliación bancaria,DSL,No,No,No,65.56,2091.94,2,0
CU7819,Masculino,0,Sí,No,31,Mes a mes,Sí,Tarjeta de crédito,DSL,No,No,No,90.85,2792.96,1,1
CU7820,Masculino,0,No,No,26,Mes a mes,No,Transferencia,DSL,Sí,No,Sí,115.08,2889.05,0,0
CU7821,Femenino,0,Sí,No,55,Mes a mes,Sí,Tarjeta de crédito,Sin internet,Sí,Sí,No,18.0,959.32,1,0
CU7822,Masculino,0,No,Sí,5,Mes a mes,Sí,Domiciliación bancaria,Fibra óptica,Sí,No,No,36.76,169.51,2,1
CU7823,Femenino,0,Sí,Sí,33,Mes a mes,Sí,Cheque electrónico,Fibra óptica,Sí,No,No,66.68,2051.29,0,0
CU7824,Femenino,0,No,No,26,Dos años,Sí,Cheque electrónico,DSL,Sí,No,No,102.77,2486.42,3,0
CU7825,Femenino,0,No,Sí,49,Mes a mes,No,Cheque electrónico,Fibra óptica,No,Sí,Sí,87.07,3945.53,0,1
CU7826,Femenino,0,Sí,No,51,Dos años,Sí,Domiciliación bancaria,Fibra óptica,No,No,Sí,42.19,1986.36,1,0
CU7827,Masculino,0,No,No,68,Mes a mes,No,Tarjeta de crédito,Sin internet,Sí,No,Sí,54.08,3693.88,1,0
CU7828,Masculino,0,Sí,Sí,62,Un año,Sí,Transferencia,Sin internet,No,No,Sí,86.1,5445.49,2,0
CU7829,Masculino,0,Sí,No,66,Mes a mes,Sí,Domiciliación bancaria,DSL,No,No,No,48.25,3096.78,1,0
CU7830,Femenino,0,Sí,No,60,Mes a mes,Sí,Transferencia,Fibra óptica,No,Sí,Sí,72.95,4308.19,0,1
CU7831,Masculino,0,No,Sí,47,Un año,No,Domiciliación bancaria,DSL,No,No,Sí,45.96,2249.25,4,0
CU7832,Femenino,0,Sí,No,1,Mes a mes,Sí,Domiciliación bancaria,DSL,Sí,Sí,No,78.69,77.43,0,1
CU7833,Femenino,0,Sí,Sí,62,Mes a mes,Sí,Cheque electrónico,Fibra óptica,No,No,Sí,82.83,5338.91,0,0
CU7834,Femenino,1,Sí,Sí,28,Un año,No,Transferencia,DSL,Sí,No,Sí,18.0,525.48,0,0
CU7835,Femenino,0,Sí,Sí,26,Mes a mes,No,Tarjeta de crédito,Fibra óptica,No,No,Sí,115.37,2837.67,1,1
CU7836,Femenino,0,Sí,No,69,Dos años,No,Domiciliación bancaria,DSL,No,No,No,118.41,8506.3,1,0
CU7837,Masculino,0,No,No,37,Mes a mes,Sí,Domiciliación bancaria,Fibra óptica,No,Sí,Sí,18.0,633.1,1,0
CU7838,Femenino,0,Sí,Sí,40,Dos años,No,Cheque electrónico,Sin internet,No,Sí,Sí,58.61,2272.01,1,0
CU7839,Masculino,0,Sí,No,23,Mes a mes,No,Tarjeta de crédito,Fibra óptica,No,No,No,19.31,458.29,0,1
CU7840,Femenino,0,Sí,Sí,71,Dos años,Sí,Transferencia,Fibra óptica,Sí,Sí,No,18.0,1238.48,0,0
CU7841,Masculino,0,No,Sí,27,Mes a mes,Sí,Tarjeta de crédito,Fibra óptica,No,No,No,87.7,2306.88,1,0
CU7842,Femenino,0,Sí,No,25,Mes a mes,Sí,Cheque electrónico,Fibra óptica,No,No,No,115.74,2877.64,2,1
CU7843,Masculino,1,No,No,55,Mes a mes,Sí,Cheque electrónico,Fibra óptica,No,Sí,Sí,64.35,3534.7,1,1
CU7844,Masculino,0,No,No,29,Un año,No,Domiciliación bancaria,DSL,No,No,Sí,108.74,3085.49,1,0
CU7845,Masculino,1,Sí,No,68,Un año,Sí,Cheque electrónico,Fibra óptica,Sí,Sí,No,46.47,2952.24,1,0
CU7846,Femenino,1,No,Sí,33,Mes a mes,Sí,Cheque electrónico,DSL,No,No,No,24.41,825.69,1,0
CU7847,Masculino,0,Sí,No,49,Un año,Sí,Domiciliación bancaria,DSL,No,Sí,No,54.09,2585.46,0,0
CU7848,Femenino,0,No,No,62,Mes a mes,Sí,Tarjeta de crédito,Sin internet,No,No,No,43.07,2802.96,3,0
CU7849,Femenino,0,No,No,70,Mes a mes,No,Domiciliación bancaria,Sin internet,No,No,No,77.02,5351.94,1,1
CU7850,Femenino,1,Sí,No,21,Mes a mes,No,Transferencia,DSL,No,No,Sí,95.45,1878.74,1,0
CU7851,Masculino,0,No,No,26,Un año,Sí,Cheque electrónico,Fibra óptica,No,No,Sí,32.68,866.85,0,1
CU7852,Femenino,0,Sí,No,31,Un año,Sí,Cheque electrónico,DSL,Sí,No,No,27.09,817.1,0,0
CU7853,Masculino,1,No,No,35,Mes a mes,No,Cheque electrónico,Sin internet,No,Sí,No,89.61,3153.58,0,0
CU7854,Femenino,0,Sí,Sí,57,Mes a mes,Sí,Domiciliación bancaria,DSL,No,No,Sí,55.2,3249.59,0,0
CU7855,Femenino,0,Sí,No,71,Mes a mes,No,Domiciliación bancaria,DSL,Sí,No,No,86.81,5939.34,1,0
CU7856,Femenino,0,No,No,24,Mes a mes,No,Transferencia,DSL,Sí,Sí,No,41.96,1038.27,1,1
CU7857,Masculino,0,No,No,0,Un año,Sí,Tarjeta de crédito,Fibra óptica,No,Sí,Sí,46.58,44.35,0,1
CU7858,Masculino,1,No,No,29,Dos años,Sí,Tarjeta de crédito,Sin internet,No,Sí,Sí,93.71,2816.15,0,0
CU7859,Masculino,0,Sí,Sí,7,Mes a mes,Sí,Cheque electrónico,Sin internet,Sí,No,No,88.0,598.56,1,1
CU7860,Masculino,0,No,No,64,Un año,Sí,Tarjeta de crédito,DSL,Sí,No,No,103.98,6277.6,4,0
CU7861,Masculino,0,Sí,Sí,56,Mes a mes,Sí,Domiciliación bancaria,Sin internet,Sí,No,No,59.14,3415.02,0,0
CU7862,Masculino,0,No,No,25,Un año,Sí,Cheque electrónico,DSL,No,Sí,Sí,101.25,2493.03,2,0
CU7863,Masculino,0,No,No,31,Mes a mes,Sí,Cheque electrónico,Sin internet,No,Sí,No,77.47,2427.74,1,1
CU7864,Femenino,0,Sí,No,39,Mes a mes,Sí,Cheque electrónico,DSL,No,No,No,76.35,2894.56,0,1
CU7865,Masculino,0,Sí,No,53,Mes a mes,Sí,Tarjeta de crédito,DSL,No,Sí,Sí,41.09,2107.6,4,0
CU7866,Femenino,0,Sí,No,4,Mes a mes,No,Tarjeta de crédito,Fibra óptica,Sí,No,Sí,83.5,327.42,2,1
CU7867,Femenino,0,No,No,27,Mes a mes,Sí,Domiciliación bancaria,DSL,Sí,No,No,57.88,1594.86,0,0
CU7868,Femenino,0,No,No,69,Mes a mes,No,Domiciliación bancaria,DSL,Sí,No,Sí,117.1,7532.94,0,1
CU7869,Femenino,0,Sí,No,29,Dos años,Sí,Cheque electrónico,DSL,No,Sí,Sí,64.95,1831.86,2,0
CU7870,Masculino,0,No,No,48,Dos años,No,Tarjeta de crédito,Fibra óptica,No,Sí,Sí,59.91,2845.98,1,0
CU7871,Femenino,0,No,No,18,Mes a mes,No,Tarjeta de crédito,Fibra óptica,No,Sí,Sí,100.78,1891.11,2,0
CU7872,Femenino,1,Sí,Sí,70,Mes a mes,Sí,Tarjeta de crédito,DSL,Sí,No,No,67.36,4869.18,2,0
CU7873,Masculino,0,Sí,Sí,46,Mes a mes,Sí,Domiciliación bancaria,DSL,No,No,Sí,41.15,1820.54,1,0
CU7874,Masculino,0,No,No,59,Un año,No,Transferencia,Fibra óptica,No,No,No,22.12,1291.08,1,0
CU7875,Masculino,0,Sí,No,72,Mes a mes,Sí,Transferencia,DSL,Sí,No,No,39.94,2890.63,1,0
CU7876,Masculino,0,Sí,Sí,55,Mes a mes,Sí,Transferencia,Sin internet,Sí,No,No,18.0,912.82,0,0
CU7877,Masculino,0,Sí,No,14,Mes a mes,Sí,Domiciliación bancaria,Fibra óptica,No,Sí,No,62.37,808.83,1,1
CU7878,Masculino,0,No,No,9,Mes a mes,Sí,Domiciliación bancaria,Sin internet,No,No,Sí,89.06,780.17,0,0
CU7879,Masculino,0,Sí,No,21,Mes a mes,Sí,Domiciliación bancaria,Fibra óptica,Sí,Sí,No,49.07,978.33,0,0
CU7880,Femenino,0,No,No,35,Dos años,Sí,Transferencia,Fibra óptica,No,No,Sí,130.0,4290.4,1,1
CU7881,Masculino,1,Sí,Sí,23,Dos años,No,Cheque electrónico,DSL,No,Sí,No,25.31,578.66,3,0
CU7882,Femenino,0,Sí,No,1,Mes a mes,Sí,Cheque electrónico,Sin internet,No,Sí,No,79.84,82.9,0,1
CU7883,Masculino,0,No,No,8,Mes a mes,No,Cheque electrónico,Sin internet,No,No,Sí,77.18,586.99,1,1
CU7884,Femenino,0,Sí,No,40,Un año,Sí,Tarjeta de crédito,Fibra óptica,No,No,Sí,53.15,2159.05,1,0
CU7885,Masculino,0,Sí,No,1,Dos años,No,Domiciliación bancaria,Fibra óptica,No,No,Sí,60.64,57.38,1,0
CU7886,Femenino,0,No,Sí,69,Mes a mes,No,Domiciliación bancaria,Sin internet,No,Sí,No,111.56,7872.13,1,0
CU7887,Femenino,0,No,No,19,Dos años,Sí,Transferencia,Fibra óptica,Sí,No,Sí,95.04,1675.89,1,0
CU7888,Masculino,0,No,No,28,Mes a mes,No,Transferencia,Fibra óptica,No,No,No,91.2,2602.02,1,1
CU7889,Masculino,0,No,Sí,21,Mes a mes,Sí,Transferencia,Sin internet,No,No,Sí,38.81,753.5,1,0
CU7890,Femenino,1,No,Sí,25,Un año,No,Tarjeta de crédito,Fibra óptica,Sí,No,No,78.88,2060.81,1,0
CU7891,Masculino,1,Sí,No,47,Mes a mes,No,Tarjeta de crédito,DSL,Sí,Sí,Sí,87.87,4096.04,1,1
CU7892,Masculino,1,No,No,20,Mes a mes,Sí,Tarjeta de crédito,Sin internet,No,Sí,Sí,89.23,1695.9,2,1
CU7893,Masculino,0,No,Sí,36,Dos años,No,Cheque electrónico,DSL,No,No,No,25.89,888.45,0,0
CU7894,Femenino,0,Sí,Sí,42,Dos años,No,Transferencia,Fibra óptica,Sí,Sí,No,74.54,2885.92,3,0
CU7895,Femenino,0,Sí,No,60,Mes a mes,No,Cheque electrónico,DSL,No,Sí,No,74.28,4453.06,3,1
CU7896,Masculino,0,Sí,Sí,66,Un año,Sí,Domiciliación bancaria,Fibra óptica,Sí,No,No,96.35,5987.61,1,0
CU7897,Femenino,1,No,No,16,Mes a mes,Sí,Transferencia,Sin internet,No,Sí,Sí,57.61,947.29,1,0
CU7898,Femenino,0,Sí,Sí,42,Un año,Sí,Tarjeta de crédito,DSL,No,Sí,Sí,32.7,1348.21,2,1
CU7899,Femenino,0,No,No,6,Mes a mes,Sí,Transferencia,Sin internet,No,No,Sí,38.44,225.11,0,1
CU7900,Masculino,0,No,Sí,55,Mes a mes,Sí,Cheque electrónico,Sin internet,No,No,No,75.17,4119.21,0,0
CU7901,Femenino,0,Sí,No,30,Mes a mes,No,Cheque electrónico,DSL,No,No,No,97.54,3000.01,1,1
CU7902,Femenino,0,No,No,26,Mes a mes,Sí,Transferencia,Fibra óptica,Sí,No,No,54.75,1375.4,0,0
CU7903,Femenino,1,No,No,61,Mes a mes,No,Domiciliación bancaria,Sin internet,No,No,No,73.2,4455.19,0,0
CU7904,Femenino,0,Sí,Sí,27,Mes a mes,No,Domiciliación bancaria,Fibra óptica,No,Sí,Sí,18.0,498.86,0,0
CU7905,Femenino,1,Sí,No,20,Mes a mes,Sí,Tarjeta de crédito,Fibra óptica,No,No,No,18.0,361.01,2,0
CU7906,Femenino,0,Sí,No,17,Mes a mes,Sí,Transferencia,Fibra óptica,No,No,No,78.33,1254.05,0,0
CU7907,Femenino,0,No,No,49,Un año,No,Transferencia,Sin internet,Sí,Sí,Sí,77.83,3616.31,0,1
CU7908,Femenino,0,Sí,Sí,7,Mes a mes,No,Transferencia,DSL,No,No,Sí,85.02,557.35,1,1
CU7909,Femenino,0,Sí,No,66,Mes a mes,No,Transferencia,DSL,Sí,No,No,18.0,1208.59,0,0
CU7910,Femenino,0,No,No,60,Mes a mes,Sí,Tarjeta de crédito,Fibra óptica,No,Sí,No,105.73,6007.54,4,0
CU7911,Femenino,0,No,No,7,Dos años,Sí,Domiciliación bancaria,Fibra óptica,Sí,No,No,49.31,328.07,1,1
CU7912,Femenino,0,No,Sí,53,Dos años,No,Domiciliación bancaria,Fibra óptica,No,Sí,No,48.03,2361.32,0,0
CU7913,Masculino,0,Sí,Sí,0,Dos años,No,Tarjeta de crédito,Fibra óptica,No,No,No,83.68,82.41,3,1
CU7914,Masculino,0,Sí,No,9,Mes a mes,Sí,Transferencia,DSL,Sí,No,No,67.3,604.67,1,0
CU7915,Femenino,0,Sí,Sí,45,Dos años,Sí,Domiciliación bancaria,Fibra óptica,No,No,No,112.4,4768.88,1,0
CU7916,Masculino,0,Sí,No,39,Mes a mes,Sí,Cheque electrónico,Sin internet,Sí,No,No,85.15,3275.53,1,1
CU7917,Masculino,0,No,No,60,Mes a mes,No,Domiciliación bancaria,DSL,Sí,Sí,No,108.18,6593.75,1,0
CU7918,Femenino,1,No,No,45,Dos años,Sí,Tarjeta de crédito,DSL,No,No,Sí,53.33,2397.41,0,0
CU7919,Masculino,0,Sí,No,4,Mes a mes,Sí,Transferencia,Fibra óptica,Sí,Sí,No,99.34,374.08,1,1
CU7920,Femenino,0,No,No,63,Un año,No,Domiciliación bancaria,Fibra óptica,Sí,No,Sí,18.0,1169.39,1,0
CU7921,Masculino,0,Sí,No,23,Dos años,No,Domiciliación bancaria,Fibra óptica,No,No,No,62.64,1399.99,1,1
CU7922,Masculino,0,Sí,No,10,Mes a mes,Sí,Tarjeta de crédito,DSL,No,Sí,Sí,27.36,284.35,0,1
CU7923,Femenino,0,Sí,No,29,Mes a mes,No,Transferencia,DSL,Sí,No,Sí,68.68,2056.14,1,0
CU7924,Femenino,0,No,No,8,Mes a mes,Sí,Cheque electrónico,Fibra óptica,Sí,No,Sí,70.16,563.08,1,1
CU7925,Femenino,0,No,No,18,Mes a mes,No,Domiciliación bancaria,Sin internet,Sí,No,No,91.8,1627.99,2,0
CU7926,Femenino,1,No,Sí,18,Un año,Sí,Cheque electrónico,Fibra óptica,Sí,No,Sí,72.17,1342.09,1,0
CU7927,Femenino,0,Sí,No,66,Mes a mes,Sí,Domiciliación bancaria,DSL,Sí,No,Sí,44.58,2933.81,5,0
CU7928,Femenino,0,Sí,Sí,17,Mes a mes,Sí,Tarjeta de crédito,Fibra óptica,No,No,No,52.23,880.47,2,1
CU7929,Masculino,0,No,No,41,Mes a mes,Sí,Transferencia,Fibra óptica,No,No,No,70.78,2807.39,3,1
CU7930,Masculino,0,No,No,10,Dos años,No,Cheque electrónico,Sin internet,No,Sí,No,47.01,481.04,1,0
CU7931,Femenino,0,No,No,9,Dos años,No,Domiciliación bancaria,DSL,No,Sí,No,98.45,914.95,1,0
CU7932,Femenino,0,Sí,No,64,Mes a mes,Sí,Tarjeta de crédito,Fibra óptica,No,No,No,54.62,3489.02,1,0
CU7933,Masculino,0,No,No,28,Un año,Sí,Tarjeta de crédito,Fibra óptica,Sí,Sí,No,93.8,2617.82,0,0
CU7934,Femenino,0,No,No,72,Dos años,Sí,Tarjeta de crédito,Sin internet,No,Sí,Sí,46.13,3369.5,2,0
CU7935,Femenino,1,Sí,No,16,Un año,No,Tarjeta de crédito,DSL,No,No,Sí,82.55,1328.77,2,1
CU7936,Femenino,0,No,No,47,Dos años,Sí,Transferencia,DSL,Sí,Sí,No,59.17,2792.42,5,1
CU7937,Femenino,0,Sí,No,1,Un año,No,Transferencia,Sin internet,No,No,Sí,97.69,94.77,2,1
CU7938,Femenino,1,No,No,55,Mes a mes,No,Cheque electrónico,Fibra óptica,No,No,Sí,118.63,6297.74,1,0
CU7939,Masculino,0,No,No,62,Un año,No,Tarjeta de crédito,Sin internet,Sí,Sí,No,70.86,4212.98,0,0
CU7940,Femenino,0,No,Sí,38,Un año,Sí,Transferencia,Sin internet,Sí,No,Sí,118.27,4516.89,0,0
CU7941,Femenino,0,Sí,Sí,51,Mes a mes,Sí,Domiciliación bancaria,Fibra óptica,Sí,No,No,60.75,3199.28,0,0
CU7942,Femenino,0,No,No,45,Mes a mes,Sí,Cheque electrónico,Sin internet,Sí,No,No,70.61,3030.43,1,0
CU7943,Femenino,0,No,Sí,36,Dos años,No,Transferencia,Sin internet,No,No,No,62.04,2243.71,1,0
CU7944,Femenino,0,No,No,62,Un año,No,Cheque electrónico,Fibra óptica,Sí,No,No,36.92,2258.79,1,0
CU7945,Masculino,0,Sí,Sí,56,Mes a mes,Sí,Transferencia,Sin internet,No,Sí,No,106.0,5879.14,1,0
CU7946,Femenino,0,No,No,64,Un año,No,Domiciliación bancaria,Fibra óptica,No,Sí,No,69.41,4237.47,0,0
CU7947,Masculino,0,Sí,No,17,Un año,Sí,Transferencia,DSL,No,Sí,No,53.26,937.85,1,0
CU7948,Masculino,0,No,Sí,23,Mes a mes,Sí,Tarjeta de crédito,DSL,No,No,No,45.0,961.26,1,0
CU7949,Masculino,0,Sí,No,7,Un año,Sí,Cheque electrónico,DSL,Sí,No,No,118.03,783.81,1,0
CU7950,Masculino,0,No,No,58,Dos años,No,Domiciliación bancaria,Sin internet,No,Sí,Sí,61.0,3635.14,0,0
CU7951,Femenino,1,No,No,28,Dos años,Sí,Tarjeta de crédito,DSL,No,No,No,60.71,1721.39,1,0
CU7952,Masculino,0,Sí,No,1,Mes a mes,Sí,Tarjeta de crédito,Sin internet,Sí,No,No,93.75,87.79,2,1
CU7953,Masculino,0,Sí,No,71,Mes a mes,Sí,Domiciliación bancaria,Fibra óptica,No,No,No,108.35,7367.97,4,0
CU7954,Femenino,0,No,No,8,Mes a mes,Sí,Tarjeta de crédito,DSL,Sí,No,Sí,50.6,373.62,2,0
CU7955,Femenino,0,Sí,Sí,68,Un año,No,Transferencia,Fibra óptica,No,Sí,No,82.51,5422.74,1,0
CU7956,Masculino,0,Sí,No,21,Mes a mes,Sí,Domiciliación bancaria,Fibra óptica,No,No,No,82.46,1755.53,2,1
CU7957,Masculino,0,Sí,No,45,Un año,Sí,Tarjeta de crédito,Sin internet,Sí,No,No,60.11,2667.3,0,0
CU7958,Femenino,0,Sí,No,36,Un año,No,Cheque electrónico,DSL,Sí,No,No,54.29,1956.49,0,0
CU7959,Masculino,0,Sí,Sí,35,Mes a mes,No,Transferencia,Fibra óptica,No,No,No,47.98,1715.41,0,0
CU7960,Masculino,0,Sí,No,16,Dos años,Sí,Tarjeta de crédito,DSL,Sí,Sí,No,94.12,1563.08,2,0
CU7961,Masculino,0,No,No,32,Mes a mes,No,Cheque electrónico,DSL,No,No,No,72.08,2191.72,0,1
CU7962,Femenino,0,Sí,Sí,63,Dos años,Sí,Domiciliación bancaria,Sin internet,No,No,No,67.23,4389.55,2,0
CU7963,Masculino,0,No,Sí,23,Mes a mes,Sí,Tarjeta de crédito,Fibra óptica,Sí,No,No,45.02,1085.85,3,1
CU7964,Masculino,0,Sí,No,39,Mes a mes,Sí,Tarjeta de crédito,Fibra óptica,Sí,No,Sí,94.15,3818.87,1,0
CU7965,Femenino,0,No,Sí,65,Mes a mes,No,Cheque electrónico,DSL,No,No,No,73.89,4732.93,1,0
CU7966,Masculino,0,Sí,Sí,30,Dos años,Sí,Transferencia,Fibra óptica,No,Sí,Sí,40.68,1205.16,3,0
CU7967,Femenino,0,No,No,72,Mes a mes,No,Transferencia,DSL,Sí,Sí,Sí,55.3,3803.76,2,0
CU7968,Femenino,0,No,No,57,Mes a mes,No,Cheque electrónico,Fibra óptica,No,Sí,No,86.32,5124.17,1,0
CU7969,Femenino,1,Sí,No,44,Mes a mes,No,Domiciliación bancaria,DSL,Sí,No,No,18.0,809.42,2,1
CU7970,Femenino,1,No,No,51,Mes a mes,Sí,Transferencia,Fibra óptica,Sí,No,Sí,64.02,3275.49,1,0
CU7971,Masculino,1,Sí,No,55,Un año,Sí,Transferencia,Fibra óptica,No,No,Sí,88.41,4508.08,1,0
CU7972,Masculino,0,Sí,No,55,Mes a mes,No,Tarjeta de crédito,Sin internet,No,Sí,Sí,71.95,4133.74,0,0
CU7973,Femenino,0,No,No,19,Mes a mes,No,Domiciliación bancaria,Fibra óptica,No,No,No,85.68,1621.68,2,1
CU7974,Femenino,1,No,Sí,23,Un año,Sí,Cheque electrónico,Fibra óptica,Sí,Sí,Sí,18.0,431.83,4,0
CU7975,Femenino,1,Sí,No,68,Dos años,Sí,Tarjeta de crédito,DSL,No,No,No,28.59,2001.44,1,0
CU7976,Masculino,0,No,No,22,Mes a mes,Sí,Cheque electrónico,Fibra óptica,Sí,No,Sí,90.1,1897.92,1,0
CU7977,Femenino,0,Sí,No,52,Mes a mes,No,Domiciliación bancaria,DSL,No,Sí,No,76.3,4081.31,1,0
CU7978,Femenino,0,Sí,Sí,21,Mes a mes,No,Domiciliación bancaria,DSL,No,No,No,57.57,1132.73,1,1
CU7979,Femenino,0,No,Sí,25,Dos años,No,Transferencia,Sin internet,No,No,Sí,72.77,1849.01,2,0
CU7980,Masculino,0,No,No,57,Mes a mes,Sí,Domiciliación bancaria,Fibra óptica,No,Sí,Sí,81.91,4643.47,0,0
CU7981,Masculino,0,Sí,No,46,Mes a mes,Sí,Domiciliación bancaria,Sin internet,No,Sí,No,51.41,2444.36,1,1
CU7982,Femenino,0,Sí,No,27,Mes a mes,No,Cheque electrónico,DSL,Sí,No,Sí,45.61,1205.59,1,1
CU7983,Masculino,0,No,No,45,Mes a mes,Sí,Transferencia,Sin internet,No,No,Sí,27.67,1177.94,3,0
CU7984,Masculino,0,No,No,8,Mes a mes,Sí,Domiciliación bancaria,Fibra óptica,No,No,Sí,105.75,818.38,1,1
CU7985,Masculino,0,No,No,21,Mes a mes,Sí,Tarjeta de crédito,Fibra óptica,No,No,No,67.06,1297.83,0,1
CU7986,Femenino,0,No,No,36,Un año,Sí,Cheque electrónico,Sin internet,No,No,Sí,107.63,3863.09,0,0
CU7987,Femenino,0,Sí,Sí,61,Mes a mes,No,Domiciliación bancaria,Fibra óptica,No,No,Sí,27.5,1543.96,2,0
CU7988,Femenino,0,No,Sí,15,Mes a mes,No,Transferencia,DSL,Sí,No,No,68.65,1044.38,2,1
CU7989,Masculino,0,No,No,30,Un año,Sí,Transferencia,Fibra óptica,Sí,Sí,No,31.69,875.39,0,0
CU7990,Femenino,0,No,Sí,42,Un año,No,Domiciliación bancaria,Fibra óptica,No,Sí,No,114.25,4485.51,1,0
CU7991,Femenino,0,No,No,18,Dos años,No,Tarjeta de crédito,Fibra óptica,No,No,No,130.0,2327.31,0,0
CU7992,Femenino,0,No,No,38,Un año,Sí,Transferencia,Sin internet,No,No,Sí,100.11,3736.07,1,0
CU7993,Femenino,1,No,Sí,51,Dos años,No,Cheque electrónico,DSL,No,No,Sí,33.67,1739.98,2,0
CU7994,Femenino,0,Sí,No,19,Mes a mes,Sí,Tarjeta de crédito,DSL,No,Sí,No,32.62,579.28,0,0
CU7995,Femenino,0,No,Sí,16,Mes a mes,Sí,Tarjeta de crédito,Fibra óptica,No,No,Sí,62.29,968.3,0,0
CU7996,Femenino,0,Sí,Sí,67,Mes a mes,Sí,Transferencia,Sin internet,No,No,No,68.9,4718.24,1,0
CU7997,Femenino,0,No,Sí,51,Un año,Sí,Tarjeta de crédito,Sin internet,No,No,Sí,79.55,3804.46,2,0
CU7998,Femenino,0,No,Sí,32,Mes a mes,Sí,Cheque electrónico,Fibra óptica,Sí,No,Sí,78.29,2611.04,0,0
CU7999,Femenino,1,Sí,No,23,Mes a mes,Sí,Cheque electrónico,DSL,Sí,No,No,65.49,1577.78,0,1
CU8000,Masculino,0,Sí,No,38,Mes a mes,No,Cheque electrónico,Sin internet,No,Sí,No,58.63,2081.29,1,0
CU8001,Masculino,0,Sí,No,61,Un año,Sí,Domiciliación bancaria,Sin internet,No,Sí,No,42.01,2428.48,1,0
CU8002,Masculino,0,No,No,52,Un año,Sí,Transferencia,DSL,No,Sí,Sí,83.98,4302.59,0,0
CU8003,Femenino,0,Sí,No,37,Un año,Sí,Transferencia,DSL,No,No,No,18.0,655.09,2,0
CU8004,Masculino,0,Sí,No,46,Un año,Sí,Transferencia,Fibra óptica,No,Sí,Sí,67.79,3081.93,1,0
CU8005,Femenino,0,No,No,10,Mes a mes,Sí,Cheque electrónico,DSL,No,Sí,No,71.37,744.57,2,1
CU8006,Masculino,0,No,No,2,Un año,No,Transferencia,Sin internet,No,No,No,58.8,111.25,2,1
CU8007,Femenino,0,No,No,52,Un año,Sí,Transferencia,Fibra óptica,Sí,No,Sí,87.8,4412.95,1,0
CU8008,Femenino,0,No,No,35,Mes a mes,Sí,Transferencia,Fibra óptica,No,Sí,No,92.58,3077.86,1,1
CU8009,Masculino,0,Sí,No,65,Mes a mes,Sí,Cheque electrónico,Sin internet,Sí,Sí,Sí,70.72,4604.04,0,0
CU8010,Femenino,0,No,No,65,Mes a mes,No,Cheque electrónico,Sin internet,No,Sí,Sí,129.78,8579.98,2,0
CU8011,Femenino,0,No,No,71,Mes a mes,No,Cheque electrónico,Fibra óptica,No,No,Sí,45.52,3063.71,2,0
CU8012,Femenino,1,Sí,Sí,64,Mes a mes,Sí,Cheque electrónico,Fibra óptica,Sí,No,No,52.03,3393.91,0,0
CU8013,Masculino,0,No,No,43,Dos años,No,Transferencia,Fibra óptica,Sí,No,No,53.37,2322.74,1,0
CU8014,Femenino,1,Sí,No,9,Mes a mes,No,Transferencia,Sin internet,No,Sí,No,96.61,830.04,4,1
CU8015,Masculino,0,Sí,No,47,Mes a mes,No,Domiciliación bancaria,Fibra óptica,Sí,Sí,No,75.18,3278.61,1,0
CU8016,Femenino,0,No,Sí,21,Dos años,Sí,Transferencia,Fibra óptica,No,No,Sí,18.0,381.76,0,0
CU8017,Femenino,0,No,Sí,62,Mes a mes,Sí,Transferencia,Sin internet,Sí,No,Sí,55.78,3475.38,3,0
CU8018,Masculino,1,Sí,No,20,Mes a mes,No,Cheque electrónico,Fibra óptica,No,No,Sí,48.22,995.02,2,0
CU8019,Femenino,0,No,Sí,64,Mes a mes,Sí,Cheque electrónico,DSL,No,No,Sí,112.4,7059.71,1,1
CU8020,Masculino,0,No,No,66,Mes a mes,No,Tarjeta de crédito,Fibra óptica,No,No,No,42.36,2742.31,1,0
CU8021,Masculino,0,Sí,No,34,Mes a mes,No,Transferencia,DSL,Sí,No,Sí,64.54,2169.98,2,0
CU8022,Masculino,0,No,No,70,Dos años,Sí,Cheque electrónico,DSL,Sí,No,Sí,20.92,1509.06,3,0
CU8023,Femenino,0,No,Sí,28,Un año,Sí,Transferencia,Fibra óptica,No,No,No,69.41,1889.15,4,0
CU8024,Masculino,0,Sí,No,32,Un año,Sí,Transferencia,Fibra óptica,No,No,Sí,117.7,3514.56,0,0
CU8025,Masculino,0,No,No,66,Mes a mes,No,Tarjeta de crédito,Fibra óptica,No,No,Sí,41.68,2598.5,1,0
CU8026,Masculino,0,No,Sí,50,Mes a mes,No,Tarjeta de crédito,Fibra óptica,No,No,No,91.09,4254.33,0,0
CU8027,Femenino,0,No,No,13,Un año,No,Transferencia,Fibra óptica,No,Sí,Sí,59.23,714.61,2,0
CU8028,Masculino,0,No,No,12,Mes a mes,No,Domiciliación bancaria,Sin internet,No,Sí,Sí,64.45,726.92,1,0
CU8029,Femenino,0,Sí,Sí,37,Mes a mes,No,Domiciliación bancaria,Fibra óptica,No,Sí,No,82.37,2977.72,2,0
CU8030,Masculino,0,Sí,Sí,48,Mes a mes,No,Cheque electrónico,Sin internet,No,No,No,29.82,1466.17,0,0
CU8031,Masculino,0,No,No,41,Mes a mes,Sí,Domiciliación bancaria,Sin internet,Sí,No,No,43.53,1769.17,1,0
CU8032,Masculino,0,Sí,No,3,Un año,Sí,Tarjeta de crédito,Fibra óptica,No,No,Sí,39.64,116.88,1,0
CU8033,Masculino,1,No,No,11,Mes a mes,Sí,Cheque electrónico,Fibra óptica,No,Sí,No,112.34,1143.59,1,1
CU8034,Masculino,0,Sí,No,5,Mes a mes,Sí,Tarjeta de crédito,Sin internet,Sí,Sí,Sí,94.52,459.74,0,0
CU8035,Femenino,0,Sí,No,57,Un año,Sí,Cheque electrónico,DSL,No,Sí,No,92.66,5172.98,3,0
CU8036,Femenino,0,No,Sí,28,Dos años,No,Transferencia,Fibra óptica,No,Sí,No,93.29,2610.91,0,0
CU8037,Femenino,0,Sí,No,27,Mes a mes,Sí,Transferencia,Fibra óptica,Sí,No,Sí,87.65,2404.44,0,0
CU8038,Masculino,0,No,Sí,62,Mes a mes,Sí,Domiciliación bancaria,Sin internet,Sí,No,No,19.56,1208.1,4,0
CU8039,Masculino,0,Sí,No,70,Un año,No,Cheque electrónico,DSL,No,No,Sí,48.3,3406.23,1,0
CU8040,Masculino,0,Sí,No,0,Mes a mes,Sí,Domiciliación bancaria,Fibra óptica,Sí,No,No,58.92,54.38,1,1
CU8041,Masculino,0,Sí,No,64,Mes a mes,No,Cheque electrónico,Fibra óptica,No,No,Sí,68.7,4182.17,0,0
CU8042,Femenino,0,Sí,No,24,Mes a mes,Sí,Domiciliación bancaria,DSL,No,No,No,36.52,841.64,0,1
CU8043,Femenino,0,No,No,55,Un año,Sí,Cheque electrónico,Sin internet,Sí,No,No,26.21,1458.14,1,0
CU8044,Masculino,0,Sí,Sí,46,Un año,No,Domiciliación bancaria,DSL,Sí,Sí,Sí,35.51,1566.43,1,0
CU8045,Femenino,0,Sí,No,10,Mes a mes,Sí,Domiciliación bancaria,Fibra óptica,No,Sí,No,43.76,431.0,3,1
CU8046,Masculino,1,Sí,No,22,Dos años,Sí,Cheque electrónico,Fibra óptica,No,Sí,No,54.7,1218.06,1,0
CU8047,Masculino,0,No,Sí,28,Mes a mes,Sí,Tarjeta de crédito,DSL,Sí,No,No,76.93,2093.9,3,0
CU8048,Femenino,0,No,Sí,0,Mes a mes,No,Domiciliación bancaria,Fibra óptica,Sí,No,No,60.69,59.21,0,1
CU8049,Femenino,0,No,No,27,Mes a mes,Sí,Cheque electrónico,Fibra óptica,No,No,Sí,99.12,2643.08,1,0
CU8050,Femenino,0,Sí,No,38,Un año,Sí,Transferencia,Fibra óptica,No,Sí,No,82.39,3097.62,1,0
CU8051,Masculino,0,No,No,44,Mes a mes,Sí,Transferencia,DSL,No,No,Sí,56.29,2407.53,4,0
CU8052,Masculino,1,No,No,8,Dos años,No,Transferencia,DSL,No,Sí,No,77.58,650.01,0,0
CU8053,Femenino,0,Sí,Sí,52,Dos años,Sí,Transferencia,Sin internet,No,Sí,No,62.1,3187.11,1,0
CU8054,Femenino,0,No,No,23,Mes a mes,Sí,Tarjeta de crédito,Fibra óptica,Sí,No,Sí,48.5,1139.83,1,0
CU8055,Femenino,0,Sí,No,37,Mes a mes,No,Domiciliación bancaria,Sin internet,Sí,No,Sí,66.64,2409.7,1,0
CU8056,Masculino,0,No,No,65,Mes a mes,Sí,Domiciliación bancaria,DSL,Sí,No,No,76.62,4703.44,2,0
CU8057,Masculino,0,No,Sí,36,Mes a mes,Sí,Domiciliación bancaria,Sin internet,No,Sí,No,93.1,3216.55,1,1
CU8058,Femenino,0,Sí,No,43,Mes a mes,No,Cheque electrónico,Fibra óptica,Sí,Sí,No,126.75,5281.81,1,0
CU8059,Masculino,0,No,No,65,Mes a mes,Sí,Tarjeta de crédito,Fibra óptica,No,Sí,No,100.65,6680.52,0,0
CU8060,Femenino,1,No,No,53,Dos años,No,Domiciliación bancaria,Fibra óptica,No,No,No,37.06,2039.88,0,0
CU8061,Masculino,0,No,No,27,Un año,Sí,Transferencia,Fibra óptica,No,Sí,No,20.32,533.35,1,0
CU8062,Femenino,0,No,No,11,Un año,No,Cheque electrónico,Fibra óptica,No,Sí,No,101.22,1073.77,1,0
CU8063,Masculino,0,No,No,31,Un año,No,Tarjeta de crédito,Fibra óptica,No,No,Sí,61.52,1755.61,1,1
CU8064,Femenino,0,No,Sí,54,Mes a mes,No,Transferencia,DSL,Sí,No,No,45.28,2531.99,2,0
CU8065,Femenino,0,Sí,No,30,Mes a mes,No,Transferencia,DSL,Sí,Sí,Sí,110.68,3227.1,0,0
CU8066,Femenino,0,No,No,12,Mes a mes,Sí,Tarjeta de crédito,Fibra óptica,No,Sí,Sí,59.74,717.63,0,0
CU8067,Masculino,1,Sí,No,3,Mes a mes,Sí,Transferencia,Sin internet,Sí,No,No,61.9,184.98,2,0
CU8068,Femenino,1,No,Sí,63,Mes a mes,Sí,Tarjeta de crédito,Fibra óptica,No,Sí,No,47.11,2831.33,3,0
CU8069,Masculino,0,No,Sí,16,Un año,Sí,Cheque electrónico,DSL,No,Sí,Sí,18.0,293.31,1,0
CU8070,Femenino,0,No,No,50,Dos años,No,Transferencia,Fibra óptica,No,Sí,Sí,39.17,2016.68,1,0
CU8071,Femenino,0,No,No,61,Un año,No,Cheque electrónico,Fibra óptica,No,Sí,Sí,47.19,2863.41,0,0
CU8072,Femenino,0,No,Sí,48,Mes a mes,Sí,Domiciliación bancaria,DSL,Sí,Sí,No,19.08,920.75,1,0
CU8073,Masculino,0,No,No,3,Un año,Sí,Tarjeta de crédito,Fibra óptica,No,Sí,Sí,67.23,211.25,1,1
CU8074,Femenino,0,Sí,No,16,Mes a mes,Sí,Transferencia,Fibra óptica,Sí,Sí,No,72.47,1190.93,1,1
CU8075,Femenino,0,No,Sí,7,Dos años,Sí,Transferencia,Sin internet,Sí,Sí,Sí,90.47,586.75,2,1
CU8076,Masculino,0,No,No,31,Un año,Sí,Transferencia,DSL,No,No,Sí,43.81,1334.5,3,0
CU8077,Masculino,0,No,Sí,62,Mes a mes,Sí,Tarjeta de crédito,Sin internet,No,No,No,18.0,1097.64,1,0
CU8078,Masculino,0,Sí,Sí,2,Mes a mes,No,Tarjeta de crédito,Sin internet,Sí,Sí,Sí,55.83,116.85,1,0
CU8079,Masculino,0,Sí,Sí,31,Un año,No,Tarjeta de crédito,Fibra óptica,No,Sí,Sí,29.97,964.87,0,0
CU8080,Femenino,1,No,No,25,Dos años,No,Cheque electrónico,DSL,No,No,No,64.26,1667.61,2,1
CU8081,Femenino,0,Sí,No,42,Mes a mes,Sí,Cheque electrónico,DSL,Sí,Sí,Sí,89.29,3666.51,1,0
CU8082,Masculino,0,No,No,1,Un año,No,Transferencia,DSL,Sí,No,No,50.15,47.38,1,0
CU8083,Masculino,1,No,No,45,Un año,Sí,Domiciliación bancaria,Sin internet,No,Sí,Sí,62.99,2811.32,0,0
CU8084,Femenino,0,Sí,Sí,0,Mes a mes,Sí,Tarjeta de crédito,Fibra óptica,No,No,Sí,18.0,16.7,1,0
CU8085,Femenino,0,No,No,30,Mes a mes,Sí,Tarjeta de crédito,DSL,No,Sí,No,54.11,1585.62,1,1
CU8086,Femenino,0,Sí,No,13,Mes a mes,Sí,Transferencia,Fibra óptica,No,Sí,No,109.92,1408.63,3,1
CU8087,Masculino,0,No,Sí,25,Mes a mes,Sí,Transferencia,Fibra óptica,Sí,Sí,Sí,80.62,1953.28,2,1
CU8088,Femenino,0,Sí,No,49,Mes a mes,No,Tarjeta de crédito,Fibra óptica,Sí,Sí,Sí,43.12,2077.38,0,0
CU8089,Femenino,0,Sí,No,62,Mes a mes,Sí,Domiciliación bancaria,Sin internet,No,Sí,No,33.57,2120.03,0,0
CU8090,Femenino,0,No,No,17,Mes a mes,No,Cheque electrónico,DSL,Sí,No,No,64.29,1086.47,1,0
CU8091,Femenino,0,Sí,No,27,Mes a mes,Sí,Transferencia,DSL,No,Sí,No,79.25,2150.57,3,0
CU8092,Femenino,0,Sí,No,65,Un año,No,Domiciliación bancaria,Sin internet,No,Sí,Sí,43.51,2673.94,3,0
CU8093,Masculino,1,Sí,Sí,71,Mes a mes,Sí,Cheque electrónico,Fibra óptica,No,Sí,No,59.57,4133.7,0,0
CU8094,Femenino,0,No,No,40,Mes a mes,Sí,Domiciliación bancaria,DSL,Sí,No,Sí,18.0,720.34,1,0
CU8095,Masculino,0,Sí,No,37,Mes a mes,No,Tarjeta de crédito,DSL,No,Sí,No,87.76,3241.66,1,0
CU8096,Femenino,0,No,No,32,Un año,No,Cheque electrónico,DSL,No,No,Sí,41.02,1320.25,3,0
CU8097,Femenino,0,Sí,Sí,68,Dos años,Sí,Transferencia,DSL,No,No,No,82.75,5483.92,2,0
CU8098,Masculino,0,Sí,No,30,Un año,Sí,Transferencia,Fibra óptica,No,Sí,No,74.76,2149.03,1,0
CU8099,Masculino,1,No,No,28,Un año,No,Cheque electrónico,Sin internet,No,No,Sí,77.94,2141.6,1,0
CU8100,Masculino,0,No,No,32,Mes a mes,Sí,Cheque electrónico,DSL,No,Sí,Sí,57.76,1748.09,0,0
CU8101,Femenino,0,Sí,No,62,Mes a mes,No,Tarjeta de crédito,DSL,Sí,Sí,Sí,111.06,7149.5,1,0
CU8102,Femenino,0,Sí,Sí,15,Un año,Sí,Tarjeta de crédito,Fibra óptica,No,Sí,No,46.78,677.6,0,0
CU8103,Femenino,0,Sí,No,0,Mes a mes,Sí,Transferencia,Fibra óptica,No,No,No,111.49,113.96,1,1
CU8104,Femenino,0,Sí,No,30,Dos años,No,Tarjeta de crédito,DSL,No,Sí,Sí,72.1,2043.77,0,0
CU8105,Masculino,0,Sí,Sí,36,Mes a mes,Sí,Domiciliación bancaria,DSL,Sí,No,No,68.46,2442.46,0,1
CU8106,Masculino,1,No,No,1,Mes a mes,Sí,Domiciliación bancaria,Fibra óptica,Sí,No,No,58.54,54.75,2,1
CU8107,Masculino,0,No,No,40,Dos años,Sí,Domiciliación bancaria,Fibra óptica,No,No,Sí,68.14,2649.7,0,0
CU8108,Masculino,0,No,Sí,30,Dos años,No,Domiciliación bancaria,Sin internet,Sí,No,Sí,65.27,1869.71,2,0
CU8109,Masculino,0,Sí,Sí,46,Mes a mes,Sí,Cheque electrónico,DSL,No,Sí,No,113.8,5078.93,2,1
CU8110,Masculino,0,Sí,No,27,Mes a mes,Sí,Transferencia,DSL,Sí,No,No,31.0,843.98,3,0
CU8111,Femenino,0,No,No,1,Un año,No,Transferencia,Fibra óptica,No,Sí,No,59.56,56.4,1,0
CU8112,Femenino,1,No,Sí,3,Un año,Sí,Tarjeta de crédito,Fibra óptica,No,Sí,No,38.5,120.98,2,1
CU8113,Femenino,0,Sí,Sí,42,Dos años,Sí,Tarjeta de crédito,DSL,No,No,Sí,48.89,2000.68,0,0
CU8114,Femenino,0,Sí,No,44,Un año,No,Tarjeta de crédito,Fibra óptica,Sí,Sí,No,65.49,2723.09,1,0
CU8115,Femenino,0,No,No,17,Un año,Sí,Cheque electrónico,DSL,No,Sí,No,107.13,1677.49,2,1
CU8116,Femenino,0,No,No,57,Un año,No,Cheque electrónico,Fibra óptica,Sí,No,No,78.51,4409.85,1,0
CU8117,Masculino,0,Sí,No,32,Dos años,No,Cheque electrónico,DSL,Sí,No,No,38.22,1205.31,5,0
CU8118,Masculino,0,Sí,No,13,Mes a mes,No,Domiciliación bancaria,DSL,No,Sí,No,56.78,704.27,0,0
CU8119,Femenino,0,Sí,Sí,31,Mes a mes,No,Transferencia,DSL,Sí,No,Sí,97.27,2952.69,1,0
CU8120,Masculino,1,No,Sí,33,Un año,No,Domiciliación bancaria,Sin internet,Sí,No,Sí,48.63,1662.0,0,0
CU8121,Masculino,0,No,No,7,Mes a mes,Sí,Domiciliación bancaria,Fibra óptica,No,Sí,Sí,68.79,451.4,2,1
CU8122,Masculino,1,No,No,66,Dos años,Sí,Cheque electrónico,Fibra óptica,No,No,Sí,76.45,5129.84,2,0
CU8123,Femenino,0,No,No,27,Mes a mes,Sí,Domiciliación bancaria,Fibra óptica,No,No,Sí,58.86,1660.89,1,0
CU8124,Masculino,0,Sí,No,65,Mes a mes,No,Transferencia,DSL,No,No,No,39.44,2661.63,1,0
CU8125,Masculino,0,Sí,No,20,Un año,Sí,Transferencia,Fibra óptica,Sí,No,No,72.04,1492.39,0,1
CU8126,Masculino,0,No,Sí,18,Dos años,No,Cheque electrónico,DSL,Sí,No,No,129.54,2280.35,2,0
CU8127,Masculino,0,No,Sí,13,Mes a mes,Sí,Domiciliación bancaria,Fibra óptica,No,No,No,51.95,648.88,0,0
CU8128,Femenino,1,Sí,No,16,Mes a mes,Sí,Domiciliación bancaria,Fibra óptica,Sí,No,No,50.01,789.2,1,0
CU8129,Femenino,0,Sí,No,49,Mes a mes,No,Cheque electrónico,DSL,No,No,No,85.76,4204.62,0,0
CU8130,Masculino,0,Sí,No,15,Mes a mes,Sí,Tarjeta de crédito,DSL,No,Sí,No,130.0,1877.62,1,1
CU8131,Masculino,1,Sí,No,5,Un año,Sí,Domiciliación bancaria,Fibra óptica,No,Sí,Sí,41.2,200.71,1,0
CU8132,Masculino,0,No,No,43,Mes a mes,Sí,Tarjeta de crédito,Fibra óptica,No,Sí,Sí,31.9,1418.59,2,0
CU8133,Masculino,0,Sí,Sí,51,Dos años,No,Domiciliación bancaria,Sin internet,No,No,No,87.3,4238.53,2,0
CU8134,Femenino,0,No,No,61,Mes a mes,No,Cheque electrónico,DSL,No,Sí,No,87.94,5600.31,1,1
CU8135,Masculino,0,No,No,36,Mes a mes,Sí,Domiciliación bancaria,Fibra óptica,No,No,Sí,37.67,1282.69,3,0
CU8136,Masculino,1,Sí,No,17,Mes a mes,Sí,Domiciliación bancaria,Sin internet,Sí,No,No,56.68,912.27,1,0
CU8137,Masculino,0,Sí,No,65,Mes a mes,Sí,Transferencia,Sin internet,Sí,Sí,Sí,32.57,2142.71,1,0
CU8138,Masculino,0,Sí,No,46,Dos años,Sí,Tarjeta de crédito,DSL,Sí,No,No,54.73,2418.11,1,0
CU8139,Femenino,0,Sí,No,70,Un año,Sí,Cheque electrónico,Fibra óptica,No,No,No,56.92,3864.21,1,0
CU8140,Masculino,0,Sí,No,51,Dos años,Sí,Transferencia,Sin internet,No,Sí,No,91.64,4397.57,0,0
CU8141,Masculino,0,No,No,26,Mes a mes,Sí,Transferencia,Fibra óptica,No,No,No,99.28,2486.02,1,1
CU8142,Femenino,0,Sí,Sí,9,Mes a mes,No,Cheque electrónico,DSL,Sí,Sí,No,62.31,541.75,0,0
CU8143,Masculino,0,No,No,46,Dos años,No,Tarjeta de crédito,DSL,Sí,Sí,Sí,107.07,5015.22,1,0
CU8144,Femenino,0,No,No,6,Un año,Sí,Tarjeta de crédito,DSL,No,Sí,No,91.86,519.66,0,0
CU8145,Masculino,0,Sí,No,60,Mes a mes,Sí,Cheque electrónico,Fibra óptica,Sí,Sí,Sí,28.05,1622.13,0,0
CU8146,Femenino,0,No,Sí,6,Mes a mes,Sí,Domiciliación bancaria,Fibra óptica,Sí,Sí,No,96.71,571.59,1,1
CU8147,Femenino,1,No,No,19,Mes a mes,Sí,Domiciliación bancaria,Fibra óptica,No,No,Sí,87.65,1680.17,2,1
CU8148,Femenino,0,Sí,No,32,Mes a mes,No,Domiciliación bancaria,DSL,No,No,Sí,118.81,3737.23,0,0
CU8149,Masculino,0,No,Sí,68,Mes a mes,Sí,Tarjeta de crédito,Fibra óptica,Sí,Sí,Sí,72.47,4861.77,1,0
CU8150,Masculino,0,Sí,Sí,18,Mes a mes,No,Domiciliación bancaria,DSL,Sí,Sí,Sí,114.65,1957.17,1,1
CU8151,Masculino,1,No,Sí,26,Mes a mes,Sí,Tarjeta de crédito,Fibra óptica,No,Sí,No,18.0,462.75,1,0
CU8152,Femenino,0,No,No,26,Mes a mes,Sí,Transferencia,DSL,No,No,No,52.59,1382.62,1,0
CU8153,Masculino,0,Sí,Sí,9,Un año,No,Cheque electrónico,Fibra óptica,Sí,Sí,No,18.0,154.45,0,0
CU8154,Femenino,0,Sí,No,71,Dos años,Sí,Cheque electrónico,Fibra óptica,No,No,Sí,56.37,4124.13,0,0
CU8155,Masculino,0,Sí,Sí,34,Mes a mes,Sí,Domiciliación bancaria,Fibra óptica,Sí,Sí,Sí,69.65,2324.49,1,1
CU8156,Femenino,0,Sí,No,23,Dos años,No,Tarjeta de crédito,DSL,Sí,No,No,64.29,1366.25,1,0
CU8157,Femenino,0,Sí,Sí,53,Mes a mes,Sí,Tarjeta de crédito,DSL,No,No,No,91.07,5040.42,4,1
CU8158,Femenino,0,No,No,24,Mes a mes,Sí,Transferencia,Fibra óptica,No,No,No,130.0,2914.08,0,0
CU8159,Masculino,0,Sí,Sí,72,Mes a mes,No,Domiciliación bancaria,DSL,No,No,Sí,54.95,3890.32,1,0
CU8160,Femenino,0,Sí,No,54,Mes a mes,Sí,Domiciliación bancaria,Sin internet,Sí,No,No,100.62,5632.2,3,1
CU8161,Femenino,0,Sí,No,8,Dos años,No,Cheque electrónico,Fibra óptica,No,No,No,84.9,706.57,1,0
CU8162,Masculino,1,No,Sí,68,Mes a mes,Sí,Cheque electrónico,DSL,No,No,No,75.44,5291.5,2,0
CU8163,Femenino,0,No,No,16,Mes a mes,Sí,Tarjeta de crédito,Fibra óptica,Sí,No,No,88.98,1375.58,0,0
CU8164,Femenino,0,Sí,Sí,47,Dos años,Sí,Cheque electrónico,Sin internet,Sí,Sí,No,55.45,2466.41,1,0
CU8165,Masculino,1,Sí,No,3,Dos años,Sí,Transferencia,Fibra óptica,No,No,No,94.59,290.08,1,0
CU8166,Masculino,0,Sí,No,56,Mes a mes,No,Cheque electrónico,Sin internet,No,No,Sí,24.61,1411.88,2,0
CU8167,Masculino,0,No,Sí,62,Mes a mes,No,Domiciliación bancaria,Fibra óptica,No,No,Sí,69.45,4494.99,1,0
CU8168,Femenino,0,Sí,No,16,Mes a mes,Sí,Cheque electrónico,Sin internet,No,No,No,56.44,877.25,1,0
CU8169,Femenino,0,Sí,Sí,17,Un año,Sí,Domiciliación bancaria,Sin internet,Sí,No,Sí,130.0,2132.17,0,1
CU8170,Femenino,0,No,No,13,Mes a mes,No,Tarjeta de crédito,Fibra óptica,No,Sí,No,34.86,475.47,2,0
CU8171,Masculino,0,Sí,No,9,Mes a mes,No,Transferencia,DSL,Sí,No,No,78.83,696.82,0,1
CU8172,Femenino,0,Sí,No,72,Dos años,Sí,Tarjeta de crédito,Fibra óptica,No,No,No,100.42,7458.66,1,0
CU8173,Masculino,1,Sí,No,40,Dos años,Sí,Domiciliación bancaria,Fibra óptica,No,No,No,49.32,1944.41,1,0
CU8174,Masculino,0,No,Sí,70,Mes a mes,Sí,Transferencia,DSL,Sí,Sí,No,66.09,4764.3,1,0
CU8175,Masculino,0,No,No,6,Dos años,Sí,Domiciliación bancaria,DSL,No,Sí,No,50.81,284.06,2,0
CU8176,Masculino,0,Sí,No,25,Mes a mes,Sí,Domiciliación bancaria,Fibra óptica,No,Sí,No,52.88,1234.75,1,0
CU8177,Masculino,1,No,No,55,Mes a mes,Sí,Tarjeta de crédito,Sin internet,No,No,No,112.31,5946.21,1,0
CU8178,Femenino,1,Sí,No,58,Mes a mes,Sí,Transferencia,DSL,No,No,Sí,18.0,1062.93,1,0
CU8179,Femenino,0,No,Sí,45,Mes a mes,Sí,Transferencia,DSL,Sí,No,No,72.78,3203.42,0,0
CU8180,Masculino,0,No,No,20,Un año,No,Tarjeta de crédito,DSL,No,No,Sí,18.0,341.61,0,0
CU8181,Masculino,0,Sí,Sí,13,Un año,No,Transferencia,Fibra óptica,No,No,No,91.75,1142.4,0,1
CU8182,Femenino,1,Sí,Sí,3,Un año,No,Domiciliación bancaria,Fibra óptica,No,Sí,No,54.32,157.35,0,1
CU8183,Masculino,0,No,Sí,64,Un año,No,Domiciliación bancaria,DSL,No,No,Sí,18.0,1142.79,1,0
CU8184,Masculino,0,Sí,Sí,50,Mes a mes,Sí,Domiciliación bancaria,Sin internet,No,Sí,Sí,60.96,3144.41,1,0
CU8185,Masculino,0,No,Sí,46,Dos años,Sí,Cheque electrónico,Sin internet,No,Sí,Sí,31.28,1388.21,0,0
CU8186,Masculino,0,Sí,Sí,39,Un año,Sí,Transferencia,Fibra óptica,No,Sí,Sí,92.9,3620.2,2,0
CU8187,Femenino,0,No,Sí,40,Dos años,No,Domiciliación bancaria,DSL,No,Sí,Sí,94.23,3742.12,3,0
CU8188,Femenino,1,Sí,Sí,3,Un año,Sí,Tarjeta de crédito,Fibra óptica,No,No,Sí,33.11,104.25,0,0
CU8189,Masculino,1,No,No,17,Mes a mes,No,Transferencia,Fibra óptica,No,No,No,80.37,1405.21,1,1
CU8190,Femenino,0,No,No,30,Un año,No,Cheque electrónico,Fibra óptica,No,No,Sí,47.03,1450.93,2,0
CU8191,Femenino,0,Sí,No,29,Mes a mes,Sí,Cheque electrónico,Sin internet,No,Sí,Sí,57.02,1585.66,2,0
CU8192,Femenino,0,Sí,No,42,Mes a mes,Sí,Cheque electrónico,DSL,No,Sí,No,120.92,4964.27,1,0
CU8193,Femenino,0,Sí,No,27,Un año,Sí,Tarjeta de crédito,Fibra óptica,No,Sí,No,54.62,1528.6,0,0
CU8194,Masculino,0,No,No,28,Mes a mes,Sí,Transferencia,Sin internet,Sí,No,No,106.17,2938.77,0,1
CU8195,Femenino,0,Sí,No,14,Dos años,Sí,Domiciliación bancaria,Fibra óptica,No,No,Sí,114.65,1577.66,2,0
CU8196,Masculino,0,Sí,No,3,Mes a mes,Sí,Transferencia,Fibra óptica,No,No,Sí,56.36,163.46,0,1
CU8197,Femenino,0,No,No,59,Dos años,Sí,Cheque electrónico,Fibra óptica,Sí,Sí,Sí,73.19,4405.37,0,0
CU8198,Masculino,1,No,No,68,Dos años,Sí,Domiciliación bancaria,Fibra óptica,Sí,Sí,Sí,52.08,3620.05,1,0
CU8199,Masculino,0,No,Sí,55,Mes a mes,Sí,Tarjeta de crédito,Fibra óptica,No,No,No,65.8,3398.5,1,0
CU8200,Masculino,0,Sí,No,67,Mes a mes,Sí,Transferencia,Sin internet,Sí,Sí,No,83.82,5227.19,1,0
CU8201,Femenino,0,No,Sí,44,Mes a mes,No,Cheque electrónico,Fibra óptica,Sí,No,Sí,63.04,2850.29,2,1
CU8202,Femenino,0,Sí,No,64,Mes a mes,No,Cheque electrónico,Fibra óptica,No,No,No,76.42,4899.99,1,1
CU8203,Femenino,0,Sí,No,30,Mes a mes,Sí,Cheque electrónico,Fibra óptica,No,No,Sí,45.99,1353.87,1,0
CU8204,Masculino,0,No,No,50,Mes a mes,No,Domiciliación bancaria,DSL,Sí,No,No,40.34,2011.83,1,0
CU8205,Masculino,0,No,No,22,Mes a mes,No,Tarjeta de crédito,Fibra óptica,No,No,Sí,55.17,1215.93,0,0
CU8206,Masculino,0,No,No,66,Un año,Sí,Tarjeta de crédito,DSL,No,No,Sí,69.48,4567.68,0,0
CU8207,Femenino,0,No,No,54,Un año,Sí,Tarjeta de crédito,Fibra óptica,Sí,Sí,No,101.65,5677.46,0,0
CU8208,Masculino,0,No,No,62,Dos años,Sí,Transferencia,Sin internet,Sí,No,No,60.38,3647.04,3,0
CU8209,Masculino,0,Sí,No,1,Mes a mes,Sí,Cheque electrónico,Fibra óptica,No,Sí,Sí,77.01,76.67,2,1
CU8210,Femenino,0,Sí,No,39,Dos años,No,Transferencia,Fibra óptica,No,Sí,Sí,39.15,1580.74,2,0
CU8211,Masculino,0,No,Sí,43,Un año,No,Cheque electrónico,Sin internet,No,Sí,Sí,89.57,3612.62,1,0
CU8212,Femenino,1,No,Sí,37,Un año,Sí,Transferencia,Fibra óptica,No,Sí,Sí,54.6,1891.1,1,0
CU8213,Masculino,0,Sí,No,32,Mes a mes,Sí,Domiciliación bancaria,Fibra óptica,Sí,Sí,Sí,59.29,1832.05,0,0
CU8214,Femenino,0,No,No,45,Mes a mes,Sí,Domiciliación bancaria,Fibra óptica,Sí,Sí,Sí,67.21,2888.12,1,1
CU8215,Femenino,0,No,No,16,Mes a mes,Sí,Cheque electrónico,DSL,No,No,No,50.28,818.15,1,0
CU8216,Masculino,1,Sí,No,20,Mes a mes,No,Cheque electrónico,Fibra óptica,Sí,Sí,No,34.42,702.59,3,1
CU8217,Masculino,0,Sí,No,72,Mes a mes,Sí,Cheque electrónico,DSL,No,No,Sí,78.25,5438.26,1,0
CU8218,Femenino,1,Sí,No,8,Mes a mes,Sí,Transferencia,Sin internet,Sí,No,No,90.91,709.68,0,1
CU8219,Femenino,0,No,Sí,65,Mes a mes,Sí,Tarjeta de crédito,DSL,No,Sí,No,28.13,1833.78,1,0
CU8220,Masculino,0,Sí,No,67,Un año,Sí,Tarjeta de crédito,Fibra óptica,Sí,No,Sí,72.47,4572.91,0,0
CU8221,Masculino,0,Sí,Sí,36,Mes a mes,Sí,Transferencia,DSL,No,No,No,72.05,2580.79,0,0
CU8222,Femenino,0,Sí,No,35,Un año,Sí,Cheque electrónico,DSL,No,Sí,Sí,55.39,1924.69,1,0
CU8223,Masculino,0,No,No,62,Mes a mes,Sí,Tarjeta de crédito,DSL,No,No,Sí,55.26,3223.74,0,0
CU8224,Femenino,1,No,No,6,Dos años,No,Domiciliación bancaria,Fibra óptica,Sí,No,Sí,95.44,551.89,1,0
CU8225,Femenino,0,No,Sí,57,Mes a mes,No,Cheque electrónico,Fibra óptica,No,Sí,Sí,126.19,7543.35,1,1
CU8226,Femenino,0,No,Sí,69,Dos años,Sí,Domiciliación bancaria,DSL,No,No,No,101.85,6753.09,0,0
CU8227,Masculino,0,No,No,24,Mes a mes,No,Domiciliación bancaria,Fibra óptica,No,Sí,No,80.61,1900.77,2,0
CU8228,Masculino,0,Sí,No,59,Mes a mes,Sí,Transferencia,Sin internet,Sí,Sí,Sí,98.53,5522.7,0,0
CU8229,Masculino,0,No,No,35,Mes a mes,Sí,Tarjeta de crédito,Sin internet,No,No,Sí,78.67,2810.89,1,0
CU8230,Femenino,0,Sí,Sí,47,Dos años,No,Cheque electrónico,DSL,No,Sí,Sí,46.21,2153.99,4,0
CU8231,Masculino,0,No,No,72,Un año,Sí,Transferencia,Sin internet,Sí,No,No,75.58,5333.98,0,0
CU8232,Masculino,0,No,No,72,Mes a mes,Sí,Tarjeta de crédito,Sin internet,No,No,Sí,27.74,1949.74,0,0
CU8233,Femenino,0,Sí,No,29,Mes a mes,No,Tarjeta de crédito,Fibra óptica,No,No,Sí,44.53,1345.9,2,0
CU8234,Masculino,1,No,No,59,Dos años,No,Cheque electrónico,Fibra óptica,No,Sí,No,91.66,5214.33,2,0
CU8235,Femenino,1,No,Sí,21,Dos años,No,Domiciliación bancaria,Fibra óptica,No,Sí,No,59.97,1254.71,0,0
CU8236,Masculino,0,No,No,5,Mes a mes,Sí,Domiciliación bancaria,Fibra óptica,Sí,No,No,42.06,195.57,0,1
CU8237,Masculino,0,Sí,No,51,Mes a mes,Sí,Transferencia,Fibra óptica,Sí,No,No,48.35,2352.99,1,0
CU8238,Femenino,0,Sí,Sí,52,Dos años,Sí,Domiciliación bancaria,Fibra óptica,No,No,Sí,31.0,1666.34,1,0
CU8239,Masculino,0,Sí,No,31,Mes a mes,Sí,Transferencia,Fibra óptica,No,Sí,No,74.22,2386.62,1,1
CU8240,Masculino,0,Sí,No,8,Mes a mes,Sí,Cheque electrónico,Fibra óptica,Sí,Sí,No,53.19,424.99,1,1
CU8241,Femenino,0,Sí,No,2,Dos años,No,Domiciliación bancaria,DSL,No,Sí,Sí,58.24,116.31,2,0
CU8242,Masculino,0,Sí,No,56,Un año,Sí,Domiciliación bancaria,Sin internet,No,Sí,Sí,76.69,4506.06,1,0
CU8243,Femenino,0,Sí,Sí,8,Mes a mes,Sí,Cheque electrónico,Fibra óptica,Sí,Sí,No,74.61,625.36,1,0
CU8244,Masculino,0,No,No,19,Mes a mes,No,Transferencia,DSL,No,Sí,No,31.85,567.53,2,0
CU8245,Masculino,0,Sí,No,20,Mes a mes,No,Domiciliación bancaria,DSL,No,No,No,32.77,666.21,1,0
CU8246,Masculino,0,Sí,Sí,25,Mes a mes,Sí,Domiciliación bancaria,DSL,Sí,No,No,63.06,1633.18,1,1
CU8247,Masculino,0,Sí,Sí,11,Un año,No,Cheque electrónico,Fibra óptica,Sí,Sí,No,83.23,883.48,3,0
CU8248,Masculino,0,No,No,60,Mes a mes,Sí,Transferencia,Sin internet,No,No,No,46.29,2733.21,1,0
CU8249,Masculino,1,Sí,No,35,Mes a mes,Sí,Transferencia,Fibra óptica,No,No,Sí,50.18,1664.87,3,0
CU8250,Masculino,1,Sí,No,9,Mes a mes,No,Cheque electrónico,DSL,No,No,No,68.96,628.17,0,1
CU8251,Masculino,0,Sí,No,52,Un año,Sí,Domiciliación bancaria,Fibra óptica,No,Sí,No,68.46,3557.23,2,0
CU8252,Masculino,0,Sí,No,68,Mes a mes,No,Tarjeta de crédito,Sin internet,No,No,Sí,63.57,4147.65,2,0
CU8253,Masculino,0,Sí,No,12,Dos años,No,Tarjeta de crédito,DSL,No,No,No,75.76,906.48,0,0
CU8254,Femenino,0,No,Sí,9,Un año,No,Cheque electrónico,Sin internet,No,No,No,39.62,328.71,0,0
CU8255,Femenino,0,No,No,71,Dos años,Sí,Tarjeta de crédito,Fibra óptica,Sí,No,Sí,107.4,7829.97,2,0
CU8256,Femenino,0,No,Sí,1,Mes a mes,Sí,Domiciliación bancaria,Fibra óptica,Sí,No,Sí,56.61,54.08,1,0
CU8257,Masculino,1,Sí,No,42,Dos años,No,Transferencia,DSL,No,No,No,112.06,4581.19,1,0
CU8258,Femenino,0,Sí,No,1,Mes a mes,No,Cheque electrónico,Fibra óptica,No,No,No,18.0,17.24,2,1
CU8259,Femenino,1,No,No,6,Dos años,No,Domiciliación bancaria,Fibra óptica,No,No,No,18.0,104.32,3,0
CU8260,Masculino,0,No,Sí,59,Un año,Sí,Tarjeta de crédito,Fibra óptica,No,No,No,62.68,3765.5,2,0
CU8261,Femenino,0,Sí,No,12,Mes a mes,Sí,Domiciliación bancaria,Fibra óptica,Sí,Sí,Sí,93.03,1036.01,2,1
CU8262,Femenino,0,Sí,Sí,35,Mes a mes,Sí,Tarjeta de crédito,Fibra óptica,Sí,Sí,No,71.54,2449.98,3,0
CU8263,Femenino,0,Sí,No,44,Dos años,Sí,Domiciliación bancaria,Fibra óptica,Sí,Sí,No,61.98,2851.74,3,0
CU8264,Femenino,0,No,No,37,Mes a mes,Sí,Tarjeta de crédito,DSL,No,Sí,No,72.99,2617.45,1,0
CU8265,Masculino,1,Sí,Sí,37,Un año,No,Domiciliación bancaria,Sin internet,No,No,Sí,64.41,2337.22,0,0
CU8266,Masculino,1,Sí,No,60,Mes a mes,Sí,Domiciliación bancaria,Fibra óptica,No,Sí,No,119.95,6856.46,0,1
CU8267,Masculino,0,Sí,No,39,Mes a mes,Sí,Cheque electrónico,Fibra óptica,No,No,No,50.59,1830.92,1,0
CU8268,Masculino,0,No,No,37,Mes a mes,No,Domiciliación bancaria,DSL,Sí,No,Sí,100.69,3457.57,0,0
CU8269,Masculino,0,No,Sí,58,Dos años,No,Transferencia,DSL,Sí,Sí,No,44.27,2626.39,0,0
CU8270,Masculino,0,Sí,No,69,Mes a mes,Sí,Domiciliación bancaria,Sin internet,No,Sí,No,56.77,3832.18,0,0
CU8271,Masculino,0,No,No,8,Mes a mes,No,Transferencia,Fibra óptica,No,Sí,No,37.81,284.66,1,0
CU8272,Masculino,0,No,No,0,Un año,Sí,Transferencia,Sin internet,Sí,Sí,No,88.88,89.5,1,0
CU8273,Masculino,1,Sí,No,7,Un año,Sí,Tarjeta de crédito,Fibra óptica,Sí,Sí,No,98.96,711.28,0,0
CU8274,Masculino,0,Sí,No,11,Mes a mes,Sí,Tarjeta de crédito,Fibra óptica,No,Sí,No,60.13,620.02,0,0
CU8275,Masculino,0,Sí,No,3,Un año,No,Tarjeta de crédito,Fibra óptica,No,Sí,No,80.27,240.64,0,1
CU8276,Masculino,0,No,No,57,Mes a mes,No,Cheque electrónico,Sin internet,No,Sí,No,68.58,3685.61,1,0
CU8277,Masculino,0,Sí,No,34,Dos años,No,Tarjeta de crédito,Fibra óptica,Sí,Sí,No,81.64,2597.91,2,0
CU8278,Femenino,0,No,No,66,Dos años,No,Domiciliación bancaria,DSL,Sí,No,Sí,98.11,6495.11,0,0
CU8279,Masculino,1,Sí,Sí,23,Dos años,Sí,Transferencia,Sin internet,No,No,No,33.0,766.07,0,0
CU8280,Masculino,0,Sí,No,51,Mes a mes,Sí,Tarjeta de crédito,Sin internet,No,Sí,Sí,35.43,1817.77,2,0
CU8281,Femenino,1,Sí,No,34,Mes a mes,No,Cheque electrónico,DSL,No,Sí,Sí,49.57,1639.72,0,1
CU8282,Femenino,1,No,No,21,Dos años,No,Domiciliación bancaria,Fibra óptica,No,Sí,No,52.68,1025.36,1,0
CU8283,Femenino,0,No,Sí,57,Un año,Sí,Domiciliación bancaria,Sin internet,No,No,No,70.88,3923.38,0,0
CU8284,Masculino,0,No,No,61,Dos años,Sí,Cheque electrónico,DSL,Sí,Sí,Sí,65.32,3830.51,0,0
CU8285,Femenino,0,No,No,12,Un año,Sí,Transferencia,Sin internet,No,No,Sí,59.39,711.52,1,1
CU8286,Masculino,0,Sí,No,16,Dos años,Sí,Cheque electrónico,Fibra óptica,No,No,Sí,62.93,943.99,0,0
CU8287,Masculino,1,Sí,No,54,Mes a mes,No,Domiciliación bancaria,DSL,Sí,Sí,Sí,71.21,3653.57,1,0
CU8288,Femenino,0,No,No,32,Mes a mes,Sí,Transferencia,Fibra óptica,No,Sí,Sí,43.53,1452.45,2,0
CU8289,Masculino,0,Sí,Sí,39,Un año,No,Transferencia,DSL,No,No,Sí,18.0,701.34,1,0
CU8290,Femenino,0,Sí,Sí,57,Dos años,No,Tarjeta de crédito,Fibra óptica,No,No,Sí,39.64,2150.14,4,0
CU8291,Masculino,0,Sí,Sí,54,Mes a mes,No,Transferencia,Fibra óptica,No,Sí,Sí,96.04,4921.19,0,1
CU8292,Femenino,0,No,No,29,Dos años,No,Tarjeta de crédito,Fibra óptica,Sí,Sí,No,18.0,528.64,0,0
CU8293,Femenino,0,Sí,No,46,Mes a mes,Sí,Transferencia,DSL,No,Sí,No,96.75,4556.79,0,0
CU8294,Femenino,0,No,Sí,60,Un año,No,Transferencia,DSL,No,Sí,Sí,49.12,2983.77,0,0
CU8295,Masculino,0,Sí,No,9,Mes a mes,Sí,Tarjeta de crédito,Fibra óptica,No,No,No,88.84,764.13,0,0
CU8296,Masculino,1,No,No,44,Un año,Sí,Tarjeta de crédito,DSL,Sí,Sí,Sí,36.4,1661.13,1,0
CU8297,Femenino,0,No,No,32,Mes a mes,No,Domiciliación bancaria,DSL,No,Sí,Sí,18.0,533.67,0,0
CU8298,Masculino,0,Sí,Sí,62,Mes a mes,Sí,Cheque electrónico,Fibra óptica,No,Sí,No,40.96,2435.67,2,0
CU8299,Femenino,0,Sí,Sí,20,Dos años,No,Domiciliación bancaria,Fibra óptica,No,Sí,No,61.31,1189.2,1,0
CU8300,Femenino,1,Sí,No,17,Dos años,Sí,Tarjeta de crédito,DSL,Sí,No,No,75.84,1323.23,1,0
CU8301,Masculino,0,Sí,No,55,Un año,Sí,Cheque electrónico,Fibra óptica,No,No,No,25.42,1386.55,2,0
CU8302,Masculino,0,Sí,Sí,46,Dos años,No,Domiciliación bancaria,DSL,Sí,Sí,Sí,75.56,3597.11,1,0
CU8303,Masculino,1,Sí,No,14,Mes a mes,Sí,Tarjeta de crédito,Fibra óptica,No,No,No,65.77,919.66,0,1
CU8304,Masculino,0,Sí,No,48,Mes a mes,Sí,Cheque electrónico,Fibra óptica,No,No,Sí,47.72,2323.57,0,0
CU8305,Femenino,0,Sí,No,19,Mes a mes,No,Cheque electrónico,Fibra óptica,Sí,No,Sí,68.27,1246.94,0,1
CU8306,Femenino,0,No,No,30,Un año,Sí,Domiciliación bancaria,DSL,No,No,No,67.51,2002.59,1,0
CU8307,Femenino,0,No,No,72,Mes a mes,Sí,Tarjeta de crédito,Fibra óptica,No,Sí,Sí,79.75,5355.51,1,0
CU8308,Masculino,0,No,No,31,Mes a mes,Sí,Domiciliación bancaria,Fibra óptica,No,No,No,70.62,2123.89,1,0
CU8309,Masculino,0,Sí,No,67,Mes a mes,No,Cheque electrónico,DSL,Sí,Sí,No,67.95,4365.37,2,0
CU8310,Femenino,0,Sí,Sí,66,Un año,No,Tarjeta de crédito,Sin internet,Sí,Sí,Sí,120.38,7631.58,1,0
CU8311,Masculino,0,No,Sí,47,Un año,Sí,Domiciliación bancaria,DSL,No,No,No,18.0,862.86,0,0
CU8312,Femenino,1,No,No,16,Dos años,No,Tarjeta de crédito,Fibra óptica,No,Sí,Sí,28.52,455.73,3,0
CU8313,Femenino,0,No,No,47,Dos años,No,Domiciliación bancaria,DSL,No,Sí,Sí,95.52,4659.49,0,0
CU8314,Masculino,1,Sí,Sí,6,Un año,Sí,Tarjeta de crédito,Fibra óptica,No,No,Sí,23.94,137.74,0,0
CU8315,Masculino,0,No,No,50,Mes a mes,Sí,Tarjeta de crédito,Fibra óptica,Sí,Sí,No,90.1,4197.38,3,0
CU8316,Masculino,0,No,No,37,Dos años,No,Cheque electrónico,DSL,No,No,No,73.95,2533.44,0,0
CU8317,Masculino,0,No,No,72,Un año,No,Cheque electrónico,Fibra óptica,Sí,No,No,28.39,1998.02,1,0
CU8318,Femenino,0,No,No,64,Dos años,No,Domiciliación bancaria,Fibra óptica,Sí,No,Sí,92.73,5829.45,2,0
CU8319,Masculino,0,No,Sí,10,Mes a mes,No,Cheque electrónico,Fibra óptica,No,No,No,98.28,1016.94,3,1
CU8320,Femenino,0,No,Sí,71,Mes a mes,No,Transferencia,Fibra óptica,Sí,Sí,No,65.88,4629.02,1,0
CU8321,Femenino,0,No,Sí,45,Un año,Sí,Cheque electrónico,DSL,No,No,No,62.23,2580.16,0,0
CU8322,Femenino,0,Sí,No,65,Mes a mes,No,Transferencia,DSL,No,Sí,No,101.33,6599.61,1,0
CU8323,Masculino,0,Sí,Sí,63,Dos años,Sí,Tarjeta de crédito,Fibra óptica,Sí,No,Sí,18.0,1085.86,2,0
CU8324,Femenino,0,Sí,No,56,Un año,Sí,Transferencia,Fibra óptica,No,Sí,Sí,84.46,4565.75,0,1
CU8325,Femenino,1,No,Sí,51,Mes a mes,Sí,Transferencia,Fibra óptica,Sí,Sí,Sí,24.63,1283.22,3,0
CU8326,Masculino,1,Sí,Sí,7,Mes a mes,Sí,Transferencia,DSL,Sí,Sí,Sí,81.26,594.41,1,0
CU8327,Femenino,1,Sí,No,12,Mes a mes,No,Domiciliación bancaria,DSL,Sí,No,Sí,61.38,731.29,1,0
CU8328,Masculino,0,Sí,No,45,Mes a mes,Sí,Domiciliación bancaria,Fibra óptica,No,No,No,64.05,2729.17,0,0
CU8329,Femenino,0,No,No,72,Mes a mes,No,Transferencia,Fibra óptica,No,No,Sí,111.1,7995.79,0,0
CU8330,Femenino,0,Sí,No,47,Mes a mes,Sí,Transferencia,DSL,Sí,Sí,Sí,21.16,1002.2,1,0
CU8331,Femenino,1,No,Sí,49,Un año,No,Cheque electrónico,Fibra óptica,Sí,Sí,Sí,85.12,4173.46,1,0
CU8332,Femenino,0,Sí,No,36,Mes a mes,No,Domiciliación bancaria,DSL,No,No,No,63.01,2374.62,1,0
CU8333,Femenino,0,No,No,34,Mes a mes,No,Domiciliación bancaria,DSL,No,No,Sí,67.8,2172.73,2,1
CU8334,Femenino,0,Sí,Sí,61,Un año,No,Domiciliación bancaria,Sin internet,No,No,No,89.04,5008.93,1,0
CU8335,Femenino,0,Sí,No,43,Mes a mes,Sí,Cheque electrónico,DSL,Sí,No,No,87.62,3491.08,1,1
CU8336,Masculino,1,Sí,No,71,Dos años,Sí,Domiciliación bancaria,Fibra óptica,Sí,No,Sí,82.44,5541.72,1,0
CU8337,Masculino,0,Sí,Sí,71,Mes a mes,Sí,Transferencia,Fibra óptica,No,Sí,No,40.63,2802.9,0,0
CU8338,Masculino,0,No,No,70,Un año,Sí,Transferencia,DSL,No,Sí,No,82.3,5421.26,1,0
CU8339,Femenino,0,Sí,No,20,Mes a mes,Sí,Transferencia,DSL,Sí,No,No,86.3,1682.74,2,1
CU8340,Masculino,0,No,No,1,Mes a mes,No,Domiciliación bancaria,Fibra óptica,Sí,No,No,79.09,74.11,2,1
CU8341,Masculino,0,Sí,Sí,61,Mes a mes,No,Cheque electrónico,DSL,No,No,Sí,82.7,5134.09,1,0
CU8342,Masculino,0,No,No,2,Mes a mes,Sí,Domiciliación bancaria,Sin internet,Sí,No,Sí,67.71,124.93,2,0
CU8343,Femenino,0,No,No,48,Mes a mes,Sí,Tarjeta de crédito,DSL,No,No,Sí,32.47,1484.99,2,1
CU8344,Femenino,0,No,No,3,Mes a mes,Sí,Cheque electrónico,Sin internet,No,Sí,Sí,53.67,163.1,3,0
CU8345,Masculino,0,No,No,69,Mes a mes,No,Domiciliación bancaria,Fibra óptica,No,No,No,51.93,3517.63,1,0
CU8346,Femenino,0,No,No,22,Mes a mes,Sí,Transferencia,DSL,No,No,No,65.82,1437.16,3,0
CU8347,Masculino,0,Sí,No,70,Dos años,Sí,Cheque electrónico,Fibra óptica,No,Sí,No,53.86,3898.0,3,0
CU8348,Femenino,0,Sí,No,54,Mes a mes,No,Tarjeta de crédito,DSL,No,No,Sí,115.58,6542.1,0,0
CU8349,Femenino,0,No,No,4,Un año,Sí,Transferencia,Fibra óptica,Sí,Sí,Sí,77.75,306.17,1,1
CU8350,Masculino,0,Sí,Sí,41,Dos años,No,Domiciliación bancaria,Sin internet,Sí,No,No,63.38,2537.51,1,1
CU8351,Femenino,0,Sí,Sí,2,Dos años,Sí,Cheque electrónico,Fibra óptica,No,No,No,72.94,148.58,1,1
CU8352,Femenino,0,No,No,35,Un año,Sí,Cheque electrónico,DSL,No,No,No,76.91,2480.29,2,0
CU8353,Femenino,0,No,No,52,Mes a mes,Sí,Domiciliación bancaria,DSL,No,No,Sí,125.78,6822.26,0,0
CU8354,Masculino,0,Sí,Sí,53,Dos años,No,Cheque electrónico,Fibra óptica,Sí,No,Sí,77.66,3878.92,0,0
CU8355,Femenino,1,Sí,No,39,Dos años,Sí,Cheque electrónico,Sin internet,Sí,No,No,53.77,2174.7,0,0
CU8356,Femenino,0,No,No,18,Un año,Sí,Tarjeta de crédito,Fibra óptica,No,Sí,No,36.36,681.77,0,0
CU8357,Femenino,0,Sí,No,37,Un año,No,Transferencia,Fibra óptica,No,Sí,No,71.44,2464.56,0,0
CU8358,Femenino,1,No,No,72,Mes a mes,No,Transferencia,DSL,No,No,No,122.48,8872.98,0,0
CU8359,Masculino,0,No,Sí,39,Un año,No,Tarjeta de crédito,DSL,Sí,No,No,60.68,2215.76,1,0
CU8360,Femenino,1,Sí,No,18,Mes a mes,Sí,Cheque electrónico,DSL,No,Sí,No,38.89,659.85,2,0
CU8361,Femenino,0,Sí,No,57,Mes a mes,No,Cheque electrónico,DSL,No,Sí,No,92.82,4933.28,0,0
CU8362,Masculino,0,Sí,Sí,27,Mes a mes,No,Domiciliación bancaria,DSL,Sí,Sí,Sí,68.41,1883.87,1,1
CU8363,Femenino,0,No,No,64,Mes a mes,Sí,Tarjeta de crédito,DSL,Sí,No,No,19.35,1198.44,0,0
CU8364,Masculino,1,No,No,62,Mes a mes,Sí,Tarjeta de crédito,Fibra óptica,No,No,No,70.87,4403.55,1,0
CU8365,Masculino,0,No,Sí,1,Mes a mes,Sí,Tarjeta de crédito,Fibra óptica,Sí,No,No,96.96,101.6,3,1
CU8366,Masculino,0,No,No,57,Mes a mes,Sí,Cheque electrónico,Fibra óptica,No,No,Sí,18.0,1001.42,2,0
CU8367,Masculino,0,No,Sí,56,Mes a mes,Sí,Domiciliación bancaria,Sin internet,Sí,Sí,No,85.13,4740.72,0,0
CU8368,Masculino,0,No,Sí,11,Mes a mes,Sí,Tarjeta de crédito,Sin internet,Sí,Sí,No,29.97,342.97,2,0
CU8369,Femenino,0,No,No,9,Un año,Sí,Transferencia,Fibra óptica,No,No,No,59.31,516.0,1,0
CU8370,Femenino,0,Sí,Sí,4,Mes a mes,Sí,Transferencia,DSL,No,No,No,51.74,194.41,1,0
CU8371,Femenino,0,No,No,24,Mes a mes,No,Cheque electrónico,Fibra óptica,No,No,Sí,96.13,2254.91,1,0
CU8372,Femenino,1,Sí,No,47,Dos años,No,Transferencia,DSL,Sí,Sí,No,92.95,4282.58,1,0
CU8373,Masculino,0,No,Sí,70,Un año,No,Transferencia,DSL,No,No,Sí,27.1,1915.83,2,0
CU8374,Masculino,0,Sí,No,50,Un año,No,Tarjeta de crédito,DSL,Sí,Sí,Sí,18.0,859.51,2,0
CU8375,Masculino,0,Sí,No,44,Un año,No,Domiciliación bancaria,Fibra óptica,Sí,No,Sí,22.6,968.09,1,0
CU8376,Masculino,0,Sí,No,65,Dos años,Sí,Transferencia,Fibra óptica,Sí,Sí,No,76.92,5057.35,2,0
CU8377,Femenino,0,No,No,4,Un año,No,Cheque electrónico,Fibra óptica,Sí,No,No,18.0,73.47,1,1
CU8378,Masculino,0,Sí,No,2,Mes a mes,No,Cheque electrónico,Fibra óptica,No,No,No,46.97,96.03,2,0
CU8379,Masculino,0,No,Sí,5,Mes a mes,Sí,Tarjeta de crédito,Fibra óptica,Sí,No,No,91.05,454.23,1,0
CU8380,Masculino,0,No,No,63,Un año,No,Tarjeta de crédito,Fibra óptica,No,Sí,Sí,81.77,5010.64,1,0
CU8381,Masculino,0,Sí,No,22,Dos años,No,Cheque electrónico,Fibra óptica,No,No,Sí,18.0,384.05,1,0
CU8382,Masculino,0,No,Sí,24,Mes a mes,Sí,Cheque electrónico,Fibra óptica,No,No,No,70.55,1675.44,1,0
CU8383,Masculino,0,Sí,No,33,Mes a mes,No,Tarjeta de crédito,DSL,Sí,Sí,Sí,38.19,1218.8,2,0
CU8384,Femenino,0,Sí,No,26,Mes a mes,No,Cheque electrónico,Fibra óptica,No,Sí,No,46.92,1206.2,1,0
CU8385,Masculino,1,No,No,70,Mes a mes,No,Cheque electrónico,Sin internet,No,No,Sí,48.98,3557.38,1,0
CU8386,Femenino,0,Sí,No,47,Un año,No,Tarjeta de crédito,Sin internet,No,Sí,No,52.27,2506.28,2,0
CU8387,Masculino,0,Sí,No,51,Mes a mes,No,Cheque electrónico,Fibra óptica,Sí,Sí,No,62.59,2985.54,1,0
CU8388,Femenino,0,Sí,No,62,Mes a mes,Sí,Domiciliación bancaria,Fibra óptica,Sí,Sí,No,44.36,2660.83,1,0
CU8389,Femenino,0,Sí,No,46,Dos años,No,Tarjeta de crédito,DSL,No,No,No,45.48,1929.34,2,0
CU8390,Femenino,1,Sí,No,30,Mes a mes,No,Domiciliación bancaria,Fibra óptica,Sí,Sí,No,89.99,2696.28,0,0
CU8391,Masculino,0,Sí,No,35,Dos años,Sí,Tarjeta de crédito,DSL,Sí,No,No,65.12,2222.46,1,0
CU8392,Femenino,0,Sí,No,0,Dos años,Sí,Cheque electrónico,Fibra óptica,No,Sí,No,34.46,35.88,0,0
CU8393,Femenino,0,No,No,24,Dos años,Sí,Cheque electrónico,Fibra óptica,Sí,No,No,67.84,1498.95,0,0
CU8394,Femenino,0,Sí,No,47,Mes a mes,Sí,Transferencia,Fibra óptica,No,No,No,23.38,1048.96,1,0
CU8395,Masculino,0,No,No,18,Mes a mes,No,Transferencia,Fibra óptica,No,Sí,Sí,68.2,1162.11,1,1
CU8396,Masculino,0,No,Sí,40,Dos años,Sí,Tarjeta de crédito,Sin internet,No,No,No,80.68,3060.88,0,0
CU8397,Femenino,0,No,Sí,34,Un año,No,Cheque electrónico,DSL,No,Sí,Sí,87.59,3126.19,0,0
CU8398,Femenino,1,Sí,No,70,Mes a mes,Sí,Transferencia,Fibra óptica,Sí,No,Sí,76.82,5263.9,2,0
CU8399,Masculino,1,Sí,No,71,Dos años,No,Transferencia,DSL,No,No,Sí,34.7,2410.79,0,0
CU8400,Masculino,0,No,Sí,38,Un año,Sí,Cheque electrónico,Fibra óptica,No,No,No,49.16,1892.27,0,0
CU8401,Femenino,0,No,No,21,Un año,No,Transferencia,Fibra óptica,Sí,Sí,No,96.91,1908.82,1,0
CU8402,Femenino,0,Sí,Sí,46,Mes a mes,Sí,Cheque electrónico,Fibra óptica,No,Sí,Sí,56.19,2510.86,3,0
CU8403,Masculino,1,Sí,Sí,67,Un año,Sí,Transferencia,DSL,No,No,Sí,62.57,4116.56,2,0
CU8404,Femenino,0,No,No,63,Mes a mes,Sí,Tarjeta de crédito,Sin internet,Sí,Sí,No,83.97,5224.43,2,0
CU8405,Femenino,0,No,No,29,Mes a mes,No,Transferencia,DSL,No,Sí,Sí,107.22,3028.95,1,0
CU8406,Masculino,1,Sí,Sí,19,Un año,No,Transferencia,Fibra óptica,Sí,No,Sí,62.87,1113.12,2,0
CU8407,Femenino,0,No,Sí,43,Mes a mes,No,Cheque electrónico,Fibra óptica,Sí,No,Sí,54.08,2211.05,0,0
CU8408,Masculino,0,Sí,No,1,Mes a mes,No,Domiciliación bancaria,Fibra óptica,No,No,No,118.06,123.63,0,1
CU8409,Femenino,0,Sí,No,29,Mes a mes,Sí,Tarjeta de crédito,Sin internet,Sí,No,Sí,120.06,3532.04,1,1
CU8410,Masculino,0,No,No,54,Un año,Sí,Cheque electrónico,DSL,No,No,Sí,66.05,3305.0,4,0
CU8411,Masculino,0,Sí,No,39,Dos años,No,Tarjeta de crédito,Sin internet,No,No,Sí,65.54,2378.04,1,0
CU8412,Masculino,0,Sí,Sí,49,Mes a mes,Sí,Domiciliación bancaria,Fibra óptica,No,Sí,Sí,90.41,4111.68,2,0
CU8413,Femenino,0,Sí,Sí,40,Un año,Sí,Cheque electrónico,Sin internet,No,No,Sí,77.26,2913.5,4,0
CU8414,Masculino,0,Sí,Sí,64,Mes a mes,No,Cheque electrónico,DSL,Sí,No,Sí,65.79,4007.39,2,0
CU8415,Masculino,1,No,No,46,Mes a mes,Sí,Transferencia,Sin internet,No,Sí,Sí,85.66,4066.42,1,0
CU8416,Masculino,0,No,Sí,17,Mes a mes,No,Domiciliación bancaria,Fibra óptica,No,No,No,46.89,814.63,0,1
CU8417,Femenino,0,No,Sí,64,Mes a mes,No,Transferencia,Sin internet,Sí,No,No,96.18,6138.43,1,0
CU8418,Femenino,0,Sí,No,31,Mes a mes,Sí,Transferencia,DSL,Sí,No,No,83.58,2387.94,1,1
CU8419,Masculino,1,Sí,Sí,6,Mes a mes,Sí,Cheque electrónico,DSL,No,No,No,77.7,486.89,0,1
CU8420,Masculino,0,Sí,No,3,Mes a mes,Sí,Transferencia,Fibra óptica,Sí,Sí,No,61.98,187.51,0,1
CU8421,Masculino,0,Sí,No,44,Un año,Sí,Domiciliación bancaria,Fibra óptica,Sí,No,No,47.61,2072.96,2,0
CU8422,Femenino,0,Sí,Sí,52,Un año,No,Tarjeta de crédito,Sin internet,No,No,Sí,18.0,941.38,1,0
CU8423,Masculino,0,Sí,No,16,Mes a mes,No,Cheque electrónico,DSL,No,No,Sí,18.0,299.46,2,0
CU8424,Femenino,0,No,Sí,13,Mes a mes,No,Tarjeta de crédito,Sin internet,No,Sí,Sí,18.17,217.39,0,1
CU8425,Femenino,0,Sí,No,26,Un año,Sí,Transferencia,Fibra óptica,No,Sí,Sí,99.24,2427.3,0,0
CU8426,Masculino,0,No,No,40,Dos años,No,Domiciliación bancaria,DSL,No,Sí,Sí,46.59,1785.34,1,0
CU8427,Femenino,0,Sí,No,0,Un año,Sí,Cheque electrónico,DSL,Sí,No,No,31.13,32.5,0,0
CU8428,Femenino,0,Sí,Sí,36,Dos años,No,Domiciliación bancaria,Fibra óptica,No,Sí,No,62.47,2300.46,3,0
CU8429,Femenino,0,No,No,6,Mes a mes,No,Transferencia,Fibra óptica,Sí,No,No,38.39,213.1,2,1
CU8430,Masculino,0,No,No,29,Mes a mes,Sí,Domiciliación bancaria,Fibra óptica,Sí,Sí,Sí,54.0,1601.93,1,0
CU8431,Masculino,0,Sí,No,29,Un año,No,Domiciliación bancaria,Fibra óptica,Sí,No,Sí,80.55,2209.67,0,0
CU8432,Femenino,0,Sí,No,3,Mes a mes,Sí,Domiciliación bancaria,Fibra óptica,No,Sí,Sí,55.78,154.22,0,1
CU8433,Masculino,0,Sí,Sí,2,Mes a mes,Sí,Tarjeta de crédito,Fibra óptica,No,No,Sí,55.81,109.74,1,0
CU8434,Femenino,0,Sí,No,44,Dos años,Sí,Tarjeta de crédito,DSL,No,No,No,64.43,2608.2,3,0
CU8435,Masculino,0,Sí,No,26,Mes a mes,Sí,Domiciliación bancaria,DSL,Sí,No,No,25.85,651.24,1,0
CU8436,Femenino,0,No,No,37,Dos años,No,Domiciliación bancaria,DSL,No,No,Sí,73.09,2659.45,1,0
CU8437,Masculino,0,Sí,Sí,13,Dos años,No,Domiciliación bancaria,DSL,No,No,No,104.93,1428.33,0,0
CU8438,Masculino,0,Sí,Sí,17,Mes a mes,No,Transferencia,Fibra óptica,No,No,No,54.74,868.52,1,1
CU8439,Masculino,0,No,No,23,Dos años,Sí,Domiciliación bancaria,Sin internet,Sí,Sí,No,67.76,1489.31,1,0
CU8440,Femenino,0,Sí,No,48,Un año,Sí,Cheque electrónico,Fibra óptica,No,Sí,No,41.57,1906.47,3,0
CU8441,Masculino,0,No,No,31,Un año,Sí,Cheque electrónico,Fibra óptica,No,No,Sí,44.8,1439.96,2,0
CU8442,Masculino,0,Sí,Sí,70,Mes a mes,No,Domiciliación bancaria,Sin internet,No,Sí,Sí,92.54,6432.59,0,0
CU8443,Masculino,0,Sí,Sí,64,Mes a mes,Sí,Transferencia,DSL,Sí,No,No,69.51,4259.59,3,0
CU8444,Femenino,0,No,Sí,67,Mes a mes,Sí,Transferencia,DSL,No,Sí,No,83.55,5865.31,0,0
CU8445,Femenino,0,No,No,9,Mes a mes,Sí,Tarjeta de crédito,Sin internet,No,No,Sí,72.48,617.03,1,1
CU8446,Femenino,0,Sí,Sí,64,Un año,Sí,Transferencia,Sin internet,Sí,No,No,60.61,3944.77,2,0
CU8447,Masculino,0,No,No,1,Dos años,No,Tarjeta de crédito,Fibra óptica,No,Sí,Sí,98.96,98.0,2,1
CU8448,Masculino,0,No,No,54,Dos años,Sí,Domiciliación bancaria,Sin internet,No,No,No,18.0,901.98,1,0
CU8449,Femenino,0,Sí,No,38,Mes a mes,No,Tarjeta de crédito,Sin internet,Sí,No,Sí,42.37,1553.67,2,0
CU8450,Femenino,0,Sí,No,58,Mes a mes,Sí,Transferencia,Fibra óptica,No,Sí,No,54.37,3102.44,1,1
CU8451,Masculino,0,Sí,No,33,Mes a mes,Sí,Transferencia,Fibra óptica,No,No,Sí,66.27,2020.13,0,0
CU8452,Masculino,0,Sí,No,52,Mes a mes,Sí,Domiciliación bancaria,DSL,No,No,No,56.66,2938.02,1,1
CU8453,Femenino,0,No,No,24,Mes a mes,No,Domiciliación bancaria,Sin internet,Sí,Sí,Sí,70.86,1727.57,2,0
CU8454,Masculino,0,No,Sí,29,Mes a mes,Sí,Domiciliación bancaria,DSL,No,No,Sí,103.34,2977.03,0,0
CU8455,Femenino,0,Sí,No,67,Mes a mes,Sí,Cheque electrónico,DSL,No,No,No,32.77,2150.73,1,0
CU8456,Femenino,0,No,Sí,13,Mes a mes,Sí,Cheque electrónico,Fibra óptica,No,Sí,No,107.66,1457.89,2,1
CU8457,Masculino,0,No,No,44,Mes a mes,Sí,Domiciliación bancaria,DSL,No,Sí,Sí,58.9,2607.75,0,0
CU8458,Femenino,0,No,No,55,Mes a mes,No,Tarjeta de crédito,DSL,No,No,Sí,70.42,3984.71,1,0
CU8459,Femenino,0,Sí,No,14,Mes a mes,Sí,Tarjeta de crédito,Fibra óptica,Sí,Sí,No,65.68,943.83,1,1
CU8460,Masculino,0,No,No,44,Mes a mes,No,Cheque electrónico,Sin internet,Sí,No,Sí,72.81,3347.15,1,0
CU8461,Femenino,0,Sí,No,38,Un año,Sí,Domiciliación bancaria,Fibra óptica,Sí,Sí,No,98.68,3709.62,0,0
CU8462,Masculino,1,Sí,No,58,Dos años,No,Domiciliación bancaria,DSL,Sí,No,No,32.84,1786.1,1,0
CU8463,Masculino,0,Sí,No,47,Mes a mes,Sí,Cheque electrónico,Sin internet,Sí,Sí,Sí,44.88,2196.94,0,0
CU8464,Femenino,1,Sí,No,69,Mes a mes,Sí,Domiciliación bancaria,DSL,Sí,No,No,82.56,5679.29,2,0
CU8465,Femenino,0,Sí,No,39,Un año,No,Transferencia,Fibra óptica,No,No,No,42.56,1619.45,2,0
CU8466,Masculino,0,Sí,No,28,Mes a mes,No,Domiciliación bancaria,Sin internet,Sí,No,No,18.0,492.04,0,0
CU8467,Femenino,0,No,No,42,Dos años,Sí,Cheque electrónico,Fibra óptica,No,No,Sí,83.09,3550.8,2,0
CU8468,Masculino,0,No,Sí,65,Mes a mes,Sí,Domiciliación bancaria,Sin internet,No,Sí,No,43.41,2607.67,0,0
CU8469,Femenino,0,No,No,0,Dos años,Sí,Transferencia,DSL,Sí,No,No,89.63,87.79,1,0
CU8470,Femenino,0,No,No,5,Mes a mes,Sí,Transferencia,Fibra óptica,Sí,No,Sí,52.44,257.58,3,0
CU8471,Femenino,0,No,No,11,Dos años,Sí,Transferencia,Fibra óptica,Sí,No,Sí,96.94,1023.08,2,0
CU8472,Femenino,0,Sí,No,18,Mes a mes,Sí,Cheque electrónico,Fibra óptica,Sí,Sí,No,72.13,1353.36,0,0
CU8473,Femenino,0,No,No,43,Dos años,Sí,Tarjeta de crédito,Fibra óptica,No,No,No,45.45,1899.96,0,0
CU8474,Femenino,0,Sí,No,34,Mes a mes,Sí,Tarjeta de crédito,Sin internet,No,Sí,No,30.7,995.39,2,0
CU8475,Masculino,1,No,Sí,41,Mes a mes,Sí,Domiciliación bancaria,Fibra óptica,Sí,Sí,No,58.49,2344.05,3,0
CU8476,Masculino,0,No,No,68,Un año,Sí,Tarjeta de crédito,DSL,No,No,Sí,66.56,4370.93,0,0
CU8477,Masculino,1,Sí,Sí,1,Mes a mes,No,Domiciliación bancaria,Fibra óptica,No,No,No,47.04,47.03,0,1
CU8478,Femenino,0,No,No,71,Un año,Sí,Cheque electrónico,Fibra óptica,Sí,No,No,28.8,1883.75,1,0
CU8479,Femenino,0,Sí,No,21,Mes a mes,No,Domiciliación bancaria,Fibra óptica,No,Sí,Sí,58.59,1276.36,1,0
CU8480,Masculino,0,No,Sí,37,Mes a mes,Sí,Transferencia,Sin internet,Sí,Sí,No,108.02,4129.04,1,0
CU8481,Masculino,0,No,No,12,Un año,Sí,Tarjeta de crédito,Fibra óptica,No,No,Sí,71.94,826.76,0,1
CU8482,Femenino,0,Sí,No,42,Un año,No,Tarjeta de crédito,DSL,Sí,Sí,No,46.87,1956.19,0,1
CU8483,Masculino,0,No,Sí,17,Un año,No,Tarjeta de crédito,Fibra óptica,Sí,No,No,69.1,1117.62,0,0
CU8484,Femenino,0,Sí,No,32,Mes a mes,No,Transferencia,Fibra óptica,Sí,No,Sí,82.62,2584.4,1,1
CU8485,Masculino,0,No,Sí,15,Un año,No,Cheque electrónico,DSL,No,No,Sí,39.06,551.55,0,0
CU8486,Femenino,0,No,Sí,65,Mes a mes,Sí,Tarjeta de crédito,Fibra óptica,No,Sí,No,57.79,3558.79,3,1
CU8487,Femenino,0,Sí,Sí,44,Mes a mes,No,Cheque electrónico,Sin internet,No,No,No,60.88,2710.74,1,0
CU8488,Femenino,0,No,No,62,Un año,Sí,Domiciliación bancaria,Sin internet,Sí,No,No,53.75,3071.97,1,0
CU8489,Femenino,0,Sí,Sí,67,Mes a mes,Sí,Domiciliación bancaria,DSL,Sí,No,No,30.47,1935.16,2,0
CU8490,Masculino,0,No,Sí,18,Mes a mes,No,Domiciliación bancaria,Fibra óptica,Sí,No,Sí,83.52,1552.27,2,1
CU8491,Femenino,1,Sí,Sí,34,Mes a mes,Sí,Domiciliación bancaria,DSL,No,Sí,Sí,18.0,641.72,0,0
CU8492,Masculino,0,No,Sí,4,Un año,Sí,Cheque electrónico,Sin internet,No,No,No,46.54,173.83,0,0
CU8493,Femenino,0,Sí,No,71,Mes a mes,Sí,Tarjeta de crédito,DSL,Sí,No,Sí,44.66,3156.69,2,0
CU8494,Masculino,0,No,No,5,Mes a mes,Sí,Transferencia,Fibra óptica,No,Sí,Sí,49.34,248.22,0,0
CU8495,Masculino,0,No,Sí,11,Mes a mes,Sí,Domiciliación bancaria,Fibra óptica,No,No,Sí,105.88,1076.86,2,0
CU8496,Femenino,0,Sí,Sí,65,Dos años,Sí,Transferencia,Fibra óptica,Sí,No,No,56.35,3529.22,1,0
CU8497,Femenino,0,No,No,28,Dos años,No,Domiciliación bancaria,DSL,Sí,Sí,Sí,94.84,2763.74,2,0
CU8498,Femenino,0,Sí,Sí,53,Dos años,No,Cheque electrónico,Fibra óptica,No,No,Sí,68.74,3530.38,3,0
CU8499,Masculino,0,No,Sí,46,Mes a mes,Sí,Tarjeta de crédito,Fibra óptica,Sí,No,Sí,77.53,3699.6,0,0
CU8500,Femenino,0,Sí,Sí,12,Mes a mes,No,Domiciliación bancaria,DSL,Sí,No,Sí,56.72,660.52,2,1
CU8501,Femenino,0,No,Sí,47,Dos años,No,Domiciliación bancaria,DSL,No,No,No,85.25,4107.97,0,0
CU8502,Masculino,0,No,No,51,Un año,No,Cheque electrónico,Sin internet,No,No,No,47.75,2371.52,0,0
CU8503,Femenino,0,No,No,8,Dos años,Sí,Domiciliación bancaria,Fibra óptica,Sí,No,No,52.54,399.12,1,1
CU8504,Masculino,0,Sí,No,29,Mes a mes,Sí,Tarjeta de crédito,DSL,Sí,No,Sí,50.44,1428.95,2,0
CU8505,Masculino,0,No,No,7,Un año,No,Cheque electrónico,Fibra óptica,Sí,No,No,35.72,256.51,3,0
CU8506,Femenino,0,No,No,42,Un año,Sí,Cheque electrónico,DSL,No,No,Sí,64.4,2801.35,0,0
CU8507,Masculino,0,No,No,6,Un año,No,Transferencia,Fibra óptica,Sí,No,Sí,89.3,516.7,2,0
CU8508,Masculino,0,No,Sí,43,Mes a mes,Sí,Domiciliación bancaria,Sin internet,Sí,No,No,55.53,2316.5,0,0
CU8509,Masculino,0,No,No,53,Dos años,No,Transferencia,DSL,No,No,Sí,42.63,2356.04,0,0
CU8510,Masculino,0,Sí,Sí,49,Mes a mes,No,Transferencia,DSL,Sí,No,Sí,119.6,5588.17,3,1
CU8511,Masculino,1,Sí,No,5,Un año,No,Cheque electrónico,Sin internet,No,No,Sí,54.08,262.09,1,0
CU8512,Femenino,1,No,Sí,20,Mes a mes,No,Tarjeta de crédito,Fibra óptica,Sí,No,Sí,85.47,1594.93,1,1
CU8513,Masculino,0,Sí,Sí,65,Mes a mes,No,Cheque electrónico,DSL,No,No,No,65.13,4326.33,1,0
CU8514,Femenino,0,No,Sí,67,Mes a mes,No,Transferencia,Sin internet,Sí,No,No,95.13,6257.47,1,0
CU8515,Femenino,0,No,No,8,Mes a mes,Sí,Domiciliación bancaria,Sin internet,Sí,Sí,No,63.55,525.97,4,1
CU8516,Femenino,0,No,No,64,Dos años,Sí,Domiciliación bancaria,Fibra óptica,No,No,No,63.64,4123.15,1,0
CU8517,Masculino,0,Sí,No,7,Dos años,No,Tarjeta de crédito,DSL,No,Sí,No,63.39,420.67,0,0
CU8518,Masculino,0,Sí,Sí,0,Mes a mes,Sí,Tarjeta de crédito,Fibra óptica,Sí,No,Sí,57.86,57.29,2,1
CU8519,Femenino,0,No,No,9,Un año,No,Transferencia,DSL,Sí,No,No,66.74,572.11,1,1
CU8520,Femenino,0,No,No,50,Mes a mes,Sí,Cheque electrónico,Fibra óptica,No,No,No,43.43,2156.37,1,0
CU8521,Femenino,0,No,No,72,Un año,Sí,Tarjeta de crédito,Fibra óptica,No,Sí,Sí,78.88,5372.67,0,0
CU8522,Masculino,0,Sí,No,39,Mes a mes,Sí,Transferencia,Sin internet,No,No,No,130.0,4686.87,1,0
CU8523,Femenino,0,Sí,No,14,Mes a mes,Sí,Cheque electrónico,Sin internet,No,No,Sí,38.83,502.65,2,1
CU8524,Masculino,1,No,No,37,Un año,No,Transferencia,Sin internet,No,Sí,Sí,73.85,2864.13,0,0
CU8525,Masculino,0,Sí,No,32,Dos años,Sí,Domiciliación bancaria,Fibra óptica,Sí,No,Sí,65.45,2100.57,1,0
CU8526,Femenino,0,No,Sí,8,Mes a mes,No,Domiciliación bancaria,Fibra óptica,No,No,No,33.3,268.97,0,1
CU8527,Masculino,0,No,No,26,Mes a mes,Sí,Cheque electrónico,DSL,Sí,No,Sí,86.87,2348.88,0,0
CU8528,Masculino,0,Sí,No,39,Mes a mes,No,Tarjeta de crédito,Fibra óptica,No,Sí,No,52.58,2125.98,0,0
CU8529,Femenino,0,No,No,54,Un año,No,Cheque electrónico,DSL,Sí,Sí,No,45.74,2358.05,2,0
CU8530,Femenino,1,No,Sí,53,Dos años,No,Cheque electrónico,DSL,No,Sí,No,103.29,5519.19,0,0
CU8531,Femenino,0,Sí,Sí,12,Mes a mes,Sí,Domiciliación bancaria,DSL,No,Sí,No,55.44,674.43,0,0
CU8532,Masculino,1,Sí,No,1,Mes a mes,Sí,Cheque electrónico,DSL,No,No,Sí,97.69,92.85,1,1
CU8533,Masculino,0,No,Sí,69,Dos años,Sí,Transferencia,Fibra óptica,No,No,No,80.13,5115.34,1,0
CU8534,Masculino,0,No,No,30,Mes a mes,Sí,Cheque electrónico,Fibra óptica,Sí,No,No,67.66,1868.06,1,0
CU8535,Masculino,0,No,No,26,Mes a mes,Sí,Domiciliación bancaria,Sin internet,No,Sí,No,82.82,2133.97,1,0
CU8536,Masculino,0,Sí,Sí,45,Dos años,Sí,Domiciliación bancaria,Fibra óptica,Sí,No,No,87.01,4007.98,2,0
CU8537,Masculino,0,Sí,No,17,Mes a mes,No,Transferencia,Fibra óptica,No,Sí,Sí,60.09,1013.4,0,0
CU8538,Femenino,0,Sí,Sí,10,Dos años,Sí,Cheque electrónico,Fibra óptica,No,No,No,54.69,520.46,0,0
CU8539,Femenino,0,Sí,Sí,41,Mes a mes,Sí,Domiciliación bancaria,Fibra óptica,No,Sí,No,89.01,3767.05,0,0
CU8540,Femenino,0,Sí,No,72,Un año,No,Transferencia,Fibra óptica,Sí,Sí,Sí,130.0,9587.48,1,0
CU8541,Masculino,0,Sí,No,29,Dos años,No,Domiciliación bancaria,DSL,No,No,No,19.6,563.93,1,0
CU8542,Masculino,0,No,No,50,Mes a mes,Sí,Tarjeta de crédito,DSL,No,No,Sí,33.78,1772.88,0,0
CU8543,Femenino,0,Sí,No,32,Mes a mes,No,Cheque electrónico,Fibra óptica,No,No,No,38.03,1137.42,2,0
CU8544,Femenino,0,No,No,49,Mes a mes,Sí,Transferencia,DSL,No,Sí,No,55.91,2714.29,0,0
CU8545,Femenino,0,Sí,No,52,Mes a mes,No,Cheque electrónico,Fibra óptica,No,No,Sí,37.71,1807.72,4,0
CU8546,Masculino,0,No,No,32,Mes a mes,Sí,Cheque electrónico,DSL,No,No,No,82.14,2502.97,0,0
CU8547,Femenino,0,No,Sí,33,Mes a mes,Sí,Cheque electrónico,Fibra óptica,Sí,No,Sí,24.46,775.24,1,0
CU8548,Femenino,0,No,Sí,6,Un año,Sí,Transferencia,Fibra óptica,Sí,Sí,Sí,53.03,313.42,1,0
CU8549,Masculino,0,Sí,No,58,Mes a mes,No,Transferencia,Fibra óptica,No,Sí,No,51.13,3102.91,1,0
CU8550,Femenino,0,No,No,65,Un año,Sí,Tarjeta de crédito,DSL,No,Sí,Sí,92.85,6080.23,1,0
CU8551,Masculino,0,No,No,0,Mes a mes,Sí,Transferencia,DSL,No,Sí,No,63.63,61.6,1,1
CU8552,Masculino,1,Sí,No,4,Mes a mes,No,Transferencia,DSL,Sí,Sí,Sí,27.51,106.52,4,0
CU8553,Masculino,0,No,No,47,Mes a mes,No,Domiciliación bancaria,Sin internet,Sí,Sí,No,73.3,3566.98,1,0
CU8554,Masculino,0,No,No,56,Dos años,Sí,Cheque electrónico,Fibra óptica,No,No,Sí,39.06,2136.5,0,0
CU8555,Femenino,0,No,Sí,39,Mes a mes,Sí,Tarjeta de crédito,Fibra óptica,No,No,Sí,31.61,1206.9,1,0
CU8556,Masculino,0,No,Sí,12,Mes a mes,Sí,Tarjeta de crédito,Fibra óptica,No,Sí,No,96.04,1164.09,3,1
CU8557,Masculino,0,No,Sí,51,Un año,Sí,Transferencia,Fibra óptica,No,No,Sí,52.93,2555.61,2,0
CU8558,Masculino,0,Sí,Sí,52,Mes a mes,Sí,Domiciliación bancaria,Fibra óptica,No,No,No,78.74,4266.16,0,1
CU8559,Masculino,0,No,Sí,38,Mes a mes,Sí,Domiciliación bancaria,DSL,No,No,No,51.66,2015.77,1,0
CU8560,Femenino,0,No,No,35,Mes a mes,Sí,Cheque electrónico,Fibra óptica,No,Sí,No,71.9,2369.66,0,0
CU8561,Femenino,0,Sí,No,38,Mes a mes,Sí,Cheque electrónico,Fibra óptica,Sí,No,No,104.17,3658.31,1,1
CU8562,Masculino,0,No,Sí,33,Dos años,Sí,Domiciliación bancaria,Fibra óptica,No,No,No,70.28,2307.4,1,0
CU8563,Masculino,0,Sí,Sí,59,Mes a mes,Sí,Transferencia,Fibra óptica,Sí,Sí,No,54.9,3330.51,2,0
CU8564,Masculino,0,No,No,72,Mes a mes,Sí,Domiciliación bancaria,DSL,Sí,Sí,No,28.1,2105.2,3,0
CU8565,Femenino,0,No,Sí,52,Un año,Sí,Domiciliación bancaria,DSL,Sí,Sí,No,89.91,4804.82,0,0
CU8566,Femenino,1,No,No,72,Mes a mes,No,Cheque electrónico,Fibra óptica,No,No,Sí,78.47,5405.26,1,0
CU8567,Femenino,0,Sí,No,64,Mes a mes,Sí,Domiciliación bancaria,Sin internet,No,No,No,74.09,4478.0,1,0
CU8568,Femenino,0,Sí,No,3,Un año,Sí,Cheque electrónico,DSL,No,Sí,Sí,62.76,183.54,1,0
CU8569,Femenino,0,No,Sí,30,Un año,Sí,Cheque electrónico,Fibra óptica,No,No,No,96.46,2964.01,0,0
CU8570,Femenino,0,No,No,65,Mes a mes,No,Transferencia,Fibra óptica,No,No,No,52.73,3229.67,2,0
CU8571,Masculino,0,Sí,No,31,Mes a mes,Sí,Domiciliación bancaria,Fibra óptica,No,No,No,80.43,2466.01,2,0
CU8572,Masculino,0,No,No,0,Mes a mes,Sí,Cheque electrónico,DSL,Sí,No,Sí,115.88,111.61,3,1
CU8573,Femenino,1,Sí,No,5,Mes a mes,Sí,Domiciliación bancaria,Fibra óptica,No,No,Sí,67.25,316.25,0,1
CU8574,Femenino,0,Sí,No,43,Dos años,Sí,Domiciliación bancaria,Fibra óptica,No,No,Sí,55.56,2489.27,5,0
CU8575,Femenino,0,Sí,No,63,Mes a mes,Sí,Domiciliación bancaria,Sin internet,No,Sí,No,49.46,2872.1,0,0
CU8576,Femenino,0,Sí,No,59,Un año,No,Transferencia,Sin internet,Sí,No,Sí,49.09,2974.69,0,0
CU8577,Masculino,0,Sí,No,65,Mes a mes,Sí,Domiciliación bancaria,DSL,No,Sí,No,66.03,4394.64,0,0
CU8578,Femenino,0,Sí,Sí,23,Mes a mes,Sí,Cheque electrónico,Sin internet,No,No,Sí,111.33,2496.34,2,1
CU8579,Femenino,0,Sí,No,68,Un año,No,Cheque electrónico,Fibra óptica,No,No,Sí,77.12,5010.68,1,0
CU8580,Femenino,0,No,No,51,Mes a mes,Sí,Domiciliación bancaria,DSL,Sí,No,No,70.72,3757.78,2,0
CU8581,Masculino,0,Sí,No,14,Mes a mes,No,Transferencia,Sin internet,No,No,Sí,69.07,956.8,0,1
CU8582,Masculino,1,No,No,44,Un año,No,Transferencia,Sin internet,No,Sí,Sí,21.58,987.84,1,0
CU8583,Masculino,1,No,No,0,Dos años,No,Cheque electrónico,DSL,Sí,No,No,62.29,57.95,2,1
CU8584,Masculino,0,Sí,Sí,33,Mes a mes,Sí,Tarjeta de crédito,Sin internet,Sí,Sí,Sí,39.06,1256.22,0,0
CU8585,Masculino,0,Sí,No,17,Un año,Sí,Domiciliación bancaria,Fibra óptica,No,Sí,No,107.14,1794.36,0,0
CU8586,Femenino,0,No,Sí,62,Mes a mes,Sí,Domiciliación bancaria,Fibra óptica,Sí,No,Sí,40.58,2352.68,3,0
CU8587,Masculino,0,No,Sí,10,Un año,No,Transferencia,DSL,No,Sí,No,27.62,263.33,0,0
CU8588,Masculino,0,No,No,49,Dos años,Sí,Cheque electrónico,Fibra óptica,Sí,Sí,No,18.0,848.7,2,0
CU8589,Masculino,0,Sí,No,38,Un año,Sí,Transferencia,Fibra óptica,No,No,Sí,43.32,1645.33,0,0
CU8590,Femenino,1,Sí,No,58,Dos años,No,Cheque electrónico,DSL,Sí,No,No,18.0,1001.97,2,0
CU8591,Masculino,1,Sí,No,19,Mes a mes,Sí,Transferencia,DSL,No,No,No,70.22,1353.36,1,1
CU8592,Femenino,1,No,No,5,Mes a mes,Sí,Cheque electrónico,DSL,Sí,No,Sí,71.58,331.07,0,1
CU8593,Masculino,1,Sí,No,48,Mes a mes,Sí,Domiciliación bancaria,Fibra óptica,No,No,No,34.5,1528.5,0,0
CU8594,Femenino,0,No,No,15,Un año,Sí,Tarjeta de crédito,Fibra óptica,Sí,No,Sí,89.15,1390.58,0,1
CU8595,Masculino,0,Sí,Sí,53,Mes a mes,No,Tarjeta de crédito,Sin internet,No,Sí,No,60.31,3047.02,2,0
CU8596,Femenino,0,Sí,No,43,Mes a mes,Sí,Tarjeta de crédito,Fibra óptica,No,Sí,Sí,60.71,2589.52,3,0
CU8597,Masculino,0,Sí,No,31,Un año,Sí,Cheque electrónico,DSL,No,Sí,Sí,89.29,2653.48,0,1
CU8598,Femenino,1,No,Sí,60,Un año,Sí,Cheque electrónico,Fibra óptica,No,No,No,96.67,5611.84,2,0
CU8599,Femenino,1,No,Sí,15,Un año,Sí,Domiciliación bancaria,Fibra óptica,No,No,Sí,36.5,573.95,1,0
CU8600,Femenino,0,No,No,56,Mes a mes,Sí,Domiciliación bancaria,Fibra óptica,Sí,Sí,Sí,24.72,1283.91,0,0
CU8601,Femenino,1,No,No,48,Dos años,No,Domiciliación bancaria,DSL,No,No,No,54.36,2563.71,1,0
CU8602,Femenino,1,Sí,No,34,Mes a mes,Sí,Tarjeta de crédito,Fibra óptica,Sí,Sí,Sí,108.4,3813.17,0,1
CU8603,Femenino,0,Sí,No,38,Un año,Sí,Cheque electrónico,Fibra óptica,No,No,Sí,43.34,1585.27,0,0
CU8604,Masculino,1,No,No,59,Mes a mes,Sí,Tarjeta de crédito,DSL,No,Sí,Sí,92.11,5702.28,1,0
CU8605,Masculino,1,Sí,Sí,28,Mes a mes,No,Domiciliación bancaria,DSL,Sí,No,Sí,37.73,1061.5,3,0
CU8606,Femenino,0,No,Sí,64,Mes a mes,Sí,Domiciliación bancaria,DSL,Sí,Sí,Sí,60.7,3719.37,2,0
CU8607,Femenino,0,Sí,No,71,Mes a mes,Sí,Tarjeta de crédito,DSL,Sí,Sí,Sí,48.91,3589.59,4,0
CU8608,Masculino,0,No,No,43,Mes a mes,Sí,Tarjeta de crédito,Fibra óptica,No,Sí,Sí,76.53,3197.03,3,1
CU8609,Femenino,1,Sí,No,34,Mes a mes,Sí,Transferencia,Fibra óptica,No,No,Sí,69.15,2226.59,0,1
CU8610,Masculino,0,Sí,No,10,Mes a mes,Sí,Transferencia,Fibra óptica,Sí,No,No,39.95,395.42,1,0
CU8611,Masculino,0,No,No,29,Mes a mes,Sí,Transferencia,Fibra óptica,No,Sí,Sí,51.47,1423.12,1,1
CU8612,Femenino,0,No,No,44,Dos años,Sí,Cheque electrónico,Fibra óptica,No,No,No,35.14,1475.08,0,0
CU8613,Femenino,0,No,Sí,23,Mes a mes,No,Tarjeta de crédito,Sin internet,No,Sí,Sí,71.44,1627.91,1,0
CU8614,Masculino,1,No,No,22,Dos años,No,Domiciliación bancaria,Fibra óptica,No,No,No,36.52,742.82,1,0
CU8615,Masculino,0,No,No,4,Mes a mes,Sí,Transferencia,DSL,Sí,No,No,67.67,274.8,3,1
CU8616,Masculino,1,Sí,No,26,Un año,Sí,Cheque electrónico,Fibra óptica,No,No,No,76.12,1947.39,1,0
CU8617,Femenino,0,No,No,24,Dos años,No,Transferencia,DSL,No,No,Sí,83.47,2072.04,1,0
CU8618,Femenino,0,No,Sí,65,Un año,No,Cheque electrónico,DSL,No,No,Sí,83.85,5297.56,0,0
CU8619,Femenino,0,No,No,5,Mes a mes,No,Transferencia,DSL,No,No,No,74.41,345.9,1,1
CU8620,Masculino,0,No,No,71,Un año,Sí,Cheque electrónico,Fibra óptica,No,Sí,No,34.71,2571.18,0,0
CU8621,Femenino,0,No,No,44,Dos años,Sí,Domiciliación bancaria,Fibra óptica,Sí,No,No,40.72,1709.85,1,0
CU8622,Masculino,0,Sí,No,51,Mes a mes,Sí,Cheque electrónico,Fibra óptica,No,Sí,Sí,40.59,2049.37,1,0
CU8623,Femenino,0,Sí,No,49,Un año,Sí,Domiciliación bancaria,Fibra óptica,No,No,No,63.18,3225.46,1,0
CU8624,Masculino,0,Sí,Sí,22,Mes a mes,No,Tarjeta de crédito,Fibra óptica,No,Sí,No,95.54,2089.68,0,1
CU8625,Masculino,0,No,No,53,Dos años,Sí,Tarjeta de crédito,Sin internet,No,Sí,Sí,45.47,2226.08,0,0
CU8626,Masculino,0,Sí,No,20,Mes a mes,No,Domiciliación bancaria,Fibra óptica,No,No,No,56.35,1175.09,0,1
CU8627,Masculino,1,No,No,20,Un año,Sí,Domiciliación bancaria,DSL,Sí,No,Sí,98.61,1932.26,1,0
CU8628,Femenino,0,No,Sí,3,Mes a mes,Sí,Transferencia,Sin internet,No,Sí,No,26.63,81.2,1,0
CU8629,Masculino,0,Sí,No,69,Un año,No,Domiciliación bancaria,Sin internet,No,Sí,No,107.59,7211.16,0,0
CU8630,Masculino,0,No,No,4,Mes a mes,No,Domiciliación bancaria,DSL,Sí,Sí,No,82.42,325.38,1,0
CU8631,Femenino,0,No,Sí,30,Dos años,Sí,Cheque electrónico,Fibra óptica,No,No,No,45.39,1411.99,0,0
CU8632,Femenino,0,Sí,No,5,Mes a mes,Sí,Transferencia,DSL,Sí,Sí,Sí,55.45,261.98,1,0
CU8633,Femenino,1,Sí,No,70,Dos años,Sí,Transferencia,Sin internet,Sí,No,No,112.53,7868.38,1,0
CU8634,Femenino,0,No,No,49,Mes a mes,Sí,Domiciliación bancaria,DSL,No,Sí,Sí,50.99,2360.2,1,0
CU8635,Masculino,0,Sí,No,42,Dos años,No,Cheque electrónico,Fibra óptica,Sí,No,Sí,85.07,3536.32,2,0
CU8636,Masculino,0,No,No,13,Mes a mes,Sí,Transferencia,Fibra óptica,No,No,No,122.11,1565.78,1,1
CU8637,Masculino,0,No,No,66,Dos años,No,Transferencia,DSL,Sí,Sí,No,63.82,4155.94,0,0
CU8638,Femenino,0,No,No,5,Mes a mes,No,Cheque electrónico,Fibra óptica,No,No,Sí,64.73,309.13,1,0
CU8639,Femenino,1,No,Sí,31,Mes a mes,Sí,Tarjeta de crédito,Fibra óptica,No,No,No,126.88,3822.63,0,0
CU8640,Masculino,0,No,Sí,72,Dos años,Sí,Cheque electrónico,DSL,No,Sí,No,34.52,2488.33,1,0
CU8641,Femenino,0,Sí,No,27,Mes a mes,Sí,Domiciliación bancaria,Fibra óptica,Sí,No,No,64.48,1818.63,1,0
CU8642,Femenino,0,No,No,52,Mes a mes,Sí,Transferencia,Fibra óptica,Sí,No,Sí,76.93,3977.01,1,1
CU8643,Masculino,0,Sí,No,3,Mes a mes,No,Cheque electrónico,DSL,No,Sí,No,21.8,60.3,2,0
CU8644,Femenino,0,No,No,43,Mes a mes,Sí,Domiciliación bancaria,Fibra óptica,No,Sí,No,32.46,1296.16,2,0
CU8645,Masculino,0,Sí,Sí,48,Un año,No,Tarjeta de crédito,Sin internet,Sí,No,No,49.01,2404.15,3,0
CU8646,Masculino,0,Sí,No,39,Mes a mes,No,Cheque electrónico,Sin internet,Sí,Sí,No,76.43,2786.33,0,0
CU8647,Femenino,0,Sí,No,41,Un año,Sí,Cheque electrónico,Sin internet,Sí,No,Sí,51.43,1990.86,1,0
CU8648,Masculino,0,Sí,No,69,Dos años,Sí,Domiciliación bancaria,Fibra óptica,No,Sí,No,62.56,4269.77,0,0
CU8649,Femenino,0,No,Sí,53,Mes a mes,No,Transferencia,Fibra óptica,Sí,No,No,86.88,4768.88,0,0
CU8650,Femenino,1,Sí,Sí,44,Dos años,No,Transferencia,Fibra óptica,No,Sí,No,81.84,3577.65,1,1
CU8651,Masculino,0,Sí,No,7,Mes a mes,Sí,Cheque electrónico,Sin internet,No,No,Sí,18.0,121.42,2,0
CU8652,Femenino,1,No,Sí,2,Un año,Sí,Tarjeta de crédito,Sin internet,No,No,No,70.1,140.37,1,1
CU8653,Femenino,0,No,Sí,0,Un año,No,Cheque electrónico,Fibra óptica,Sí,Sí,Sí,80.36,83.67,0,0
CU8654,Femenino,0,Sí,No,43,Un año,Sí,Cheque electrónico,Fibra óptica,No,No,No,62.71,2800.84,3,0
CU8655,Femenino,0,Sí,Sí,40,Mes a mes,Sí,Cheque electrónico,Fibra óptica,No,No,Sí,79.71,3283.68,1,1
CU8656,Femenino,0,Sí,Sí,31,Mes a mes,Sí,Cheque electrónico,Fibra óptica,Sí,No,No,86.55,2785.02,1,1
CU8657,Masculino,0,No,Sí,50,Mes a mes,No,Domiciliación bancaria,Fibra óptica,No,Sí,No,74.09,3757.0,1,0
CU8658,Masculino,0,Sí,Sí,72,Mes a mes,Sí,Transferencia,Fibra óptica,No,No,No,62.31,4413.61,1,0
CU8659,Masculino,0,No,No,19,Mes a mes,No,Cheque electrónico,DSL,No,No,No,72.05,1429.49,3,1
CU8660,Femenino,0,No,No,35,Un año,No,Domiciliación bancaria,DSL,Sí,Sí,No,18.0,614.51,2,0
CU8661,Femenino,0,Sí,Sí,3,Dos años,Sí,Transferencia,Fibra óptica,No,No,Sí,104.51,312.05,0,0
CU8662,Masculino,0,No,Sí,57,Mes a mes,No,Cheque electrónico,Fibra óptica,Sí,Sí,No,102.05,5516.81,0,0
CU8663,Masculino,0,Sí,No,1,Dos años,No,Domiciliación bancaria,DSL,No,Sí,No,100.06,104.16,2,0
CU8664,Femenino,0,Sí,No,59,Un año,Sí,Cheque electrónico,DSL,No,Sí,No,68.59,3784.2,0,0
CU8665,Femenino,0,No,Sí,55,Un año,Sí,Tarjeta de crédito,Fibra óptica,Sí,No,Sí,81.0,4313.06,0,0
CU8666,Masculino,0,Sí,No,3,Mes a mes,Sí,Domiciliación bancaria,Fibra óptica,No,No,Sí,68.92,202.29,1,1
CU8667,Masculino,0,Sí,No,72,Dos años,No,Cheque electrónico,Sin internet,No,No,Sí,74.03,4999.16,2,0
CU8668,Masculino,0,Sí,Sí,70,Un año,No,Tarjeta de crédito,Fibra óptica,No,Sí,No,103.3,7304.3,0,0
CU8669,Masculino,1,No,No,26,Mes a mes,No,Tarjeta de crédito,Sin internet,No,No,No,18.0,467.29,3,1
CU8670,Femenino,0,Sí,Sí,37,Mes a mes,No,Tarjeta de crédito,DSL,No,No,Sí,77.3,2953.75,3,0
CU8671,Masculino,0,No,No,57,Mes a mes,Sí,Domiciliación bancaria,DSL,No,Sí,No,41.66,2201.57,0,0
CU8672,Masculino,0,No,No,60,Dos años,No,Tarjeta de crédito,Fibra óptica,Sí,Sí,Sí,32.74,1831.05,0,0
CU8673,Femenino,0,No,Sí,1,Dos años,Sí,Tarjeta de crédito,DSL,No,Sí,No,61.45,62.53,0,0
CU8674,Masculino,0,Sí,No,46,Un año,Sí,Transferencia,DSL,No,No,Sí,29.92,1400.95,0,0
CU8675,Masculino,0,Sí,Sí,11,Mes a mes,Sí,Domiciliación bancaria,Fibra óptica,Sí,No,No,29.87,333.49,1,0
CU8676,Masculino,0,No,No,32,Mes a mes,No,Cheque electrónico,Sin internet,No,Sí,No,18.48,602.4,0,0
CU8677,Masculino,1,Sí,No,68,Mes a mes,Sí,Domiciliación bancaria,DSL,No,Sí,No,51.5,3345.34,1,0
CU8678,Masculino,1,No,Sí,19,Un año,No,Transferencia,DSL,No,No,Sí,79.89,1567.91,2,0
CU8679,Masculino,0,Sí,No,36,Mes a mes,Sí,Transferencia,Fibra óptica,No,Sí,No,88.11,3248.63,1,0
CU8680,Femenino,1,No,No,13,Un año,Sí,Transferencia,Fibra óptica,Sí,No,Sí,120.38,1555.39,2,0
CU8681,Femenino,0,No,Sí,70,Mes a mes,No,Tarjeta de crédito,Fibra óptica,No,No,Sí,53.66,3488.29,0,0
CU8682,Masculino,0,Sí,Sí,51,Mes a mes,No,Cheque electrónico,Fibra óptica,Sí,Sí,Sí,87.34,4190.35,0,0
CU8683,Masculino,0,No,No,14,Mes a mes,No,Cheque electrónico,Sin internet,Sí,No,Sí,70.04,979.61,1,1
CU8684,Masculino,0,Sí,Sí,5,Mes a mes,No,Transferencia,Fibra óptica,No,No,Sí,69.23,328.09,1,1
CU8685,Femenino,0,Sí,No,55,Mes a mes,Sí,Transferencia,Fibra óptica,Sí,No,Sí,75.47,4177.31,2,0
CU8686,Masculino,0,No,Sí,17,Dos años,Sí,Tarjeta de crédito,DSL,Sí,No,Sí,87.43,1402.01,0,0
CU8687,Femenino,0,Sí,Sí,57,Un año,Sí,Tarjeta de crédito,Sin internet,No,Sí,No,78.39,4315.23,0,0
CU8688,Femenino,0,Sí,Sí,38,Un año,Sí,Tarjeta de crédito,Fibra óptica,No,No,No,53.92,1990.95,1,0
CU8689,Femenino,0,Sí,No,64,Mes a mes,No,Cheque electrónico,Sin internet,No,No,Sí,81.37,4841.07,1,1
CU8690,Masculino,0,No,No,16,Un año,No,Transferencia,Sin internet,Sí,No,No,47.38,779.44,0,1
CU8691,Masculino,1,Sí,Sí,21,Dos años,Sí,Domiciliación bancaria,Fibra óptica,No,No,Sí,81.44,1591.35,2,0
CU8692,Femenino,0,Sí,Sí,40,Mes a mes,No,Domiciliación bancaria,DSL,No,No,No,68.26,2675.34,1,0
CU8693,Femenino,0,No,No,66,Un año,No,Transferencia,DSL,Sí,No,Sí,18.0,1130.27,0,0
CU8694,Femenino,1,No,No,26,Mes a mes,Sí,Transferencia,Fibra óptica,Sí,No,No,61.12,1585.55,0,0
CU8695,Masculino,0,Sí,Sí,44,Mes a mes,No,Tarjeta de crédito,Sin internet,Sí,No,No,91.09,3888.18,0,0
CU8696,Masculino,0,Sí,No,19,Un año,No,Tarjeta de crédito,DSL,No,Sí,Sí,61.46,1169.72,1,0
CU8697,Femenino,0,No,Sí,48,Dos años,Sí,Tarjeta de crédito,DSL,No,No,No,71.41,3314.73,1,0
CU8698,Femenino,0,Sí,Sí,52,Un año,Sí,Transferencia,DSL,No,Sí,Sí,51.6,2504.45,1,0
CU8699,Femenino,0,Sí,No,6,Dos años,Sí,Transferencia,Fibra óptica,No,No,No,57.33,350.4,2,1
CU8700,Masculino,0,No,Sí,17,Un año,No,Transferencia,DSL,No,Sí,Sí,91.56,1469.74,0,0
CU8701,Masculino,0,No,Sí,36,Un año,No,Cheque electrónico,Sin internet,No,No,No,52.93,1919.14,0,0
CU8702,Femenino,0,No,Sí,14,Mes a mes,Sí,Domiciliación bancaria,DSL,Sí,No,Sí,32.77,455.43,1,0
CU8703,Femenino,0,No,Sí,15,Mes a mes,Sí,Cheque electrónico,DSL,No,No,No,18.0,269.23,2,1
CU8704,Femenino,0,No,No,12,Dos años,No,Cheque electrónico,DSL,Sí,Sí,Sí,43.68,544.19,1,0
CU8705,Femenino,0,Sí,No,49,Mes a mes,Sí,Tarjeta de crédito,DSL,Sí,No,No,34.24,1602.09,2,1
CU8706,Femenino,1,Sí,No,14,Mes a mes,No,Tarjeta de crédito,Fibra óptica,No,Sí,No,23.39,324.46,0,0
CU8707,Masculino,1,No,No,71,Dos años,Sí,Transferencia,Fibra óptica,No,No,No,34.94,2595.02,0,0
CU8708,Masculino,0,No,No,0,Mes a mes,Sí,Domiciliación bancaria,Fibra óptica,No,Sí,No,37.27,38.72,1,1
CU8709,Femenino,0,No,Sí,22,Mes a mes,Sí,Transferencia,Sin internet,Sí,No,No,35.38,811.34,0,0
CU8710,Femenino,0,Sí,No,52,Mes a mes,No,Domiciliación bancaria,DSL,No,Sí,Sí,103.73,5651.6,1,1
CU8711,Masculino,0,Sí,Sí,33,Mes a mes,Sí,Domiciliación bancaria,Fibra óptica,No,No,Sí,18.8,627.75,1,0
CU8712,Masculino,0,Sí,No,41,Dos años,Sí,Cheque electrónico,Fibra óptica,Sí,No,No,81.18,3142.56,0,0
CU8713,Femenino,0,Sí,No,4,Mes a mes,Sí,Domiciliación bancaria,Fibra óptica,No,Sí,Sí,79.99,301.88,1,1
CU8714,Masculino,0,No,No,3,Dos años,No,Cheque electrónico,Sin internet,Sí,No,Sí,82.22,246.43,2,1
CU8715,Masculino,0,No,No,13,Mes a mes,Sí,Cheque electrónico,Fibra óptica,Sí,No,No,63.66,833.22,1,1
CU8716,Femenino,0,Sí,No,35,Mes a mes,Sí,Tarjeta de crédito,DSL,No,No,No,100.43,3324.92,1,0
CU8717,Femenino,1,No,Sí,37,Dos años,Sí,Domiciliación bancaria,DSL,No,Sí,No,65.02,2459.73,2,0
CU8718,Masculino,0,Sí,No,60,Mes a mes,No,Tarjeta de crédito,Sin internet,No,No,Sí,59.09,3517.64,1,1
CU8719,Femenino,0,Sí,Sí,8,Mes a mes,Sí,Transferencia,Fibra óptica,Sí,No,Sí,97.65,731.3,0,0
CU8720,Masculino,1,No,Sí,34,Un año,No,Transferencia,Fibra óptica,Sí,No,No,60.14,2060.53,1,0
CU8721,Masculino,0,No,No,26,Mes a mes,Sí,Cheque electrónico,Fibra óptica,No,No,No,20.46,490.99,0,0
CU8722,Femenino,1,No,No,72,Mes a mes,Sí,Transferencia,Fibra óptica,Sí,No,No,79.03,5239.91,3,0
CU8723,Masculino,0,No,No,68,Dos años,Sí,Domiciliación bancaria,Fibra óptica,No,No,No,95.38,6683.55,1,0
CU8724,Femenino,0,Sí,No,7,Un año,No,Cheque electrónico,DSL,No,Sí,Sí,73.2,488.0,2,0
CU8725,Masculino,0,Sí,No,48,Mes a mes,No,Tarjeta de crédito,Fibra óptica,No,No,Sí,54.86,2612.74,1,0
CU8726,Masculino,0,No,No,44,Mes a mes,No,Domiciliación bancaria,DSL,No,No,No,72.32,2990.84,0,0
CU8727,Masculino,0,No,Sí,0,Mes a mes,Sí,Cheque electrónico,Sin internet,Sí,Sí,No,84.12,83.96,1,1
CU8728,Femenino,1,No,No,38,Mes a mes,Sí,Cheque electrónico,DSL,No,No,Sí,36.09,1359.95,1,0
CU8729,Masculino,0,No,Sí,50,Dos años,Sí,Cheque electrónico,Sin internet,No,Sí,No,18.0,854.41,2,0
CU8730,Masculino,0,Sí,No,42,Mes a mes,Sí,Domiciliación bancaria,DSL,No,No,Sí,61.16,2363.9,0,0
CU8731,Masculino,0,No,No,47,Dos años,Sí,Cheque electrónico,DSL,Sí,Sí,Sí,94.05,4175.6,0,0
CU8732,Masculino,1,Sí,Sí,37,Un año,Sí,Transferencia,Fibra óptica,No,Sí,No,33.18,1144.4,2,0
CU8733,Masculino,0,No,No,67,Mes a mes,Sí,Cheque electrónico,DSL,Sí,No,No,29.15,1983.63,0,0
CU8734,Masculino,0,No,Sí,41,Dos años,No,Tarjeta de crédito,DSL,No,No,No,70.67,2828.87,0,0
CU8735,Masculino,0,No,Sí,52,Mes a mes,Sí,Transferencia,Fibra óptica,Sí,No,Sí,58.5,3119.13,0,1
CU8736,Masculino,0,Sí,No,66,Mes a mes,No,Transferencia,DSL,Sí,No,Sí,45.61,2877.96,0,0
CU8737,Femenino,0,No,No,39,Mes a mes,Sí,Transferencia,Fibra óptica,Sí,No,No,97.57,3536.38,1,1
CU8738,Femenino,1,No,No,26,Dos años,No,Domiciliación bancaria,Sin internet,No,No,No,46.2,1164.38,0,0
CU8739,Femenino,0,Sí,Sí,49,Un año,No,Domiciliación bancaria,Fibra óptica,No,No,No,75.05,3423.55,1,0
CU8740,Masculino,0,No,No,48,Mes a mes,Sí,Domiciliación bancaria,Fibra óptica,No,Sí,No,88.51,4438.07,2,0
CU8741,Femenino,0,No,Sí,56,Un año,Sí,Cheque electrónico,Fibra óptica,Sí,No,No,59.18,3346.92,1,0
CU8742,Femenino,0,Sí,Sí,16,Mes a mes,No,Cheque electrónico,DSL,No,Sí,Sí,88.57,1412.49,1,1
CU8743,Femenino,0,No,No,1,Mes a mes,Sí,Transferencia,Fibra óptica,No,No,No,83.71,80.92,0,1
CU8744,Masculino,0,No,No,25,Dos años,No,Tarjeta de crédito,Fibra óptica,No,No,No,70.14,1716.77,1,0
CU8745,Masculino,0,No,No,56,Un año,Sí,Cheque electrónico,Fibra óptica,Sí,Sí,No,54.51,2851.7,2,0
CU8746,Masculino,0,Sí,Sí,39,Un año,No,Tarjeta de crédito,Fibra óptica,Sí,Sí,No,105.08,4116.43,1,0
CU8747,Masculino,1,Sí,Sí,5,Un año,No,Domiciliación bancaria,Fibra óptica,No,No,No,90.4,433.43,3,0
CU8748,Femenino,0,Sí,Sí,51,Mes a mes,No,Domiciliación bancaria,Sin internet,No,Sí,No,85.68,4157.65,1,1
CU8749,Femenino,1,No,Sí,42,Dos años,No,Domiciliación bancaria,DSL,No,No,No,66.61,2803.6,3,0
CU8750,Femenino,0,No,No,66,Mes a mes,Sí,Cheque electrónico,DSL,No,Sí,Sí,49.9,3074.81,2,0
CU8751,Femenino,0,Sí,No,28,Mes a mes,No,Domiciliación bancaria,Fibra óptica,No,Sí,No,18.0,526.76,0,0
CU8752,Femenino,0,No,No,51,Mes a mes,Sí,Cheque electrónico,Sin internet,No,Sí,No,79.67,3754.55,1,0
CU8753,Femenino,0,No,No,63,Dos años,Sí,Tarjeta de crédito,Sin internet,Sí,Sí,Sí,55.67,3433.07,0,0
CU8754,Masculino,0,Sí,No,50,Un año,No,Transferencia,Sin internet,No,No,Sí,71.2,3549.02,0,0
CU8755,Masculino,1,Sí,Sí,66,Mes a mes,No,Domiciliación bancaria,DSL,No,No,No,130.0,8672.98,0,0
CU8756,Femenino,0,Sí,No,31,Mes a mes,No,Tarjeta de crédito,DSL,No,No,No,100.02,3013.66,1,1
CU8757,Femenino,0,Sí,No,1,Mes a mes,Sí,Transferencia,DSL,Sí,Sí,No,77.53,76.89,3,0
CU8758,Femenino,0,Sí,Sí,17,Mes a mes,No,Tarjeta de crédito,DSL,Sí,Sí,No,62.18,1100.11,0,0
CU8759,Masculino,1,No,Sí,11,Mes a mes,No,Transferencia,Fibra óptica,No,Sí,No,86.86,959.13,2,0
CU8760,Masculino,0,No,No,51,Mes a mes,Sí,Tarjeta de crédito,Fibra óptica,No,No,Sí,90.35,4812.54,2,0
CU8761,Femenino,0,No,Sí,47,Mes a mes,Sí,Tarjeta de crédito,Fibra óptica,Sí,No,No,54.15,2537.96,1,0
CU8762,Femenino,0,No,No,27,Dos años,No,Tarjeta de crédito,DSL,Sí,Sí,No,57.67,1464.5,0,0
CU8763,Masculino,0,Sí,No,34,Mes a mes,No,Domiciliación bancaria,Fibra óptica,No,Sí,Sí,71.57,2501.74,2,1
CU8764,Masculino,1,Sí,No,63,Dos años,Sí,Tarjeta de crédito,Sin internet,Sí,No,No,43.81,2887.62,0,0
CU8765,Femenino,0,Sí,Sí,25,Dos años,Sí,Transferencia,DSL,Sí,Sí,Sí,45.78,1058.21,1,1
CU8766,Masculino,0,Sí,No,62,Mes a mes,No,Transferencia,DSL,No,No,No,33.43,1947.83,5,1
CU8767,Femenino,0,No,No,12,Mes a mes,No,Cheque electrónico,DSL,No,Sí,No,113.78,1318.5,1,0
CU8768,Femenino,1,Sí,Sí,5,Un año,Sí,Domiciliación bancaria,Sin internet,No,No,Sí,27.24,127.05,0,0
CU8769,Masculino,0,Sí,No,18,Dos años,Sí,Transferencia,Sin internet,No,No,No,28.26,477.05,1,0
CU8770,Masculino,0,No,No,2,Mes a mes,Sí,Transferencia,Sin internet,Sí,No,No,18.0,33.64,2,1
CU8771,Femenino,0,No,Sí,4,Mes a mes,No,Cheque electrónico,Sin internet,No,No,Sí,82.32,333.2,1,0
CU8772,Femenino,1,No,No,33,Mes a mes,No,Cheque electrónico,Sin internet,No,No,No,38.48,1308.2,0,1
CU8773,Masculino,1,No,Sí,29,Un año,Sí,Domiciliación bancaria,DSL,Sí,No,No,86.21,2607.35,1,0
CU8774,Femenino,0,Sí,No,16,Mes a mes,No,Tarjeta de crédito,Fibra óptica,No,No,No,63.63,994.3,1,1
CU8775,Masculino,0,No,No,11,Mes a mes,Sí,Transferencia,DSL,Sí,Sí,Sí,100.63,1025.96,1,0
CU8776,Femenino,0,Sí,Sí,17,Mes a mes,Sí,Tarjeta de crédito,Fibra óptica,No,No,No,41.19,700.85,0,0
CU8777,Masculino,0,No,No,54,Un año,No,Transferencia,Fibra óptica,Sí,No,No,66.65,3450.61,1,0
CU8778,Masculino,0,No,No,29,Mes a mes,No,Cheque electrónico,Fibra óptica,No,No,No,96.12,2661.51,2,1
CU8779,Femenino,0,Sí,No,42,Dos años,Sí,Domiciliación bancaria,Fibra óptica,No,Sí,Sí,99.02,4175.24,0,0
CU8780,Masculino,0,No,No,57,Mes a mes,No,Cheque electrónico,DSL,No,No,No,95.42,5624.61,1,0
CU8781,Femenino,0,No,Sí,56,Un año,Sí,Transferencia,Fibra óptica,Sí,Sí,No,80.52,4505.77,1,0
CU8782,Masculino,1,Sí,No,12,Dos años,Sí,Transferencia,Sin internet,No,Sí,Sí,64.28,765.65,1,0
CU8783,Femenino,0,Sí,No,43,Dos años,Sí,Cheque electrónico,Fibra óptica,No,No,No,81.36,3609.97,0,0
CU8784,Masculino,0,No,No,69,Mes a mes,Sí,Tarjeta de crédito,Fibra óptica,No,No,No,28.33,1955.58,0,0
CU8785,Femenino,0,Sí,Sí,34,Un año,Sí,Transferencia,Sin internet,No,Sí,No,54.43,1859.79,3,0
CU8786,Masculino,0,No,No,44,Dos años,Sí,Transferencia,Sin internet,No,No,Sí,104.49,4651.84,3,0
CU8787,Femenino,0,Sí,No,64,Un año,Sí,Tarjeta de crédito,Fibra óptica,No,No,Sí,90.83,5555.52,1,0
CU8788,Masculino,0,Sí,No,55,Dos años,Sí,Transferencia,Sin internet,No,Sí,Sí,30.85,1771.26,0,0
CU8789,Masculino,0,No,No,26,Dos años,Sí,Tarjeta de crédito,Sin internet,No,No,No,74.86,2023.43,1,0
CU8790,Femenino,0,Sí,Sí,11,Mes a mes,Sí,Tarjeta de crédito,DSL,Sí,No,No,39.75,411.92,0,0
CU8791,Masculino,0,No,Sí,49,Mes a mes,Sí,Domiciliación bancaria,Sin internet,No,No,No,57.03,2820.71,0,0
CU8792,Femenino,1,No,Sí,10,Un año,Sí,Transferencia,DSL,No,No,No,106.49,994.73,2,0
CU8793,Masculino,0,Sí,No,27,Un año,No,Transferencia,Fibra óptica,No,No,No,18.0,455.42,1,1
CU8794,Femenino,0,Sí,No,23,Mes a mes,Sí,Tarjeta de crédito,Fibra óptica,No,Sí,No,29.23,621.07,2,1
CU8795,Femenino,0,Sí,No,9,Dos años,Sí,Transferencia,Fibra óptica,No,Sí,Sí,69.23,595.36,0,0
CU8796,Femenino,0,Sí,Sí,65,Mes a mes,Sí,Cheque electrónico,Fibra óptica,Sí,Sí,No,78.15,5071.32,2,0
CU8797,Femenino,0,No,No,61,Dos años,Sí,Transferencia,DSL,No,Sí,Sí,56.57,3372.27,2,0
CU8798,Femenino,1,Sí,No,61,Mes a mes,No,Cheque electrónico,Fibra óptica,No,Sí,Sí,97.44,5521.6,4,0
CU8799,Masculino,0,No,No,24,Un año,Sí,Transferencia,DSL,Sí,No,Sí,58.6,1350.68,0,1
CU8800,Masculino,0,Sí,No,19,Dos años,No,Transferencia,DSL,No,Sí,Sí,72.6,1336.78,0,0
CU8801,Masculino,0,Sí,No,36,Un año,No,Transferencia,DSL,Sí,Sí,Sí,66.62,2517.64,2,0
CU8802,Femenino,0,No,No,30,Mes a mes,No,Cheque electrónico,DSL,No,No,Sí,57.86,1742.99,0,0
CU8803,Masculino,0,No,Sí,27,Mes a mes,No,Tarjeta de crédito,DSL,No,No,No,85.91,2299.39,2,1
CU8804,Masculino,0,Sí,Sí,36,Un año,No,Cheque electrónico,Fibra óptica,Sí,No,Sí,42.39,1517.52,1,0
CU8805,Masculino,0,Sí,Sí,49,Un año,Sí,Transferencia,DSL,No,Sí,Sí,101.21,4700.23,0,0
CU8806,Masculino,0,No,No,23,Dos años,Sí,Domiciliación bancaria,Fibra óptica,Sí,No,No,92.02,2006.08,1,1
CU8807,Masculino,0,Sí,Sí,55,Un año,No,Transferencia,DSL,Sí,Sí,Sí,92.46,4956.39,3,0
CU8808,Femenino,1,Sí,Sí,69,Mes a mes,Sí,Domiciliación bancaria,DSL,No,Sí,Sí,128.89,8511.08,0,0
CU8809,Femenino,0,No,Sí,45,Mes a mes,Sí,Domiciliación bancaria,Sin internet,Sí,No,Sí,76.8,3355.39,3,0
CU8810,Femenino,0,No,Sí,49,Un año,Sí,Cheque electrónico,Fibra óptica,No,No,No,68.48,3443.09,2,0
CU8811,Masculino,0,No,No,42,Un año,Sí,Tarjeta de crédito,Fibra óptica,No,No,Sí,78.11,3278.35,1,1
CU8812,Femenino,0,No,Sí,31,Mes a mes,No,Cheque electrónico,Sin internet,Sí,Sí,Sí,53.5,1553.35,0,0
CU8813,Femenino,1,No,No,2,Dos años,No,Domiciliación bancaria,Fibra óptica,Sí,No,No,62.6,122.15,2,0
CU8814,Femenino,0,No,No,0,Un año,Sí,Tarjeta de crédito,DSL,No,Sí,Sí,41.71,41.02,0,0
CU8815,Masculino,0,Sí,No,32,Un año,No,Transferencia,Sin internet,No,No,No,103.06,3079.51,0,0
CU8816,Masculino,0,No,Sí,4,Un año,Sí,Tarjeta de crédito,DSL,Sí,Sí,Sí,36.85,144.13,1,1
CU8817,Masculino,0,Sí,Sí,19,Mes a mes,Sí,Tarjeta de crédito,Fibra óptica,Sí,No,Sí,42.11,738.7,2,0
CU8818,Femenino,0,No,No,40,Dos años,Sí,Domiciliación bancaria,Fibra óptica,No,Sí,No,59.06,2383.85,2,0
CU8819,Masculino,0,No,Sí,2,Un año,Sí,Domiciliación bancaria,Fibra óptica,No,Sí,No,34.13,66.52,1,0
CU8820,Masculino,0,Sí,Sí,55,Un año,Sí,Tarjeta de crédito,DSL,No,No,Sí,46.78,2664.62,0,0
CU8821,Masculino,1,Sí,No,38,Mes a mes,No,Transferencia,Sin internet,No,Sí,No,55.06,1970.8,2,0
CU8822,Femenino,0,Sí,No,45,Un año,Sí,Cheque electrónico,Fibra óptica,Sí,Sí,No,87.28,4017.33,1,0
CU8823,Femenino,0,No,No,12,Dos años,Sí,Transferencia,Fibra óptica,No,Sí,No,24.48,275.51,1,0
CU8824,Femenino,0,Sí,No,59,Mes a mes,Sí,Domiciliación bancaria,Sin internet,No,No,Sí,50.4,2831.87,2,1
CU8825,Femenino,0,Sí,Sí,42,Dos años,No,Tarjeta de crédito,Sin internet,Sí,No,Sí,73.4,3019.69,0,0
CU8826,Femenino,0,Sí,No,56,Mes a mes,Sí,Tarjeta de crédito,Sin internet,No,No,No,79.02,4365.78,2,1
CU8827,Femenino,0,No,No,6,Mes a mes,No,Transferencia,DSL,Sí,No,Sí,130.0,812.63,2,0
CU8828,Femenino,0,No,No,58,Dos años,No,Transferencia,Fibra óptica,Sí,No,No,105.97,6328.48,1,0
CU8829,Masculino,1,Sí,No,38,Un año,Sí,Tarjeta de crédito,Fibra óptica,No,No,No,111.26,4289.15,2,0
CU8830,Masculino,0,No,No,44,Mes a mes,Sí,Cheque electrónico,DSL,Sí,No,Sí,22.01,1012.86,0,0
CU8831,Femenino,1,No,No,1,Mes a mes,No,Tarjeta de crédito,Fibra óptica,Sí,Sí,No,74.38,68.59,0,0
CU8832,Femenino,1,No,No,62,Un año,Sí,Transferencia,Fibra óptica,No,Sí,No,82.61,5150.97,1,0
CU8833,Femenino,0,No,No,2,Mes a mes,No,Domiciliación bancaria,Fibra óptica,No,Sí,No,30.77,61.49,1,0
CU8834,Masculino,1,Sí,Sí,24,Mes a mes,No,Transferencia,Fibra óptica,No,No,No,58.39,1415.22,0,0
CU8835,Femenino,0,No,Sí,20,Dos años,Sí,Transferencia,DSL,No,Sí,No,87.73,1676.51,1,0
CU8836,Masculino,1,No,Sí,11,Mes a mes,No,Transferencia,DSL,Sí,Sí,Sí,89.34,952.98,0,1
CU8837,Masculino,0,Sí,Sí,63,Mes a mes,Sí,Transferencia,Fibra óptica,No,No,Sí,100.73,6088.73,1,0
CU8838,Masculino,0,No,No,58,Un año,Sí,Cheque electrónico,Sin internet,No,Sí,Sí,68.71,4155.18,0,0
CU8839,Femenino,0,No,No,42,Un año,Sí,Tarjeta de crédito,DSL,Sí,Sí,Sí,49.88,2195.19,2,0
CU8840,Masculino,0,Sí,No,21,Mes a mes,Sí,Domiciliación bancaria,DSL,Sí,No,No,82.01,1597.25,0,0
CU8841,Masculino,0,Sí,No,59,Un año,Sí,Cheque electrónico,DSL,Sí,No,No,70.69,4057.34,3,0
CU8842,Femenino,0,Sí,No,16,Mes a mes,Sí,Cheque electrónico,Fibra óptica,No,Sí,No,78.16,1175.74,0,1
CU8843,Femenino,0,Sí,Sí,24,Dos años,No,Tarjeta de crédito,Sin internet,No,No,No,18.0,413.79,2,0
CU8844,Masculino,0,No,No,40,Un año,Sí,Tarjeta de crédito,DSL,No,Sí,Sí,65.2,2505.5,4,0
CU8845,Femenino,0,No,Sí,42,Un año,Sí,Transferencia,Fibra óptica,Sí,Sí,Sí,76.98,3227.07,1,0
CU8846,Masculino,1,Sí,No,40,Un año,No,Transferencia,Fibra óptica,No,Sí,No,65.17,2465.02,3,0
CU8847,Femenino,0,Sí,No,12,Mes a mes,Sí,Cheque electrónico,Sin internet,Sí,No,Sí,61.36,699.81,0,0
CU8848,Femenino,0,Sí,No,5,Mes a mes,No,Transferencia,Sin internet,No,Sí,No,61.33,308.54,2,1
CU8849,Masculino,1,Sí,No,32,Mes a mes,No,Tarjeta de crédito,DSL,Sí,Sí,No,40.51,1294.16,2,1
CU8850,Masculino,0,Sí,No,45,Un año,Sí,Transferencia,DSL,No,Sí,No,89.17,4104.42,2,0
CU8851,Masculino,0,No,No,2,Dos años,Sí,Transferencia,DSL,No,No,No,56.79,109.1,0,0
CU8852,Masculino,0,Sí,Sí,16,Mes a mes,No,Domiciliación bancaria,DSL,No,No,Sí,18.0,272.6,2,0
CU8853,Masculino,0,No,No,35,Dos años,Sí,Cheque electrónico,Sin internet,No,No,No,47.9,1579.39,1,0
CU8854,Femenino,1,No,No,9,Mes a mes,No,Tarjeta de crédito,DSL,No,No,No,43.61,411.07,0,0
CU8855,Femenino,0,Sí,Sí,66,Mes a mes,Sí,Transferencia,Fibra óptica,No,No,No,55.9,3763.78,2,0
CU8856,Femenino,0,Sí,No,70,Mes a mes,Sí,Tarjeta de crédito,Fibra óptica,Sí,No,No,46.88,3343.79,2,0
CU8857,Masculino,0,No,No,40,Mes a mes,No,Cheque electrónico,DSL,Sí,Sí,Sí,61.93,2550.73,5,0
CU8858,Femenino,0,Sí,No,21,Dos años,Sí,Tarjeta de crédito,Sin internet,No,Sí,No,70.54,1404.89,1,0
CU8859,Femenino,0,Sí,Sí,65,Mes a mes,Sí,Transferencia,DSL,Sí,No,No,42.84,2854.47,1,0
CU8860,Femenino,0,Sí,Sí,30,Un año,Sí,Domiciliación bancaria,DSL,Sí,Sí,Sí,66.46,2045.78,0,0
CU8861,Femenino,0,No,No,40,Dos años,Sí,Transferencia,DSL,No,Sí,No,83.61,3465.5,1,0
CU8862,Masculino,0,No,Sí,10,Mes a mes,No,Transferencia,DSL,No,No,No,55.02,519.11,2,1
CU8863,Masculino,0,Sí,No,22,Mes a mes,Sí,Transferencia,DSL,Sí,Sí,Sí,83.47,1763.19,1,0
CU8864,Femenino,0,No,Sí,69,Mes a mes,Sí,Cheque electrónico,Sin internet,No,No,No,102.06,6794.47,1,0
CU8865,Femenino,0,No,No,43,Un año,No,Cheque electrónico,DSL,No,No,Sí,38.61,1681.13,2,0
CU8866,Masculino,1,Sí,Sí,1,Dos años,No,Domiciliación bancaria,DSL,No,Sí,No,73.28,69.84,0,1
CU8867,Masculino,1,Sí,Sí,32,Mes a mes,No,Tarjeta de crédito,DSL,No,No,No,122.0,3629.2,3,1
CU8868,Femenino,0,No,No,0,Dos años,Sí,Transferencia,Sin internet,No,Sí,No,71.73,67.33,1,0
CU8869,Masculino,0,Sí,No,34,Dos años,No,Cheque electrónico,DSL,Sí,Sí,No,41.86,1410.02,2,0
CU8870,Femenino,0,Sí,No,29,Un año,Sí,Transferencia,Fibra óptica,No,Sí,No,78.68,2266.07,2,0
CU8871,Femenino,0,No,No,41,Un año,No,Tarjeta de crédito,Fibra óptica,No,Sí,No,60.3,2417.89,1,0
CU8872,Femenino,0,No,No,8,Dos años,No,Cheque electrónico,Sin internet,No,No,Sí,29.55,238.91,1,0
CU8873,Femenino,0,Sí,Sí,16,Dos años,No,Cheque electrónico,DSL,No,No,Sí,60.25,915.06,2,0
CU8874,Femenino,0,Sí,No,14,Un año,No,Cheque electrónico,Sin internet,Sí,No,Sí,32.92,457.92,0,0
CU8875,Masculino,0,No,Sí,60,Mes a mes,No,Domiciliación bancaria,Fibra óptica,Sí,Sí,No,19.0,1096.58,2,0
CU8876,Masculino,0,Sí,Sí,20,Un año,Sí,Domiciliación bancaria,DSL,No,No,Sí,89.29,1736.35,0,0
CU8877,Femenino,0,No,No,50,Mes a mes,No,Tarjeta de crédito,Fibra óptica,Sí,Sí,Sí,18.0,938.41,0,1
CU8878,Femenino,1,No,Sí,34,Mes a mes,Sí,Transferencia,Fibra óptica,No,No,No,104.11,3464.76,0,1
CU8879,Masculino,0,Sí,Sí,25,Un año,Sí,Transferencia,Fibra óptica,No,Sí,Sí,80.92,1925.95,0,0
CU8880,Femenino,0,Sí,No,64,Mes a mes,No,Tarjeta de crédito,Fibra óptica,No,Sí,Sí,106.85,6404.17,2,0
CU8881,Masculino,1,Sí,No,40,Mes a mes,No,Tarjeta de crédito,DSL,No,No,No,111.63,4547.5,1,0
CU8882,Masculino,0,No,No,30,Mes a mes,No,Cheque electrónico,Sin internet,Sí,No,Sí,96.47,2999.73,1,0
CU8883,Femenino,0,No,Sí,2,Mes a mes,Sí,Cheque electrónico,Sin internet,No,No,No,53.01,103.58,2,1
CU8884,Femenino,0,No,Sí,57,Dos años,No,Tarjeta de crédito,DSL,No,No,Sí,47.64,2720.1,2,0
CU8885,Femenino,0,Sí,No,42,Mes a mes,Sí,Transferencia,Sin internet,Sí,No,Sí,68.18,2972.34,0,0
CU8886,Femenino,0,Sí,No,70,Dos años,Sí,Cheque electrónico,Sin internet,Sí,No,Sí,92.83,6173.76,0,0
CU8887,Femenino,1,No,Sí,58,Mes a mes,Sí,Domiciliación bancaria,Fibra óptica,Sí,Sí,No,118.01,6539.63,0,0
CU8888,Masculino,0,No,No,61,Mes a mes,Sí,Tarjeta de crédito,Fibra óptica,No,Sí,No,36.87,2131.82,1,0
CU8889,Masculino,0,Sí,No,56,Mes a mes,Sí,Cheque electrónico,Sin internet,No,No,Sí,87.72,5110.16,0,0
CU8890,Masculino,0,Sí,No,62,Mes a mes,No,Domiciliación bancaria,DSL,Sí,Sí,Sí,66.12,3894.3,0,0
CU8891,Femenino,0,No,No,56,Mes a mes,No,Tarjeta de crédito,DSL,Sí,No,No,66.18,3802.9,2,0
CU8892,Masculino,0,No,No,58,Dos años,Sí,Transferencia,DSL,No,Sí,Sí,83.21,4838.1,1,0
CU8893,Femenino,0,No,No,50,Un año,Sí,Domiciliación bancaria,Fibra óptica,Sí,No,Sí,18.0,834.91,0,0
CU8894,Femenino,0,Sí,Sí,8,Mes a mes,Sí,Domiciliación bancaria,DSL,Sí,Sí,No,65.8,545.61,3,0
CU8895,Masculino,0,Sí,No,18,Mes a mes,Sí,Cheque electrónico,Fibra óptica,No,No,No,30.38,530.06,0,1
CU8896,Femenino,0,Sí,No,12,Mes a mes,No,Tarjeta de crédito,DSL,No,No,No,85.58,1004.04,0,1
CU8897,Masculino,0,No,Sí,72,Mes a mes,No,Tarjeta de crédito,Fibra óptica,Sí,No,Sí,73.76,5285.46,1,0
CU8898,Masculino,1,Sí,No,20,Mes a mes,Sí,Tarjeta de crédito,Fibra óptica,No,No,Sí,112.43,2242.62,0,1
CU8899,Masculino,1,No,Sí,20,Un año,Sí,Transferencia,Fibra óptica,No,Sí,No,106.86,2214.65,2,0
CU8900,Masculino,0,No,No,49,Un año,No,Cheque electrónico,DSL,Sí,Sí,No,48.13,2356.23,0,0
CU8901,Masculino,1,Sí,No,7,Mes a mes,No,Cheque electrónico,DSL,No,Sí,No,72.74,522.27,0,0
CU8902,Masculino,0,No,No,30,Mes a mes,No,Transferencia,DSL,No,No,No,110.16,3198.72,1,0
CU8903,Masculino,0,Sí,No,43,Un año,Sí,Transferencia,DSL,Sí,No,Sí,78.45,3523.04,1,0
CU8904,Femenino,0,Sí,Sí,36,Mes a mes,Sí,Tarjeta de crédito,DSL,No,No,Sí,85.29,3186.19,2,1
CU8905,Femenino,0,No,No,0,Mes a mes,Sí,Domiciliación bancaria,Sin internet,No,Sí,Sí,111.3,105.84,0,1
CU8906,Femenino,0,No,No,59,Mes a mes,Sí,Tarjeta de crédito,Fibra óptica,No,Sí,No,106.88,6352.78,3,0
CU8907,Masculino,0,Sí,No,35,Dos años,Sí,Transferencia,Fibra óptica,No,No,No,71.24,2318.57,1,0
CU8908,Femenino,0,No,No,2,Dos años,Sí,Tarjeta de crédito,Fibra óptica,No,Sí,Sí,95.94,186.67,0,0
CU8909,Femenino,0,Sí,No,3,Mes a mes,Sí,Cheque electrónico,DSL,No,No,Sí,91.28,272.47,0,1
CU8910,Masculino,0,Sí,No,63,Un año,Sí,Transferencia,DSL,Sí,No,No,113.48,7069.03,3,0
CU8911,Masculino,0,No,No,71,Dos años,No,Tarjeta de crédito,Sin internet,No,No,No,69.12,4669.74,0,0
CU8912,Femenino,0,No,No,41,Mes a mes,No,Domiciliación bancaria,Sin internet,Sí,Sí,No,101.77,4011.64,0,0
CU8913,Femenino,0,Sí,Sí,48,Mes a mes,No,Domiciliación bancaria,Fibra óptica,Sí,No,Sí,55.18,2495.6,1,0
CU8914,Masculino,0,Sí,No,43,Dos años,Sí,Tarjeta de crédito,Sin internet,No,No,Sí,79.75,3578.31,0,0
CU8915,Femenino,0,No,No,39,Un año,No,Tarjeta de crédito,Fibra óptica,Sí,No,Sí,91.86,3716.13,2,1
CU8916,Masculino,0,Sí,No,20,Mes a mes,No,Transferencia,Fibra óptica,No,No,No,86.23,1781.28,1,1
CU8917,Masculino,0,No,No,16,Mes a mes,No,Domiciliación bancaria,DSL,No,Sí,Sí,75.71,1165.15,0,1
CU8918,Masculino,0,Sí,No,12,Mes a mes,Sí,Domiciliación bancaria,Fibra óptica,No,No,No,66.25,807.92,0,0
CU8919,Masculino,0,Sí,No,5,Mes a mes,No,Domiciliación bancaria,DSL,Sí,No,Sí,87.06,447.42,0,1
CU8920,Femenino,0,No,No,41,Un año,Sí,Tarjeta de crédito,Sin internet,Sí,Sí,No,81.53,3087.45,2,0
CU8921,Masculino,0,No,No,47,Mes a mes,Sí,Cheque electrónico,DSL,Sí,No,No,70.1,3277.36,0,0
CU8922,Masculino,0,No,Sí,61,Un año,Sí,Transferencia,Sin internet,Sí,No,No,85.95,5213.43,1,0
CU8923,Femenino,0,Sí,Sí,67,Mes a mes,Sí,Cheque electrónico,Fibra óptica,No,No,No,25.04,1548.18,1,0
CU8924,Femenino,0,No,No,55,Mes a mes,Sí,Tarjeta de crédito,Fibra óptica,No,No,No,78.81,4157.19,1,0
CU8925,Masculino,0,No,No,54,Un año,Sí,Cheque electrónico,DSL,No,No,Sí,19.11,1060.94,2,0
CU8926,Femenino,0,No,No,58,Dos años,Sí,Cheque electrónico,Sin internet,No,No,Sí,42.08,2543.55,0,0
CU8927,Masculino,0,No,Sí,37,Mes a mes,Sí,Transferencia,DSL,No,No,No,76.02,2674.65,0,0
CU8928,Femenino,0,Sí,Sí,24,Mes a mes,No,Domiciliación bancaria,DSL,No,No,No,65.28,1627.48,2,1
CU8929,Masculino,0,No,No,32,Dos años,No,Cheque electrónico,Sin internet,Sí,Sí,Sí,19.29,642.66,0,0
CU8930,Masculino,0,Sí,No,45,Mes a mes,No,Domiciliación bancaria,DSL,No,No,No,18.0,791.75,2,0
CU8931,Masculino,0,Sí,No,44,Mes a mes,No,Domiciliación bancaria,DSL,No,Sí,Sí,56.85,2321.27,0,1
CU8932,Masculino,0,No,Sí,41,Dos años,No,Transferencia,Sin internet,Sí,No,Sí,18.0,728.47,0,0
CU8933,Femenino,0,No,No,62,Mes a mes,Sí,Domiciliación bancaria,Fibra óptica,Sí,Sí,No,27.68,1670.27,0,0
CU8934,Masculino,0,Sí,No,6,Un año,Sí,Transferencia,DSL,No,No,Sí,49.35,297.26,1,0
CU8935,Femenino,0,No,Sí,47,Mes a mes,Sí,Tarjeta de crédito,Sin internet,Sí,No,No,90.16,3935.15,1,1
CU8936,Masculino,0,Sí,No,39,Un año,Sí,Tarjeta de crédito,Fibra óptica,No,No,Sí,32.8,1231.38,1,0
CU8937,Femenino,0,Sí,Sí,5,Dos años,No,Cheque electrónico,Sin internet,No,No,Sí,18.0,83.62,2,0
CU8938,Femenino,0,Sí,No,0,Mes a mes,Sí,Transferencia,DSL,No,No,Sí,102.84,94.92,1,1
CU8939,Masculino,0,Sí,No,0,Dos años,Sí,Cheque electrónico,Fibra óptica,No,No,No,89.03,85.91,2,0
CU8940,Masculino,0,Sí,Sí,53,Mes a mes,Sí,Cheque electrónico,DSL,No,No,Sí,75.21,3934.93,3,0
CU8941,Masculino,0,Sí,Sí,70,Dos años,No,Domiciliación bancaria,Fibra óptica,No,No,No,64.06,4647.23,1,0
CU8942,Masculino,0,Sí,Sí,64,Dos años,No,Domiciliación bancaria,Fibra óptica,Sí,Sí,No,123.6,7348.8,2,1
CU8943,Masculino,1,No,Sí,1,Dos años,No,Domiciliación bancaria,DSL,No,Sí,No,74.02,73.34,1,0
CU8944,Femenino,0,Sí,Sí,64,Mes a mes,No,Domiciliación bancaria,Fibra óptica,No,Sí,Sí,67.41,4488.9,1,0
CU8945,Masculino,0,Sí,No,45,Un año,No,Tarjeta de crédito,DSL,No,Sí,No,60.04,2826.93,0,0
CU8946,Femenino,1,Sí,No,23,Mes a mes,Sí,Tarjeta de crédito,Fibra óptica,No,Sí,No,77.21,1704.33,1,0
CU8947,Masculino,0,No,Sí,14,Mes a mes,No,Tarjeta de crédito,DSL,Sí,No,Sí,44.55,627.85,0,0
CU8948,Masculino,0,No,Sí,44,Mes a mes,Sí,Cheque electrónico,DSL,No,No,Sí,96.2,3898.25,1,0
CU8949,Femenino,0,No,No,12,Mes a mes,No,Cheque electrónico,DSL,No,No,Sí,101.5,1250.09,1,0
CU8950,Masculino,0,Sí,Sí,54,Mes a mes,Sí,Transferencia,Fibra óptica,No,No,No,100.68,5690.13,0,0
CU8951,Femenino,0,Sí,Sí,15,Un año,No,Domiciliación bancaria,DSL,No,No,Sí,63.72,939.44,1,1
CU8952,Masculino,0,No,No,46,Mes a mes,Sí,Domiciliación bancaria,Fibra óptica,No,No,No,75.55,3255.08,2,0
CU8953,Femenino,0,Sí,No,69,Mes a mes,No,Cheque electrónico,Fibra óptica,No,No,No,27.9,1839.31,1,0
CU8954,Masculino,1,No,No,1,Mes a mes,No,Transferencia,Sin internet,No,Sí,No,29.91,27.72,0,0
CU8955,Masculino,0,No,No,11,Mes a mes,No,Cheque electrónico,Sin internet,Sí,No,No,86.58,880.3,1,0
CU8956,Femenino,0,Sí,No,38,Mes a mes,Sí,Transferencia,Fibra óptica,No,No,No,90.63,3379.25,3,1
CU8957,Masculino,0,Sí,Sí,42,Un año,Sí,Tarjeta de crédito,Fibra óptica,Sí,No,No,18.0,747.88,1,0
CU8958,Femenino,1,No,No,37,Dos años,No,Transferencia,Fibra óptica,No,No,No,29.05,1025.97,0,0
CU8959,Masculino,0,No,No,12,Mes a mes,Sí,Transferencia,Fibra óptica,Sí,No,Sí,38.93,473.57,1,1
CU8960,Femenino,0,Sí,Sí,59,Un año,Sí,Transferencia,Sin internet,Sí,Sí,No,74.7,4320.09,0,0
CU8961,Femenino,0,No,No,24,Dos años,No,Cheque electrónico,DSL,No,No,No,52.95,1209.19,0,0
CU8962,Femenino,0,Sí,No,58,Mes a mes,No,Cheque electrónico,Fibra óptica,No,Sí,Sí,32.42,1805.73,1,0
CU8963,Femenino,1,Sí,No,65,Mes a mes,Sí,Tarjeta de crédito,Fibra óptica,Sí,No,Sí,56.21,3382.88,0,0
CU8964,Femenino,0,Sí,Sí,48,Mes a mes,Sí,Transferencia,Fibra óptica,No,Sí,No,55.77,2787.75,1,0
CU8965,Femenino,0,Sí,Sí,59,Un año,No,Cheque electrónico,Fibra óptica,No,No,No,90.43,5134.09,0,0
CU8966,Femenino,0,Sí,Sí,11,Mes a mes,No,Tarjeta de crédito,Fibra óptica,No,No,Sí,57.55,629.46,1,0
CU8967,Femenino,0,No,Sí,19,Un año,No,Transferencia,Fibra óptica,No,Sí,No,105.92,2034.25,2,0
CU8968,Masculino,0,Sí,No,40,Mes a mes,Sí,Transferencia,Fibra óptica,No,Sí,Sí,18.0,678.59,2,0
CU8969,Femenino,1,Sí,Sí,30,Un año,No,Cheque electrónico,Fibra óptica,Sí,No,No,77.8,2330.84,1,0
CU8970,Femenino,1,Sí,No,64,Mes a mes,No,Transferencia,Fibra óptica,Sí,No,No,123.79,7594.2,0,0
CU8971,Masculino,1,Sí,Sí,69,Un año,Sí,Tarjeta de crédito,Fibra óptica,No,Sí,Sí,61.21,4293.03,3,0
CU8972,Femenino,0,No,Sí,11,Mes a mes,No,Cheque electrónico,Sin internet,No,Sí,Sí,57.19,592.01,3,1
CU8973,Masculino,0,No,Sí,69,Dos años,Sí,Transferencia,DSL,No,Sí,Sí,46.44,3133.59,1,0
CU8974,Masculino,0,No,Sí,62,Un año,Sí,Transferencia,DSL,No,No,Sí,24.24,1475.65,0,0
CU8975,Femenino,1,Sí,No,20,Un año,No,Transferencia,Fibra óptica,No,No,Sí,94.63,1791.48,4,0
CU8976,Femenino,0,No,Sí,6,Dos años,No,Tarjeta de crédito,Fibra óptica,No,Sí,Sí,42.89,238.11,1,1
CU8977,Masculino,0,No,No,27,Mes a mes,No,Cheque electrónico,DSL,Sí,No,Sí,90.38,2381.25,1,1
CU8978,Femenino,1,No,No,70,Mes a mes,Sí,Cheque electrónico,Fibra óptica,Sí,No,Sí,75.96,5122.71,5,0
CU8979,Femenino,0,No,No,1,Mes a mes,Sí,Transferencia,Fibra óptica,Sí,Sí,No,83.42,83.34,0,1
CU8980,Femenino,0,No,Sí,70,Mes a mes,No,Domiciliación bancaria,DSL,No,No,Sí,38.55,2768.65,2,0
CU8981,Femenino,0,Sí,Sí,16,Mes a mes,No,Tarjeta de crédito,Fibra óptica,No,Sí,Sí,74.59,1137.77,0,1
CU8982,Masculino,0,No,No,71,Dos años,No,Cheque electrónico,DSL,Sí,No,No,65.13,4472.12,2,0
CU8983,Masculino,0,No,No,40,Mes a mes,No,Cheque electrónico,Fibra óptica,No,Sí,No,70.34,2588.57,1,1
CU8984,Masculino,0,Sí,No,24,Mes a mes,Sí,Transferencia,DSL,Sí,Sí,Sí,18.0,436.52,1,0
CU8985,Masculino,0,Sí,No,47,Un año,No,Cheque electrónico,DSL,No,No,No,79.71,3842.43,1,0
CU8986,Femenino,0,No,No,62,Mes a mes,No,Transferencia,DSL,Sí,Sí,Sí,127.52,7349.04,4,1
CU8987,Femenino,0,No,Sí,24,Mes a mes,Sí,Cheque electrónico,Sin internet,Sí,No,No,29.27,709.18,0,1
CU8988,Masculino,0,Sí,No,25,Dos años,Sí,Tarjeta de crédito,DSL,No,No,No,91.5,2318.83,2,0
CU8989,Masculino,0,No,No,49,Dos años,Sí,Tarjeta de crédito,Fibra óptica,No,Sí,Sí,58.4,2788.72,2,0
CU8990,Masculino,0,No,No,7,Un año,Sí,Domiciliación bancaria,DSL,Sí,Sí,Sí,35.97,254.17,2,0
CU8991,Femenino,0,Sí,No,50,Mes a mes,Sí,Transferencia,Fibra óptica,No,No,No,45.32,2325.52,1,0
CU8992,Femenino,0,No,Sí,31,Mes a mes,No,Tarjeta de crédito,DSL,Sí,No,Sí,105.85,3258.48,1,0
CU8993,Femenino,0,Sí,No,20,Mes a mes,Sí,Cheque electrónico,Sin internet,No,No,Sí,73.1,1532.32,0,0
CU8994,Femenino,0,Sí,No,58,Mes a mes,No,Transferencia,Fibra óptica,No,Sí,No,61.48,3406.58,2,0
CU8995,Masculino,0,Sí,Sí,45,Mes a mes,Sí,Tarjeta de crédito,DSL,Sí,Sí,No,20.95,913.43,1,0
CU8996,Femenino,0,Sí,No,1,Mes a mes,Sí,Domiciliación bancaria,Fibra óptica,No,No,No,80.4,74.02,2,0
CU8997,Masculino,0,Sí,No,69,Mes a mes,No,Domiciliación bancaria,Sin internet,No,Sí,Sí,95.23,6234.5,1,0
CU8998,Masculino,0,No,No,32,Un año,Sí,Cheque electrónico,Sin internet,No,No,No,73.45,2439.96,2,0
CU8999,Femenino,0,Sí,No,0,Mes a mes,Sí,Domiciliación bancaria,DSL,Sí,Sí,No,33.02,34.18,1,0
CU9000,Femenino,0,No,Sí,44,Mes a mes,No,Transferencia,Fibra óptica,Sí,No,Sí,79.74,3461.38,2,1
CU9001,Masculino,0,No,No,25,Mes a mes,No,Cheque electrónico,DSL,No,Sí,No,117.08,2824.71,2,1
CU9002,Masculino,0,No,Sí,59,Dos años,Sí,Cheque electrónico,Fibra óptica,No,Sí,Sí,60.53,3542.82,1,0
CU9003,Femenino,0,No,No,49,Dos años,No,Cheque electrónico,Sin internet,No,No,Sí,94.0,4641.5,3,0
CU9004,Femenino,0,Sí,Sí,18,Un año,No,Transferencia,Sin internet,No,Sí,No,58.78,1028.32,1,0
CU9005,Masculino,0,Sí,No,64,Un año,Sí,Tarjeta de crédito,DSL,Sí,No,Sí,59.99,3713.63,3,0
CU9006,Femenino,0,Sí,Sí,8,Mes a mes,Sí,Domiciliación bancaria,DSL,No,Sí,Sí,70.75,524.78,1,1
CU9007,Femenino,0,No,Sí,25,Mes a mes,Sí,Cheque electrónico,Fibra óptica,No,No,No,54.9,1324.3,1,0
CU9008,Masculino,0,Sí,No,14,Mes a mes,Sí,Tarjeta de crédito,Fibra óptica,No,No,Sí,52.21,681.18,0,0
CU9009,Masculino,1,Sí,Sí,16,Un año,Sí,Domiciliación bancaria,Sin internet,No,No,No,65.53,975.24,1,0
CU9010,Femenino,0,No,No,44,Dos años,Sí,Cheque electrónico,Fibra óptica,No,No,No,92.05,4061.86,2,0
CU9011,Masculino,0,No,Sí,58,Mes a mes,Sí,Cheque electrónico,Fibra óptica,No,No,Sí,67.33,3996.43,1,1
CU9012,Femenino,0,No,Sí,45,Mes a mes,No,Domiciliación bancaria,Fibra óptica,Sí,No,No,64.0,2755.36,2,1
CU9013,Femenino,0,Sí,Sí,2,Mes a mes,No,Transferencia,Fibra óptica,No,Sí,Sí,70.52,146.99,2,0
CU9014,Femenino,0,Sí,Sí,26,Mes a mes,Sí,Transferencia,Fibra óptica,No,Sí,No,109.41,2765.13,2,0
CU9015,Femenino,0,No,No,41,Mes a mes,No,Transferencia,Fibra óptica,Sí,No,Sí,37.45,1413.72,0,1
CU9016,Femenino,0,No,No,37,Dos años,Sí,Transferencia,Fibra óptica,No,No,Sí,83.8,3138.09,0,0
CU9017,Masculino,0,Sí,No,35,Mes a mes,No,Transferencia,DSL,No,No,Sí,88.58,3201.25,1,1
CU9018,Femenino,0,Sí,No,27,Mes a mes,Sí,Tarjeta de crédito,Sin internet,Sí,Sí,Sí,60.41,1640.83,1,0
CU9019,Masculino,1,Sí,Sí,9,Mes a mes,Sí,Transferencia,Fibra óptica,No,Sí,No,99.42,898.7,0,0
CU9020,Femenino,0,No,No,6,Un año,Sí,Cheque electrónico,DSL,No,No,No,91.3,542.7,0,1
CU9021,Femenino,0,No,No,0,Dos años,Sí,Cheque electrónico,Fibra óptica,No,No,No,88.43,86.95,3,1
CU9022,Masculino,0,Sí,No,6,Un año,Sí,Transferencia,Fibra óptica,No,No,No,29.4,163.54,2,0
CU9023,Femenino,1,No,No,55,Un año,Sí,Transferencia,DSL,No,Sí,No,50.01,2704.47,1,0
CU9024,Femenino,0,Sí,No,37,Un año,No,Tarjeta de crédito,DSL,Sí,No,No,46.32,1767.64,2,0
CU9025,Masculino,0,Sí,No,60,Dos años,Sí,Tarjeta de crédito,Fibra óptica,Sí,Sí,No,85.27,4813.79,2,0
CU9026,Femenino,0,No,Sí,67,Un año,Sí,Tarjeta de crédito,Sin internet,No,Sí,Sí,90.26,5621.72,0,0
CU9027,Femenino,0,Sí,No,1,Un año,Sí,Tarjeta de crédito,Fibra óptica,No,Sí,No,57.93,55.47,1,0
CU9028,Masculino,0,No,No,31,Dos años,No,Domiciliación bancaria,Fibra óptica,Sí,Sí,No,58.02,1824.0,3,0
CU9029,Femenino,0,Sí,No,22,Un año,No,Domiciliación bancaria,Fibra óptica,No,No,Sí,127.2,2916.15,0,1
CU9030,Masculino,0,Sí,No,38,Mes a mes,No,Cheque electrónico,DSL,Sí,Sí,No,70.64,2550.69,2,0
CU9031,Masculino,0,Sí,Sí,51,Dos años,Sí,Transferencia,Fibra óptica,Sí,No,No,77.86,3718.87,1,0
CU9032,Masculino,0,No,Sí,59,Un año,Sí,Transferencia,Fibra óptica,Sí,Sí,Sí,58.47,3589.76,1,0
CU9033,Femenino,0,Sí,No,35,Dos años,Sí,Domiciliación bancaria,Fibra óptica,Sí,No,No,102.33,3710.84,0,1
CU9034,Masculino,0,No,No,39,Mes a mes,Sí,Cheque electrónico,Fibra óptica,Sí,Sí,Sí,76.6,2962.14,2,0
CU9035,Femenino,0,No,No,2,Dos años,Sí,Domiciliación bancaria,DSL,Sí,No,Sí,70.13,140.65,1,0
CU9036,Masculino,0,No,Sí,3,Un año,Sí,Domiciliación bancaria,DSL,No,Sí,Sí,71.31,211.95,0,1
CU9037,Masculino,0,No,No,26,Un año,Sí,Tarjeta de crédito,DSL,No,No,Sí,53.49,1292.44,2,0
CU9038,Femenino,0,Sí,No,27,Un año,No,Domiciliación bancaria,DSL,Sí,Sí,No,38.61,1052.62,1,0
CU9039,Femenino,0,No,No,32,Dos años,Sí,Domiciliación bancaria,Fibra óptica,No,Sí,Sí,65.24,2105.2,0,0
CU9040,Femenino,0,Sí,No,1,Dos años,Sí,Transferencia,DSL,No,No,No,108.55,112.61,1,0
CU9041,Masculino,0,Sí,No,17,Un año,Sí,Cheque electrónico,DSL,No,No,No,56.97,959.99,2,0
CU9042,Femenino,1,No,No,67,Un año,No,Tarjeta de crédito,DSL,No,No,No,94.58,6486.23,1,0
CU9043,Masculino,0,No,Sí,3,Dos años,Sí,Tarjeta de crédito,Sin internet,Sí,Sí,Sí,54.08,167.94,2,0
CU9044,Masculino,0,Sí,No,71,Un año,No,Cheque electrónico,Fibra óptica,No,No,Sí,18.0,1182.94,1,0
CU9045,Masculino,0,Sí,No,51,Mes a mes,Sí,Cheque electrónico,DSL,No,No,No,50.39,2431.28,1,0
CU9046,Femenino,0,No,No,16,Mes a mes,Sí,Cheque electrónico,Fibra óptica,No,No,No,19.58,302.85,0,0
CU9047,Femenino,0,No,No,58,Un año,Sí,Transferencia,Fibra óptica,Sí,No,Sí,85.98,4948.53,0,0
CU9048,Masculino,0,No,Sí,39,Mes a mes,No,Cheque electrónico,Fibra óptica,Sí,Sí,No,18.0,691.45,3,0
CU9049,Masculino,0,Sí,Sí,37,Un año,Sí,Tarjeta de crédito,Fibra óptica,No,Sí,Sí,67.34,2527.87,0,0
CU9050,Femenino,0,Sí,No,5,Dos años,No,Cheque electrónico,DSL,Sí,Sí,Sí,44.01,211.13,2,0
CU9051,Masculino,0,Sí,No,43,Un año,Sí,Domiciliación bancaria,DSL,No,No,Sí,47.59,2080.18,1,0
CU9052,Masculino,0,Sí,No,16,Mes a mes,Sí,Domiciliación bancaria,Fibra óptica,No,No,No,89.31,1478.63,1,1
CU9053,Femenino,0,Sí,No,24,Dos años,No,Cheque electrónico,Fibra óptica,No,No,No,61.72,1543.75,2,0
CU9054,Femenino,0,Sí,No,6,Mes a mes,No,Cheque electrónico,Fibra óptica,No,No,No,64.19,365.5,0,1
CU9055,Masculino,0,No,No,55,Mes a mes,Sí,Domiciliación bancaria,Sin internet,Sí,Sí,No,62.42,3487.64,0,0
CU9056,Femenino,0,No,No,0,Mes a mes,No,Transferencia,Sin internet,No,No,No,53.97,54.42,1,1
CU9057,Masculino,0,No,No,44,Un año,Sí,Transferencia,Fibra óptica,No,No,Sí,42.72,1958.41,0,0
CU9058,Masculino,0,Sí,No,47,Un año,Sí,Transferencia,Sin internet,No,Sí,No,18.35,865.17,1,0
CU9059,Femenino,0,No,No,34,Un año,No,Tarjeta de crédito,Fibra óptica,No,No,Sí,75.75,2544.28,1,0
CU9060,Masculino,0,No,No,31,Mes a mes,Sí,Domiciliación bancaria,DSL,Sí,No,No,73.45,2219.89,0,1
CU9061,Masculino,0,Sí,Sí,25,Mes a mes,No,Tarjeta de crédito,DSL,No,Sí,Sí,97.07,2488.77,1,0
CU9062,Femenino,0,No,No,50,Un año,No,Domiciliación bancaria,Fibra óptica,No,Sí,Sí,76.31,3612.17,1,0
CU9063,Masculino,0,No,Sí,52,Mes a mes,No,Domiciliación bancaria,Fibra óptica,No,No,No,52.44,2779.73,1,0
CU9064,Masculino,0,Sí,Sí,70,Dos años,Sí,Cheque electrónico,DSL,Sí,Sí,No,60.56,4285.95,1,0
CU9065,Masculino,0,No,Sí,2,Mes a mes,Sí,Tarjeta de crédito,DSL,No,No,No,81.07,167.1,1,1
CU9066,Femenino,0,Sí,No,65,Mes a mes,Sí,Domiciliación bancaria,Fibra óptica,No,No,Sí,95.86,5863.62,0,0
CU9067,Femenino,0,Sí,No,34,Mes a mes,No,Tarjeta de crédito,Fibra óptica,No,No,No,53.8,1787.53,0,1
CU9068,Masculino,0,No,No,2,Mes a mes,Sí,Tarjeta de crédito,Sin internet,No,No,No,96.04,196.59,1,1
CU9069,Femenino,0,Sí,No,67,Mes a mes,No,Transferencia,Fibra óptica,No,Sí,No,62.95,4075.73,1,0
CU9070,Masculino,0,No,No,29,Mes a mes,Sí,Tarjeta de crédito,Fibra óptica,Sí,No,No,46.51,1302.32,3,0
CU9071,Femenino,0,No,No,46,Dos años,Sí,Tarjeta de crédito,Fibra óptica,Sí,No,No,47.16,2130.59,2,1
CU9072,Masculino,0,Sí,No,68,Mes a mes,Sí,Tarjeta de crédito,Fibra óptica,No,Sí,Sí,57.06,3952.4,2,0
CU9073,Masculino,0,Sí,No,48,Mes a mes,No,Tarjeta de crédito,DSL,No,No,No,64.71,3048.57,1,0
CU9074,Masculino,0,Sí,Sí,70,Mes a mes,Sí,Transferencia,Fibra óptica,Sí,Sí,Sí,97.24,6338.2,2,0
CU9075,Femenino,0,No,No,21,Mes a mes,Sí,Domiciliación bancaria,Fibra óptica,No,Sí,No,117.91,2412.95,3,0
CU9076,Femenino,0,No,No,52,Mes a mes,Sí,Domiciliación bancaria,Sin internet,No,Sí,Sí,59.07,3029.77,1,0
CU9077,Masculino,0,No,No,7,Mes a mes,Sí,Transferencia,Sin internet,Sí,No,Sí,26.35,180.04,1,0
CU9078,Femenino,0,No,No,18,Mes a mes,Sí,Transferencia,Fibra óptica,No,Sí,Sí,48.49,883.5,0,0
CU9079,Masculino,0,Sí,No,16,Mes a mes,Sí,Cheque electrónico,DSL,No,No,Sí,56.63,834.44,1,0
CU9080,Masculino,0,No,No,31,Dos años,Sí,Tarjeta de crédito,DSL,No,No,Sí,72.86,2201.67,0,0
CU9081,Femenino,0,Sí,No,6,Mes a mes,Sí,Domiciliación bancaria,Fibra óptica,No,No,Sí,18.0,107.09,3,1
CU9082,Femenino,1,No,No,20,Un año,Sí,Tarjeta de crédito,DSL,Sí,Sí,No,94.64,1935.4,1,0
CU9083,Masculino,0,Sí,No,3,Mes a mes,No,Cheque electrónico,Fibra óptica,No,Sí,Sí,39.88,116.65,0,0
CU9084,Masculino,0,Sí,Sí,18,Un año,No,Cheque electrónico,Fibra óptica,No,No,Sí,73.65,1389.02,1,0
CU9085,Masculino,0,Sí,No,3,Mes a mes,Sí,Transferencia,Fibra óptica,Sí,No,No,61.62,186.25,1,1
CU9086,Femenino,0,No,No,18,Mes a mes,Sí,Domiciliación bancaria,DSL,No,Sí,Sí,46.35,817.71,1,0
CU9087,Femenino,0,Sí,No,62,Mes a mes,No,Tarjeta de crédito,DSL,Sí,No,Sí,102.61,6169.95,0,0
CU9088,Femenino,0,No,Sí,50,Un año,No,Tarjeta de crédito,Sin internet,Sí,No,No,52.46,2585.88,3,0
CU9089,Femenino,0,No,No,3,Dos años,Sí,Tarjeta de crédito,DSL,Sí,Sí,No,38.32,117.67,2,0
CU9090,Masculino,1,Sí,No,51,Mes a mes,No,Cheque electrónico,Fibra óptica,Sí,Sí,Sí,79.97,4273.12,4,1
CU9091,Masculino,0,Sí,Sí,68,Un año,Sí,Tarjeta de crédito,DSL,Sí,No,No,89.69,5691.6,3,0
CU9092,Masculino,1,Sí,No,41,Un año,Sí,Transferencia,Fibra óptica,No,No,Sí,59.52,2357.62,1,0
CU9093,Masculino,0,No,Sí,21,Dos años,No,Cheque electrónico,DSL,No,Sí,Sí,70.19,1465.56,0,0
CU9094,Masculino,0,No,No,68,Un año,Sí,Transferencia,Sin internet,No,Sí,No,91.99,6166.26,2,0
CU9095,Masculino,0,No,No,68,Mes a mes,No,Domiciliación bancaria,Fibra óptica,No,No,Sí,59.17,3860.74,1,1
CU9096,Femenino,1,Sí,No,55,Un año,No,Transferencia,Sin internet,Sí,Sí,Sí,58.16,3058.87,1,0
CU9097,Masculino,0,No,No,30,Dos años,Sí,Transferencia,Fibra óptica,No,No,No,87.09,2580.2,1,0
CU9098,Femenino,0,Sí,No,30,Dos años,Sí,Tarjeta de crédito,Fibra óptica,No,Sí,Sí,60.9,1874.02,0,0
CU9099,Masculino,1,Sí,No,19,Dos años,No,Tarjeta de crédito,Fibra óptica,No,No,Sí,43.41,840.66,1,0
CU9100,Femenino,0,Sí,Sí,60,Mes a mes,No,Transferencia,Sin internet,No,Sí,Sí,64.96,3792.15,1,0
CU9101,Femenino,0,No,No,62,Mes a mes,Sí,Tarjeta de crédito,DSL,No,No,No,38.12,2273.89,1,0
CU9102,Femenino,0,Sí,No,17,Mes a mes,Sí,Transferencia,DSL,No,No,No,63.17,1034.57,1,1
CU9103,Femenino,0,No,Sí,30,Dos años,No,Transferencia,Fibra óptica,No,No,Sí,92.16,2758.23,3,0
CU9104,Femenino,0,Sí,No,30,Mes a mes,Sí,Transferencia,Sin internet,No,Sí,Sí,30.94,884.58,1,0
CU9105,Masculino,0,Sí,Sí,57,Mes a mes,Sí,Cheque electrónico,DSL,No,No,Sí,63.81,3448.07,3,0
CU9106,Femenino,1,Sí,Sí,3,Un año,Sí,Tarjeta de crédito,Fibra óptica,Sí,No,Sí,81.75,229.68,0,1
CU9107,Femenino,1,No,No,29,Mes a mes,No,Transferencia,DSL,No,No,Sí,63.39,1828.87,2,0
CU9108,Masculino,0,No,Sí,66,Dos años,No,Transferencia,Fibra óptica,No,Sí,Sí,104.06,6887.63,0,0
CU9109,Femenino,0,Sí,Sí,40,Un año,No,Cheque electrónico,Fibra óptica,Sí,Sí,Sí,66.65,2711.66,2,1
CU9110,Masculino,0,Sí,Sí,20,Mes a mes,Sí,Cheque electrónico,Fibra óptica,No,Sí,Sí,75.99,1422.02,2,0
CU9111,Femenino,0,No,No,69,Un año,No,Tarjeta de crédito,Fibra óptica,Sí,No,Sí,103.84,6630.01,2,0
CU9112,Masculino,0,No,No,7,Un año,Sí,Cheque electrónico,Sin internet,Sí,Sí,Sí,79.53,559.58,2,0
CU9113,Femenino,0,No,No,32,Mes a mes,Sí,Transferencia,Fibra óptica,Sí,No,No,64.6,2125.91,0,0
CU9114,Masculino,0,Sí,No,56,Dos años,No,Cheque electrónico,Fibra óptica,No,No,Sí,53.01,2925.05,0,0
CU9115,Femenino,0,Sí,Sí,28,Mes a mes,No,Domiciliación bancaria,Fibra óptica,Sí,Sí,Sí,60.8,1657.81,0,0
CU9116,Femenino,0,No,No,68,Mes a mes,No,Cheque electrónico,Fibra óptica,No,No,No,74.69,4752.15,2,0
CU9117,Femenino,0,Sí,No,59,Un año,No,Cheque electrónico,Fibra óptica,No,Sí,Sí,43.46,2422.29,1,0
CU9118,Masculino,0,No,No,61,Mes a mes,No,Transferencia,DSL,Sí,Sí,No,101.94,6354.86,0,0
CU9119,Femenino,0,No,No,35,Un año,No,Transferencia,DSL,Sí,No,No,129.54,4337.38,1,0
CU9120,Masculino,0,No,No,23,Mes a mes,Sí,Cheque electrónico,Fibra óptica,Sí,No,No,65.36,1536.44,2,0
CU9121,Masculino,0,No,No,52,Dos años,Sí,Cheque electrónico,Sin internet,No,Sí,Sí,18.0,909.71,1,0
CU9122,Femenino,0,Sí,No,72,Dos años,Sí,Domiciliación bancaria,Fibra óptica,No,No,Sí,86.83,6505.26,2,0
CU9123,Masculino,1,Sí,No,42,Un año,Sí,Transferencia,Fibra óptica,No,No,No,68.09,2822.04,4,1
CU9124,Masculino,1,No,No,20,Mes a mes,Sí,Domiciliación bancaria,Fibra óptica,No,No,No,83.79,1589.17,1,1
CU9125,Masculino,0,Sí,No,69,Mes a mes,Sí,Tarjeta de crédito,DSL,Sí,Sí,Sí,64.18,4113.77,2,0
CU9126,Femenino,0,Sí,No,16,Dos años,No,Domiciliación bancaria,Fibra óptica,Sí,Sí,No,91.7,1472.77,1,0
CU9127,Masculino,0,No,No,9,Mes a mes,No,Transferencia,Sin internet,No,Sí,No,45.0,395.12,1,0
CU9128,Femenino,0,No,No,14,Mes a mes,Sí,Cheque electrónico,Fibra óptica,Sí,Sí,Sí,76.82,1086.02,0,0
CU9129,Masculino,0,Sí,No,14,Mes a mes,Sí,Cheque electrónico,DSL,No,Sí,Sí,74.07,1034.4,1,1
CU9130,Masculino,0,Sí,No,1,Mes a mes,No,Domiciliación bancaria,Fibra óptica,No,No,No,76.42,74.52,4,1
CU9131,Masculino,0,Sí,Sí,21,Mes a mes,Sí,Tarjeta de crédito,Sin internet,No,No,Sí,87.09,1776.13,3,0
CU9132,Femenino,0,No,No,42,Mes a mes,No,Tarjeta de crédito,DSL,Sí,Sí,Sí,90.92,3551.82,2,0
CU9133,Masculino,0,Sí,No,65,Mes a mes,No,Cheque electrónico,Fibra óptica,Sí,No,Sí,33.39,2017.13,0,0
CU9134,Masculino,0,No,No,53,Un año,No,Cheque electrónico,Fibra óptica,Sí,Sí,Sí,87.46,4457.54,0,0
CU9135,Masculino,0,Sí,No,53,Mes a mes,Sí,Tarjeta de crédito,DSL,No,No,No,70.29,3906.26,1,0
CU9136,Masculino,0,No,No,44,Mes a mes,No,Cheque electrónico,Fibra óptica,Sí,No,No,59.69,2617.9,3,0
CU9137,Femenino,0,Sí,No,60,Dos años,Sí,Tarjeta de crédito,Fibra óptica,No,Sí,No,73.05,4485.85,1,0
CU9138,Masculino,1,No,No,38,Dos años,Sí,Tarjeta de crédito,Fibra óptica,No,No,No,71.8,2701.77,0,0
CU9139,Masculino,0,No,No,57,Mes a mes,Sí,Tarjeta de crédito,DSL,No,Sí,No,67.82,3700.11,1,1
CU9140,Femenino,0,Sí,No,46,Mes a mes,Sí,Transferencia,Fibra óptica,No,Sí,Sí,18.0,819.18,2,0
CU9141,Masculino,0,No,Sí,10,Dos años,Sí,Domiciliación bancaria,Fibra óptica,No,No,Sí,68.97,639.52,4,0
CU9142,Masculino,0,Sí,Sí,63,Mes a mes,No,Tarjeta de crédito,DSL,No,No,Sí,59.48,3462.73,1,1
CU9143,Masculino,0,No,No,48,Mes a mes,No,Tarjeta de crédito,Fibra óptica,No,Sí,Sí,74.73,3579.26,2,0
CU9144,Masculino,0,No,No,22,Un año,Sí,Tarjeta de crédito,DSL,Sí,Sí,Sí,63.55,1333.62,1,0
CU9145,Femenino,1,Sí,No,58,Mes a mes,No,Domiciliación bancaria,Fibra óptica,Sí,No,No,124.59,7504.23,3,0
CU9146,Femenino,1,No,No,34,Un año,Sí,Tarjeta de crédito,DSL,No,Sí,No,59.47,1897.07,1,0
CU9147,Femenino,1,No,Sí,0,Mes a mes,Sí,Domiciliación bancaria,DSL,No,No,No,22.31,21.88,0,0
CU9148,Masculino,0,Sí,No,65,Mes a mes,Sí,Transferencia,DSL,No,No,Sí,62.28,4186.29,1,0
CU9149,Femenino,0,Sí,No,34,Dos años,No,Transferencia,DSL,No,No,Sí,52.56,1718.82,0,0
CU9150,Masculino,0,No,No,19,Dos años,Sí,Domiciliación bancaria,Fibra óptica,No,No,Sí,70.83,1266.12,0,0
CU9151,Femenino,0,Sí,No,34,Un año,Sí,Cheque electrónico,Sin internet,No,No,Sí,52.42,1840.44,1,0
CU9152,Masculino,1,Sí,No,3,Dos años,No,Transferencia,Sin internet,Sí,Sí,Sí,82.76,229.69,2,0
CU9153,Masculino,1,No,No,65,Un año,No,Cheque electrónico,Sin internet,Sí,No,No,64.63,4378.71,0,0
CU9154,Femenino,0,Sí,Sí,24,Mes a mes,Sí,Domiciliación bancaria,Fibra óptica,Sí,Sí,No,74.92,1731.4,1,0
CU9155,Femenino,0,No,Sí,28,Un año,Sí,Transferencia,DSL,Sí,Sí,No,106.25,2764.57,2,0
CU9156,Femenino,0,No,Sí,48,Dos años,Sí,Cheque electrónico,Sin internet,Sí,Sí,No,66.89,3148.42,1,0
CU9157,Masculino,0,No,No,36,Un año,No,Cheque electrónico,Sin internet,No,No,Sí,27.67,956.98,2,0
CU9158,Masculino,0,No,No,4,Dos años,Sí,Tarjeta de crédito,Fibra óptica,No,Sí,Sí,51.57,193.62,3,0
CU9159,Masculino,0,Sí,Sí,31,Un año,Sí,Tarjeta de crédito,Sin internet,Sí,No,Sí,26.43,772.83,1,0
CU9160,Masculino,0,Sí,No,14,Mes a mes,Sí,Cheque electrónico,DSL,No,No,No,48.49,673.9,2,0
CU9161,Femenino,0,Sí,No,22,Mes a mes,Sí,Cheque electrónico,Fibra óptica,No,Sí,No,18.0,399.35,1,0
CU9162,Masculino,0,Sí,No,31,Un año,Sí,Domiciliación bancaria,Sin internet,No,No,No,88.49,2874.59,1,0
CU9163,Femenino,0,Sí,No,6,Mes a mes,Sí,Domiciliación bancaria,Fibra óptica,No,No,No,23.44,144.86,1,1
CU9164,Masculino,0,No,No,27,Mes a mes,Sí,Tarjeta de crédito,Fibra óptica,No,Sí,No,85.2,2341.93,2,0
CU9165,Femenino,0,Sí,Sí,14,Mes a mes,Sí,Tarjeta de crédito,Sin internet,Sí,No,Sí,47.04,618.29,1,0
CU9166,Femenino,0,No,No,67,Mes a mes,No,Tarjeta de crédito,DSL,No,No,No,57.42,3566.97,0,0
CU9167,Femenino,0,Sí,No,31,Mes a mes,Sí,Domiciliación bancaria,Fibra óptica,No,No,No,110.55,3398.25,0,1
CU9168,Masculino,1,Sí,No,38,Mes a mes,Sí,Tarjeta de crédito,DSL,No,Sí,No,56.24,2116.49,0,0
CU9169,Femenino,1,Sí,No,5,Mes a mes,Sí,Transferencia,Fibra óptica,No,No,No,37.77,193.14,1,0
CU9170,Femenino,0,Sí,No,64,Dos años,No,Domiciliación bancaria,DSL,Sí,No,No,50.98,3328.92,1,0
CU9171,Masculino,0,Sí,No,8,Dos años,Sí,Transferencia,Fibra óptica,No,Sí,Sí,30.16,243.83,0,0
CU9172,Femenino,0,Sí,No,29,Mes a mes,Sí,Cheque electrónico,DSL,No,Sí,No,88.79,2425.74,3,1
CU9173,Masculino,0,Sí,No,48,Mes a mes,No,Tarjeta de crédito,Fibra óptica,Sí,Sí,Sí,80.41,3635.25,0,0
CU9174,Masculino,0,No,No,42,Mes a mes,No,Domiciliación bancaria,DSL,No,No,Sí,56.59,2356.35,1,0
CU9175,Femenino,0,Sí,Sí,41,Un año,Sí,Tarjeta de crédito,DSL,Sí,Sí,No,86.5,3322.98,1,0
CU9176,Femenino,0,Sí,No,41,Mes a mes,No,Domiciliación bancaria,DSL,Sí,No,Sí,81.74,3418.39,1,0
CU9177,Masculino,0,No,No,26,Mes a mes,Sí,Tarjeta de crédito,DSL,No,No,No,57.26,1560.07,2,0
CU9178,Femenino,0,Sí,No,11,Un año,No,Tarjeta de crédito,DSL,No,No,No,71.82,734.72,3,0
CU9179,Femenino,1,No,No,72,Mes a mes,Sí,Transferencia,Sin internet,Sí,Sí,No,58.33,3907.62,2,0
CU9180,Femenino,0,No,No,1,Mes a mes,Sí,Cheque electrónico,Fibra óptica,Sí,No,No,46.51,48.4,2,0
CU9181,Masculino,1,No,Sí,14,Un año,Sí,Transferencia,DSL,Sí,Sí,Sí,18.0,260.28,3,0
CU9182,Masculino,0,No,No,19,Mes a mes,No,Domiciliación bancaria,Fibra óptica,No,Sí,No,56.92,1011.67,2,1
CU9183,Femenino,0,No,No,20,Dos años,No,Transferencia,Sin internet,Sí,Sí,No,64.55,1207.44,1,0
CU9184,Femenino,0,Sí,Sí,3,Mes a mes,Sí,Tarjeta de crédito,Sin internet,Sí,No,No,25.68,72.33,1,0
CU9185,Masculino,1,No,No,49,Mes a mes,Sí,Domiciliación bancaria,Fibra óptica,No,No,Sí,88.24,4059.86,2,0
CU9186,Femenino,0,Sí,Sí,54,Dos años,Sí,Cheque electrónico,Sin internet,No,No,Sí,58.34,3034.9,0,0
CU9187,Masculino,0,Sí,No,14,Dos años,Sí,Domiciliación bancaria,DSL,Sí,No,Sí,76.36,1109.16,0,0
CU9188,Masculino,0,No,No,61,Un año,Sí,Cheque electrónico,Fibra óptica,No,Sí,No,72.23,4231.87,1,0
CU9189,Masculino,0,Sí,Sí,23,Un año,No,Domiciliación bancaria,Fibra óptica,No,No,Sí,61.43,1335.38,0,0
CU9190,Femenino,0,No,No,24,Mes a mes,No,Domiciliación bancaria,DSL,No,Sí,Sí,48.39,1105.46,0,0
CU9191,Masculino,0,Sí,No,33,Mes a mes,No,Transferencia,DSL,No,No,No,44.46,1482.08,2,0
CU9192,Masculino,0,Sí,Sí,12,Mes a mes,Sí,Cheque electrónico,Sin internet,No,Sí,Sí,18.0,214.26,2,0
CU9193,Femenino,0,No,Sí,58,Mes a mes,Sí,Transferencia,Fibra óptica,No,No,Sí,105.35,6200.0,1,0
CU9194,Masculino,0,No,Sí,10,Dos años,No,Tarjeta de crédito,DSL,Sí,No,No,73.48,714.35,3,0
CU9195,Masculino,1,No,No,61,Mes a mes,No,Transferencia,Fibra óptica,No,Sí,Sí,37.16,2150.09,2,0
CU9196,Femenino,0,No,No,37,Un año,Sí,Cheque electrónico,Fibra óptica,Sí,No,No,80.13,2962.38,2,0
CU9197,Femenino,1,No,No,16,Dos años,Sí,Domiciliación bancaria,DSL,Sí,No,No,31.82,510.24,0,0
CU9198,Femenino,0,Sí,No,32,Mes a mes,Sí,Cheque electrónico,Sin internet,No,Sí,Sí,81.15,2692.25,1,1
CU9199,Femenino,0,No,No,57,Un año,No,Tarjeta de crédito,Fibra óptica,No,No,No,76.38,4108.38,0,0
