transaccion_id,hora_dia,importe,categoria_comercio,pais_distinto_habitual,dispositivo_nuevo,num_transacciones_24h,antiguedad_cuenta_dias,es_fraude
TX900000,13,11.8,Restauración,1,0,1,1604,0
TX900001,20,48.49,Suscripciones,0,0,1,1393,0
TX900002,12,34.3,Restauración,0,0,2,1761,0
TX900003,2,43.22,Electrónica,0,1,1,1446,1
TX900004,22,12.63,Ropa,0,0,3,2220,0
TX900005,17,4.59,Electrónica,0,0,2,1640,0
TX900006,22,89.15,Restauración,0,0,1,304,0
TX900007,18,83.51,Alimentación,0,0,0,1773,0
TX900008,23,18.47,Retirada de efectivo,0,0,3,949,0
TX900009,23,3.18,Viajes,0,0,1,2434,0
TX900010,12,6.59,Viajes,1,0,3,1801,0
TX900011,4,45.9,Electrónica,0,0,1,471,0
TX900012,18,22.95,Viajes,0,1,0,511,0
TX900013,23,11.25,Retirada de efectivo,0,0,3,2106,0
TX900014,21,18.92,Electrónica,1,0,3,1401,1
TX900015,18,13.49,Ropa,0,1,1,526,0
TX900016,20,140.61,Viajes,0,0,0,277,0
TX900017,22,2.88,Retirada de efectivo,0,0,3,1959,0
TX900018,17,53.85,Electrónica,0,0,7,127,0
TX900019,4,17.92,Alimentación,0,0,2,535,0
TX900020,21,39.93,Viajes,0,0,2,640,0
TX900021,19,22.66,Ropa,0,0,1,2119,0
TX900022,14,50.03,Ropa,0,0,1,2546,0
TX900023,20,54.33,Alimentación,0,1,5,2258,0
TX900024,11,5.54,Electrónica,0,0,3,425,0
TX900025,1,30.51,Alimentación,0,0,1,2491,0
TX900026,8,10.3,Restauración,0,0,0,529,0
TX900027,6,3.32,Viajes,0,0,1,2198,0
TX900028,8,73.2,Alimentación,0,0,2,405,0
TX900029,11,177.86,Restauración,0,0,4,1069,0
TX900030,3,20.12,Retirada de efectivo,1,0,0,1324,0
TX900031,22,7.18,Retirada de efectivo,0,1,2,299,0
TX900032,18,74.42,Ropa,0,0,5,621,0
TX900033,8,8.13,Suscripciones,0,0,1,334,0
TX900034,16,3.72,Retirada de efectivo,0,0,1,2421,0
TX900035,16,6.54,Ropa,0,0,1,2522,0
TX900036,1,255.46,Suscripciones,0,0,0,704,0
TX900037,9,94.7,Electrónica,0,0,2,2523,0
TX900038,15,63.48,Viajes,0,0,0,2464,0
TX900039,15,15.26,Viajes,0,0,3,1048,0
TX900040,16,5.38,Electrónica,0,0,1,2231,0
TX900041,12,13.13,Retirada de efectivo,0,0,4,1903,0
TX900042,3,30.16,Viajes,0,1,3,204,0
TX900043,3,144.25,Retirada de efectivo,0,0,0,2279,0
TX900044,19,20.57,Ropa,0,0,0,770,0
TX900045,8,27.32,Viajes,1,0,4,1561,0
TX900046,17,7.2,Viajes,0,0,2,1046,0
TX900047,9,6.37,Suscripciones,0,1,1,633,0
TX900048,8,3.8,Electrónica,1,0,2,2133,0
TX900049,7,2.0,Restauración,1,0,3,526,0
TX900050,9,34.49,Suscripciones,0,1,2,162,0
TX900051,2,415.21,Restauración,0,0,2,1104,0
TX900052,14,108.89,Ropa,0,0,0,1885,0
TX900053,23,43.93,Viajes,0,0,0,1043,0
TX900054,12,66.33,Suscripciones,1,0,1,355,0
TX900055,8,28.09,Ropa,0,1,2,1086,0
TX900056,7,46.59,Retirada de efectivo,0,0,4,112,0
TX900057,12,61.94,Suscripciones,0,0,2,1579,0
TX900058,16,25.88,Suscripciones,0,0,2,2010,0
TX900059,14,2.94,Alimentación,0,0,0,481,0
TX900060,19,73.88,Electrónica,0,0,1,438,0
TX900061,17,10.58,Alimentación,1,0,4,1301,0
TX900062,3,10.28,Suscripciones,0,0,1,1398,0
TX900063,11,17.92,Viajes,0,1,3,1890,0
TX900064,20,25.76,Restauración,0,0,0,1371,0
TX900065,12,66.27,Ropa,0,0,2,2598,0
TX900066,18,105.51,Alimentación,0,0,4,114,0
TX900067,1,37.5,Suscripciones,0,0,2,1085,0
TX900068,4,62.76,Suscripciones,0,0,2,2253,0
TX900069,4,25.71,Viajes,0,1,1,2521,0
TX900070,2,8.13,Electrónica,0,0,3,980,0
TX900071,6,124.8,Alimentación,0,0,2,1650,0
TX900072,6,6.56,Electrónica,0,0,4,880,0
TX900073,21,6.22,Alimentación,0,0,4,2008,0
TX900074,21,22.56,Ropa,0,0,5,1562,0
TX900075,16,20.71,Retirada de efectivo,0,1,0,2259,1
TX900076,2,28.26,Alimentación,0,0,1,2233,0
TX900077,15,163.57,Electrónica,0,0,1,310,0
TX900078,19,18.49,Alimentación,0,0,3,1074,0
TX900079,10,8.21,Restauración,0,0,5,2559,0
TX900080,18,39.26,Suscripciones,0,0,2,822,0
TX900081,8,168.84,Alimentación,1,0,5,799,0
TX900082,15,69.1,Retirada de efectivo,0,1,4,700,0
TX900083,16,28.3,Suscripciones,0,0,3,1865,0
TX900084,2,21.68,Alimentación,1,0,2,2056,0
TX900085,11,67.87,Suscripciones,0,0,5,2016,0
TX900086,16,5.93,Electrónica,0,0,2,899,0
TX900087,6,14.96,Viajes,0,0,2,674,0
TX900088,5,8.5,Restauración,0,0,3,2349,0
TX900089,18,158.39,Alimentación,1,0,1,1817,0
TX900090,13,268.82,Retirada de efectivo,0,0,5,747,0
TX900091,4,118.81,Suscripciones,0,0,3,237,0
TX900092,21,18.93,Restauración,0,0,3,2010,0
TX900093,23,4.17,Alimentación,0,0,5,1750,0
TX900094,2,29.53,Restauración,0,1,1,1559,0
TX900095,12,12.15,Viajes,0,0,0,1881,0
TX900096,18,24.1,Suscripciones,0,0,2,1434,0
TX900097,18,28.37,Viajes,0,1,4,1501,0
TX900098,23,115.7,Alimentación,0,0,1,725,0
TX900099,23,28.16,Alimentación,0,0,3,2274,0
TX900100,13,36.75,Retirada de efectivo,0,1,4,543,0
TX900101,0,113.83,Restauración,0,0,0,1361,0
TX900102,20,35.44,Suscripciones,0,1,0,1004,0
TX900103,23,13.55,Restauración,0,0,0,2047,0
TX900104,8,7.08,Electrónica,0,1,3,1304,0
TX900105,16,39.81,Alimentación,0,0,0,2024,0
TX900106,4,58.7,Alimentación,0,0,1,17,0
TX900107,17,39.14,Alimentación,0,0,1,1273,0
TX900108,11,41.61,Suscripciones,0,0,4,580,0
TX900109,21,188.34,Electrónica,0,1,5,52,0
TX900110,19,31.33,Retirada de efectivo,1,0,2,2212,0
TX900111,10,21.46,Retirada de efectivo,0,0,1,678,0
TX900112,15,104.15,Viajes,1,0,1,153,0
TX900113,4,25.5,Suscripciones,0,1,3,2511,0
TX900114,14,20.16,Alimentación,0,0,3,1415,0
TX900115,11,60.66,Retirada de efectivo,1,0,0,134,1
TX900116,5,9.86,Ropa,0,0,3,407,0
TX900117,23,4.07,Retirada de efectivo,0,0,2,64,0
TX900118,18,64.99,Ropa,0,0,1,531,0
TX900119,9,198.1,Suscripciones,0,0,1,2365,0
TX900120,10,225.81,Viajes,0,0,3,1042,0
TX900121,5,12.14,Suscripciones,0,0,3,127,0
TX900122,11,21.25,Electrónica,0,0,0,482,0
TX900123,23,3.18,Alimentación,0,0,0,1184,0
TX900124,15,19.99,Suscripciones,0,0,0,528,0
TX900125,13,698.95,Retirada de efectivo,0,1,3,335,1
TX900126,10,13.55,Ropa,1,0,0,2388,0
TX900127,16,219.57,Ropa,0,1,3,2468,0
TX900128,5,5.4,Retirada de efectivo,0,0,7,1539,0
TX900129,23,31.78,Restauración,0,0,2,1868,0
TX900130,18,29.32,Viajes,0,0,0,956,0
TX900131,0,76.58,Retirada de efectivo,0,1,1,2221,0
TX900132,10,15.65,Suscripciones,0,1,4,808,0
TX900133,19,3.09,Restauración,0,1,2,1991,0
TX900134,16,135.62,Retirada de efectivo,0,0,3,40,0
TX900135,15,8.8,Viajes,0,0,3,11,0
TX900136,22,8.12,Suscripciones,0,0,2,29,0
TX900137,5,12.7,Electrónica,0,0,1,356,0
TX900138,17,6.6,Retirada de efectivo,0,0,4,644,0
TX900139,13,8.38,Retirada de efectivo,0,0,1,2170,0
TX900140,11,22.28,Restauración,1,0,4,208,0
TX900141,6,69.84,Electrónica,0,0,2,850,0
TX900142,14,18.62,Alimentación,1,0,3,16,0
TX900143,13,6.14,Retirada de efectivo,0,0,2,370,0
TX900144,7,4.72,Restauración,0,0,1,1895,0
TX900145,6,78.51,Suscripciones,0,0,6,1171,0
TX900146,14,8.61,Alimentación,0,0,0,1218,0
TX900147,0,43.24,Suscripciones,0,0,4,1614,0
TX900148,9,16.3,Alimentación,0,0,1,1788,0
TX900149,2,41.37,Retirada de efectivo,0,0,0,880,0
TX900150,15,52.71,Ropa,0,0,3,932,0
TX900151,12,36.81,Restauración,0,0,4,2539,0
TX900152,14,13.68,Electrónica,0,0,2,436,0
TX900153,0,25.26,Alimentación,0,0,3,1749,0
TX900154,11,15.67,Ropa,0,0,1,157,0
TX900155,13,85.27,Ropa,1,0,3,462,1
TX900156,23,43.93,Electrónica,0,0,0,1392,0
TX900157,19,4.12,Restauración,0,0,2,265,0
TX900158,20,64.74,Suscripciones,0,0,2,2337,0
TX900159,10,37.08,Viajes,0,0,3,2221,0
TX900160,8,2.14,Restauración,0,0,2,1973,0
TX900161,3,10.95,Suscripciones,0,1,2,1026,0
TX900162,5,83.2,Alimentación,0,0,3,2489,0
TX900163,5,32.07,Retirada de efectivo,0,1,1,916,0
TX900164,22,102.83,Suscripciones,0,0,2,504,0
TX900165,18,46.12,Viajes,0,1,2,823,0
TX900166,3,35.43,Electrónica,0,0,2,137,0
TX900167,9,46.26,Suscripciones,0,1,0,2493,0
TX900168,6,16.13,Viajes,0,1,3,2466,0
TX900169,23,77.6,Viajes,0,0,1,50,0
TX900170,23,28.29,Retirada de efectivo,0,0,5,2189,0
TX900171,11,31.82,Restauración,0,0,4,2496,0
TX900172,11,110.42,Ropa,0,1,1,1558,0
TX900173,19,66.69,Restauración,0,0,1,2594,0
TX900174,21,41.14,Ropa,0,1,1,1537,0
TX900175,13,12.07,Alimentación,0,0,4,1976,0
TX900176,13,15.45,Alimentación,0,0,3,368,0
TX900177,5,24.88,Viajes,0,0,1,2100,0
TX900178,13,3.7,Restauración,0,0,3,2520,0
TX900179,6,51.61,Suscripciones,0,0,2,1898,0
TX900180,2,16.31,Alimentación,0,1,4,2262,0
TX900181,22,35.63,Suscripciones,0,0,5,769,0
TX900182,0,12.37,Viajes,0,0,0,13,0
TX900183,6,134.64,Retirada de efectivo,0,1,2,2277,0
TX900184,5,5.61,Suscripciones,0,1,2,892,0
TX900185,7,2.0,Alimentación,0,0,2,476,0
TX900186,16,75.57,Retirada de efectivo,0,1,2,1534,0
TX900187,23,4.44,Viajes,0,0,4,976,0
TX900188,22,8.3,Ropa,0,0,0,1680,0
TX900189,6,2.69,Alimentación,0,0,0,164,0
TX900190,20,82.39,Ropa,0,0,3,581,0
TX900191,15,58.8,Ropa,0,0,0,540,0
TX900192,3,66.89,Ropa,0,0,3,205,0
TX900193,20,94.97,Alimentación,1,1,1,1068,0
TX900194,12,58.99,Retirada de efectivo,0,0,2,1261,0
TX900195,23,16.44,Electrónica,0,0,0,86,0
TX900196,18,30.03,Viajes,0,0,3,1862,0
TX900197,7,59.43,Restauración,0,0,1,2510,0
TX900198,11,38.12,Retirada de efectivo,0,0,1,1308,0
TX900199,7,11.06,Viajes,0,0,3,395,0
TX900200,4,25.9,Alimentación,0,0,2,117,0
TX900201,23,28.67,Suscripciones,1,1,1,2317,1
TX900202,13,68.72,Restauración,0,0,4,90,0
TX900203,23,32.31,Restauración,0,0,2,1519,0
TX900204,23,32.91,Restauración,1,0,2,1396,1
TX900205,4,10.67,Electrónica,0,0,4,869,0
TX900206,8,39.1,Restauración,0,1,2,226,0
TX900207,8,16.05,Restauración,1,1,1,2209,0
TX900208,15,45.5,Retirada de efectivo,0,0,0,2093,0
TX900209,17,20.92,Alimentación,0,0,2,1360,0
TX900210,15,10.09,Retirada de efectivo,0,0,5,472,1
TX900211,11,19.12,Electrónica,0,0,1,1895,0
TX900212,8,13.47,Alimentación,0,0,2,577,0
TX900213,17,15.57,Ropa,0,0,3,252,0
TX900214,14,22.11,Alimentación,0,0,2,1066,0
TX900215,20,23.49,Alimentación,0,0,7,876,0
TX900216,19,4.6,Ropa,0,0,2,692,0
TX900217,8,97.04,Restauración,0,0,3,1130,0
TX900218,7,14.16,Viajes,0,1,2,364,0
TX900219,23,142.09,Restauración,0,1,2,540,0
TX900220,11,42.29,Alimentación,0,0,2,2124,0
TX900221,21,7.07,Alimentación,0,0,2,2128,0
TX900222,2,9.27,Suscripciones,0,0,0,1681,0
TX900223,3,34.97,Retirada de efectivo,1,0,0,1593,1
TX900224,16,8.35,Electrónica,0,0,3,340,0
TX900225,16,80.88,Retirada de efectivo,0,0,2,356,0
TX900226,6,45.99,Alimentación,0,1,1,2280,0
TX900227,5,297.57,Viajes,0,0,2,97,0
TX900228,13,41.93,Viajes,0,0,6,537,0
TX900229,11,8.81,Retirada de efectivo,0,1,2,1700,0
TX900230,10,54.95,Electrónica,0,0,3,1714,0
TX900231,6,27.33,Restauración,0,0,1,184,0
TX900232,17,25.48,Retirada de efectivo,0,0,3,1104,0
TX900233,21,42.56,Restauración,0,0,4,1779,0
TX900234,6,9.68,Suscripciones,0,0,3,2309,0
TX900235,15,42.74,Alimentación,0,0,0,1473,0
TX900236,22,47.76,Electrónica,0,0,3,234,0
TX900237,21,35.2,Restauración,0,0,1,1254,0
TX900238,16,2.93,Retirada de efectivo,0,0,2,1034,0
TX900239,9,27.42,Retirada de efectivo,0,0,1,1901,0
TX900240,15,5.16,Viajes,0,1,1,1304,0
TX900241,23,5.88,Electrónica,0,0,2,186,0
TX900242,10,7.16,Electrónica,0,0,2,52,0
TX900243,21,19.4,Electrónica,0,0,5,2109,0
TX900244,2,18.03,Suscripciones,0,0,2,884,0
TX900245,11,132.84,Electrónica,0,0,1,315,0
TX900246,4,64.27,Alimentación,0,0,4,2099,0
TX900247,16,95.38,Restauración,0,0,1,111,0
TX900248,6,64.68,Suscripciones,0,0,0,528,0
TX900249,18,6.67,Ropa,0,0,3,379,0
TX900250,1,11.07,Suscripciones,0,0,2,1918,0
TX900251,11,2.0,Restauración,0,1,1,1763,0
TX900252,15,24.28,Viajes,0,0,1,2067,0
TX900253,16,125.22,Ropa,0,0,0,2593,0
TX900254,0,26.19,Alimentación,0,1,4,461,0
TX900255,9,7.08,Retirada de efectivo,1,0,1,1234,0
TX900256,10,9.99,Restauración,0,0,2,1503,0
TX900257,8,41.5,Ropa,0,0,4,646,0
TX900258,20,14.41,Retirada de efectivo,0,0,1,2059,0
TX900259,10,70.17,Ropa,0,0,5,1164,0
TX900260,3,60.31,Restauración,0,1,2,2361,0
TX900261,10,18.7,Retirada de efectivo,0,0,2,2019,0
TX900262,21,7.14,Retirada de efectivo,0,0,3,1223,0
TX900263,12,45.65,Electrónica,0,0,3,919,0
TX900264,9,11.83,Viajes,0,0,5,1512,0
TX900265,17,42.97,Restauración,0,0,1,546,0
TX900266,15,48.59,Alimentación,0,0,2,573,0
TX900267,8,13.74,Restauración,0,1,3,1777,0
TX900268,14,142.32,Electrónica,0,0,1,1652,0
TX900269,2,18.35,Alimentación,0,1,0,2489,0
TX900270,9,71.44,Ropa,0,0,3,2408,0
TX900271,8,59.65,Ropa,0,0,2,1057,0
TX900272,10,17.91,Suscripciones,0,0,5,2242,0
TX900273,23,6.77,Suscripciones,1,0,5,2443,0
TX900274,3,25.44,Electrónica,1,0,3,221,0
TX900275,7,59.23,Alimentación,0,0,3,826,0
TX900276,23,19.89,Viajes,0,0,4,1291,0
TX900277,20,16.77,Alimentación,0,0,3,1310,0
TX900278,6,40.8,Suscripciones,0,0,0,1452,0
TX900279,7,33.14,Electrónica,0,0,1,637,0
TX900280,9,10.68,Suscripciones,1,0,1,1936,0
TX900281,15,5.04,Viajes,0,0,1,2347,0
TX900282,3,47.5,Retirada de efectivo,0,0,2,556,0
TX900283,2,10.66,Retirada de efectivo,0,0,3,140,0
TX900284,1,14.48,Restauración,0,1,3,929,0
TX900285,21,79.61,Restauración,0,0,3,52,0
TX900286,0,449.68,Electrónica,0,1,2,1704,0
TX900287,22,236.52,Suscripciones,0,0,1,2087,0
TX900288,9,25.22,Viajes,0,0,1,591,0
TX900289,8,126.98,Suscripciones,0,0,0,1632,0
TX900290,0,5.28,Suscripciones,0,0,1,793,0
TX900291,0,18.57,Ropa,0,0,4,564,0
TX900292,11,15.56,Ropa,0,0,5,2438,0
TX900293,13,12.86,Suscripciones,0,0,0,1433,0
TX900294,16,30.69,Suscripciones,0,0,2,1225,0
TX900295,20,37.71,Alimentación,0,0,2,1662,0
TX900296,6,16.56,Restauración,0,1,2,348,0
TX900297,8,29.81,Alimentación,0,0,3,1706,0
TX900298,1,8.92,Retirada de efectivo,0,0,4,389,0
TX900299,9,2.0,Suscripciones,0,0,1,1619,0
TX900300,13,28.34,Electrónica,0,0,0,1854,0
TX900301,23,39.28,Electrónica,1,0,3,318,0
TX900302,17,68.24,Suscripciones,0,0,2,43,0
TX900303,10,5.98,Alimentación,0,1,2,1343,0
TX900304,13,5.16,Viajes,0,0,4,1601,0
TX900305,18,2.45,Ropa,0,0,2,2015,0
TX900306,1,36.72,Ropa,0,0,2,886,0
TX900307,3,10.78,Suscripciones,0,0,1,2022,0
TX900308,19,11.9,Retirada de efectivo,0,0,5,81,0
TX900309,17,47.07,Viajes,1,1,1,2092,0
TX900310,9,118.34,Viajes,0,0,1,2296,0
TX900311,23,13.87,Electrónica,1,0,4,199,0
TX900312,1,63.03,Restauración,0,0,0,211,0
TX900313,7,42.12,Alimentación,0,0,1,1086,0
TX900314,19,130.19,Viajes,0,0,3,758,0
TX900315,0,36.92,Electrónica,0,0,2,77,0
TX900316,21,11.68,Viajes,0,1,2,195,0
TX900317,8,12.11,Electrónica,0,0,1,2229,0
TX900318,15,128.48,Viajes,0,1,1,567,0
TX900319,13,209.35,Viajes,0,0,0,761,0
TX900320,23,9.09,Suscripciones,0,1,1,650,0
TX900321,15,3.32,Suscripciones,0,0,1,1716,0
TX900322,10,38.44,Restauración,0,0,2,903,0
TX900323,15,6.44,Alimentación,0,0,1,1389,0
TX900324,22,6.11,Ropa,0,0,5,1469,0
TX900325,9,9.87,Retirada de efectivo,0,0,3,481,0
TX900326,4,12.98,Retirada de efectivo,0,0,3,1981,0
TX900327,14,4.03,Electrónica,1,0,1,1927,0
TX900328,15,57.41,Suscripciones,1,0,1,2420,0
TX900329,15,18.8,Restauración,0,1,1,811,0
TX900330,8,40.43,Suscripciones,0,0,3,2361,0
TX900331,0,11.64,Retirada de efectivo,0,0,5,96,0
TX900332,0,28.24,Electrónica,0,0,3,1846,0
TX900333,19,21.46,Ropa,1,1,2,515,0
TX900334,10,42.82,Viajes,0,0,2,272,0
TX900335,17,7.04,Alimentación,0,0,2,1226,0
TX900336,11,64.67,Viajes,0,0,3,1831,0
TX900337,21,23.01,Restauración,0,0,3,1736,0
TX900338,0,10.92,Suscripciones,0,1,2,1576,0
TX900339,7,30.14,Viajes,0,0,1,1664,0
TX900340,20,84.08,Restauración,1,0,2,68,0
TX900341,2,55.65,Retirada de efectivo,1,1,2,1575,0
TX900342,15,65.62,Retirada de efectivo,0,0,1,1535,0
TX900343,22,26.11,Alimentación,0,0,1,2274,0
TX900344,0,9.39,Retirada de efectivo,0,0,4,1231,0
TX900345,14,20.09,Retirada de efectivo,1,1,0,1190,0
TX900346,1,25.67,Suscripciones,0,0,1,1619,0
TX900347,4,77.88,Suscripciones,0,0,4,423,0
TX900348,0,10.05,Retirada de efectivo,0,0,1,1803,0
TX900349,8,82.28,Restauración,0,0,3,816,0
TX900350,3,72.53,Alimentación,0,0,3,2212,0
TX900351,23,104.3,Retirada de efectivo,0,0,3,383,0
TX900352,4,57.93,Retirada de efectivo,0,0,2,2018,0
TX900353,11,23.76,Electrónica,0,0,2,1909,0
TX900354,6,13.17,Retirada de efectivo,0,0,1,1501,0
TX900355,22,114.41,Restauración,0,0,2,637,0
TX900356,7,43.88,Viajes,1,0,1,1000,0
TX900357,11,4.63,Retirada de efectivo,0,0,2,2068,0
TX900358,11,94.99,Viajes,0,1,3,1998,0
TX900359,0,25.52,Alimentación,0,0,3,1195,0
TX900360,11,36.01,Electrónica,0,0,4,584,0
TX900361,11,195.39,Electrónica,0,0,2,2482,0
TX900362,22,20.31,Electrónica,0,0,3,595,0
TX900363,18,2.92,Alimentación,0,0,2,1556,0
TX900364,3,31.51,Suscripciones,0,0,5,2267,0
TX900365,11,13.81,Restauración,0,0,2,138,0
TX900366,18,18.15,Electrónica,0,0,1,1967,0
TX900367,21,11.07,Electrónica,0,0,3,1180,0
TX900368,14,4.08,Retirada de efectivo,0,0,1,2594,0
TX900369,19,51.0,Alimentación,0,1,1,35,0
TX900370,14,129.52,Restauración,0,0,1,2096,0
TX900371,16,41.96,Viajes,1,0,3,1663,0
TX900372,22,10.0,Viajes,0,0,2,1643,0
TX900373,16,23.19,Electrónica,0,0,1,759,0
TX900374,23,423.06,Alimentación,0,1,1,2391,0
TX900375,21,52.27,Restauración,0,0,1,718,0
TX900376,20,26.44,Ropa,0,0,3,2598,0
TX900377,6,6.51,Suscripciones,0,0,2,1931,0
TX900378,14,27.97,Electrónica,0,1,3,1623,0
TX900379,18,15.67,Electrónica,0,0,4,1032,0
TX900380,6,56.51,Alimentación,0,0,3,1139,0
TX900381,9,22.69,Viajes,1,0,3,2428,0
TX900382,20,101.41,Retirada de efectivo,0,0,0,672,0
TX900383,17,114.79,Alimentación,0,0,4,828,0
TX900384,3,3.7,Alimentación,0,1,3,159,0
TX900385,4,40.25,Ropa,0,0,4,307,0
TX900386,8,128.36,Restauración,0,1,3,564,0
TX900387,4,79.32,Viajes,0,0,2,353,0
TX900388,21,2.05,Viajes,0,0,1,229,0
TX900389,8,195.51,Retirada de efectivo,0,1,3,1262,1
TX900390,0,4.98,Suscripciones,0,0,1,2485,0
TX900391,11,3.42,Viajes,0,0,0,2317,0
TX900392,2,3.78,Suscripciones,0,0,1,1908,0
TX900393,8,45.49,Ropa,0,0,1,808,0
TX900394,5,8.55,Ropa,0,0,4,1353,0
TX900395,16,10.41,Ropa,1,1,4,921,0
TX900396,23,13.08,Alimentación,0,0,1,1501,0
TX900397,15,90.69,Restauración,0,0,2,1021,0
TX900398,15,53.36,Viajes,0,0,4,850,0
TX900399,15,5.74,Restauración,0,0,3,2541,0
TX900400,15,10.49,Restauración,0,0,5,2395,0
TX900401,14,4.29,Ropa,0,0,3,1030,0
TX900402,19,11.1,Ropa,0,0,0,1613,0
TX900403,18,38.88,Viajes,0,0,3,602,0
TX900404,22,17.57,Restauración,0,0,2,1151,0
TX900405,21,6.87,Electrónica,0,0,0,1857,0
TX900406,10,64.73,Electrónica,0,0,0,287,0
TX900407,0,25.55,Alimentación,1,0,4,1512,0
TX900408,7,8.57,Restauración,0,0,1,1963,0
TX900409,10,128.91,Ropa,1,1,4,2210,0
TX900410,0,35.19,Restauración,0,1,1,589,0
TX900411,4,22.92,Retirada de efectivo,0,1,2,1760,0
TX900412,5,38.94,Alimentación,0,0,1,156,0
TX900413,13,4.91,Suscripciones,0,1,1,782,0
TX900414,0,4.71,Ropa,0,0,2,1153,0
TX900415,1,10.6,Viajes,0,0,1,1547,0
TX900416,19,63.33,Retirada de efectivo,0,0,5,810,0
TX900417,9,12.14,Ropa,1,0,0,1955,0
TX900418,2,15.9,Restauración,0,1,1,396,0
TX900419,9,218.44,Suscripciones,0,0,0,2326,0
TX900420,22,4.09,Restauración,1,0,5,655,0
TX900421,20,64.94,Viajes,0,0,3,1331,0
TX900422,11,6.73,Ropa,0,0,3,1026,0
TX900423,17,68.9,Restauración,0,0,0,2085,0
TX900424,7,10.63,Alimentación,1,0,2,1283,1
TX900425,1,20.82,Retirada de efectivo,0,1,3,1293,0
TX900426,5,9.03,Viajes,0,0,3,883,0
TX900427,0,5.27,Retirada de efectivo,0,0,2,328,0
TX900428,21,7.18,Electrónica,1,0,2,619,0
TX900429,16,20.35,Viajes,0,0,1,2016,0
TX900430,7,13.49,Viajes,1,0,3,1356,0
TX900431,13,6.54,Electrónica,0,1,2,814,0
TX900432,2,37.81,Viajes,1,0,2,2035,0
TX900433,16,2.91,Electrónica,0,0,4,687,0
TX900434,1,28.51,Electrónica,0,0,5,346,0
TX900435,19,13.58,Viajes,0,0,2,687,0
TX900436,15,43.58,Restauración,0,1,1,326,0
TX900437,14,113.35,Retirada de efectivo,0,0,1,1515,0
TX900438,17,12.48,Electrónica,0,1,3,770,0
TX900439,23,16.4,Alimentación,0,0,0,630,0
TX900440,1,44.34,Restauración,0,0,1,990,0
TX900441,5,25.58,Ropa,0,0,3,308,0
TX900442,17,55.78,Suscripciones,0,0,2,1400,0
TX900443,1,9.97,Restauración,1,1,4,905,0
TX900444,13,44.01,Electrónica,0,0,3,2499,0
TX900445,7,28.49,Viajes,0,0,2,1044,0
TX900446,14,34.81,Ropa,0,0,3,399,0
TX900447,8,14.62,Ropa,0,0,1,1263,0
TX900448,7,16.58,Suscripciones,0,0,1,1894,0
TX900449,11,8.15,Retirada de efectivo,0,0,2,1378,0
TX900450,15,43.86,Restauración,0,0,1,905,0
TX900451,2,25.29,Viajes,0,1,0,1649,0
TX900452,4,25.33,Alimentación,0,0,3,1306,0
TX900453,2,8.7,Ropa,0,0,1,2540,0
TX900454,5,41.89,Suscripciones,0,0,1,1944,0
TX900455,10,6.64,Suscripciones,0,0,2,1550,0
TX900456,12,47.96,Restauración,0,0,2,2159,0
TX900457,5,4.13,Viajes,0,0,1,2399,0
TX900458,17,195.08,Alimentación,0,0,2,2040,0
TX900459,17,525.71,Suscripciones,0,0,2,1789,0
TX900460,3,64.74,Alimentación,0,0,2,2005,0
TX900461,22,22.91,Electrónica,0,0,3,2334,0
TX900462,16,10.16,Alimentación,0,0,3,101,0
TX900463,3,8.99,Suscripciones,0,0,3,922,0
TX900464,13,18.54,Retirada de efectivo,0,1,4,1089,0
TX900465,17,50.63,Suscripciones,1,1,3,2556,1
TX900466,4,23.44,Electrónica,0,1,0,1399,0
TX900467,1,762.45,Electrónica,1,0,1,1931,1
TX900468,20,15.5,Viajes,0,1,1,1428,0
TX900469,7,16.61,Alimentación,0,0,3,2109,0
TX900470,5,20.87,Ropa,0,0,2,1088,0
TX900471,5,33.12,Retirada de efectivo,1,1,2,1268,1
TX900472,11,11.07,Alimentación,0,0,4,1855,0
TX900473,11,62.68,Retirada de efectivo,0,0,3,1908,0
TX900474,12,3.91,Electrónica,0,1,4,2185,0
TX900475,4,111.79,Retirada de efectivo,0,0,3,869,0
TX900476,7,30.03,Alimentación,0,0,3,124,0
TX900477,6,14.87,Ropa,0,0,2,2530,0
TX900478,21,99.32,Suscripciones,0,0,3,1415,0
TX900479,15,39.61,Alimentación,0,0,2,577,0
TX900480,0,9.7,Electrónica,0,1,3,1568,0
TX900481,15,12.63,Viajes,0,0,0,1783,0
TX900482,4,12.98,Viajes,0,0,0,1995,0
TX900483,2,42.99,Ropa,0,0,3,1683,0
TX900484,22,44.98,Viajes,0,0,3,2086,0
TX900485,2,16.03,Restauración,1,0,1,309,0
TX900486,18,28.63,Ropa,0,0,3,698,0
TX900487,1,829.43,Electrónica,0,0,4,590,0
TX900488,11,7.66,Electrónica,0,1,1,1393,0
TX900489,0,18.58,Viajes,0,0,3,2268,0
TX900490,16,46.69,Ropa,0,0,3,269,0
TX900491,6,107.0,Suscripciones,0,0,2,977,0
TX900492,14,22.29,Electrónica,0,1,3,1443,0
TX900493,15,3.38,Ropa,0,0,5,732,0
TX900494,0,127.14,Viajes,0,1,1,404,0
TX900495,10,90.78,Ropa,0,0,3,899,0
TX900496,11,19.04,Restauración,0,0,1,1053,0
TX900497,7,40.44,Suscripciones,0,0,1,905,0
TX900498,8,163.42,Electrónica,0,1,1,586,0
TX900499,13,27.5,Electrónica,0,0,1,2272,0
TX900500,9,37.72,Electrónica,0,0,4,1659,0
TX900501,1,33.4,Electrónica,0,0,1,579,0
TX900502,14,10.23,Electrónica,0,0,3,437,0
TX900503,18,16.56,Viajes,0,0,1,2532,0
TX900504,4,85.54,Ropa,0,0,6,2546,0
TX900505,9,12.8,Ropa,1,0,1,1303,0
TX900506,6,72.58,Viajes,0,0,5,904,0
TX900507,9,20.78,Retirada de efectivo,0,0,2,551,0
TX900508,3,16.91,Alimentación,0,0,3,2480,0
TX900509,20,181.16,Retirada de efectivo,0,0,0,700,0
TX900510,2,25.6,Electrónica,0,0,1,2347,0
TX900511,8,5.39,Viajes,0,0,3,483,0
TX900512,16,28.19,Retirada de efectivo,1,0,3,1869,0
TX900513,15,2.91,Retirada de efectivo,0,0,3,1424,0
TX900514,8,81.59,Alimentación,0,0,5,2347,0
TX900515,1,4.07,Alimentación,0,0,1,488,0
TX900516,4,10.9,Viajes,0,0,1,607,0
TX900517,6,179.68,Suscripciones,0,0,3,260,0
TX900518,8,18.97,Alimentación,0,0,2,1227,0
TX900519,6,57.52,Suscripciones,0,0,0,1631,0
TX900520,14,17.06,Alimentación,0,0,5,857,0
TX900521,7,42.06,Viajes,0,0,2,2443,0
TX900522,7,9.4,Restauración,0,1,2,33,0
TX900523,15,19.3,Viajes,0,0,0,900,0
TX900524,9,5.42,Retirada de efectivo,1,0,3,1176,0
TX900525,1,31.34,Viajes,0,0,3,425,0
TX900526,20,60.19,Restauración,0,0,5,1635,0
TX900527,1,27.13,Alimentación,1,0,3,942,0
TX900528,22,32.97,Electrónica,0,0,3,954,0
TX900529,15,7.45,Retirada de efectivo,0,0,4,643,0
TX900530,18,77.16,Restauración,0,0,1,159,0
TX900531,6,65.23,Restauración,0,0,1,56,0
TX900532,14,50.54,Alimentación,0,1,1,776,1
TX900533,2,6.27,Electrónica,0,0,3,2345,0
TX900534,8,74.66,Suscripciones,0,0,1,1587,0
TX900535,23,42.23,Retirada de efectivo,0,0,4,2125,0
TX900536,22,17.03,Electrónica,0,0,5,1467,0
TX900537,16,26.32,Restauración,1,0,6,563,0
TX900538,21,12.27,Suscripciones,0,0,0,1235,0
TX900539,13,25.46,Ropa,0,0,1,1582,0
TX900540,16,40.78,Alimentación,0,0,3,1291,0
TX900541,16,29.3,Restauración,0,0,3,632,0
TX900542,11,239.47,Viajes,0,0,3,1670,0
TX900543,10,19.85,Alimentación,0,0,8,1976,0
TX900544,3,22.69,Ropa,0,0,3,547,0
TX900545,21,5.88,Ropa,0,0,3,1581,0
TX900546,6,27.56,Alimentación,0,1,3,2402,0
TX900547,9,16.01,Electrónica,0,0,1,2529,0
TX900548,3,9.94,Suscripciones,0,0,3,953,0
TX900549,14,64.47,Suscripciones,0,0,2,594,0
TX900550,0,68.09,Alimentación,0,1,3,1426,0
TX900551,7,31.24,Ropa,0,0,4,1990,0
TX900552,4,18.41,Alimentación,0,0,5,2394,0
TX900553,2,46.63,Electrónica,0,0,3,142,0
TX900554,6,106.16,Ropa,0,0,1,1471,0
TX900555,18,85.46,Ropa,0,0,5,386,0
TX900556,2,23.14,Suscripciones,0,0,2,159,0
TX900557,3,58.59,Viajes,0,0,3,1691,0
TX900558,3,49.82,Electrónica,0,0,0,1967,0
TX900559,11,163.79,Electrónica,0,0,2,1686,0
TX900560,16,191.97,Alimentación,1,1,3,2227,0
TX900561,3,17.89,Electrónica,0,0,0,2377,0
TX900562,15,58.57,Ropa,0,0,2,1941,0
TX900563,2,8.23,Retirada de efectivo,1,0,3,1166,0
TX900564,14,34.03,Ropa,0,0,1,284,0
TX900565,20,33.64,Suscripciones,0,0,0,523,0
TX900566,13,24.84,Ropa,0,1,2,1902,0
TX900567,4,56.15,Ropa,0,0,2,691,0
TX900568,5,26.26,Retirada de efectivo,0,0,1,2128,0
TX900569,14,21.32,Alimentación,0,0,2,2268,0
TX900570,4,6.86,Alimentación,1,0,1,2497,0
TX900571,1,11.21,Restauración,0,0,3,1217,0
TX900572,3,57.86,Alimentación,0,0,0,2554,0
TX900573,11,11.91,Retirada de efectivo,0,0,5,904,0
TX900574,14,37.84,Alimentación,0,0,0,2043,0
TX900575,18,35.82,Viajes,0,0,2,1329,0
TX900576,2,7.83,Suscripciones,1,0,2,841,0
TX900577,20,103.12,Suscripciones,0,1,1,2476,0
TX900578,13,40.91,Alimentación,0,1,2,693,0
TX900579,0,25.5,Retirada de efectivo,1,0,4,1682,0
TX900580,15,24.57,Suscripciones,0,0,4,2216,0
TX900581,10,4.14,Restauración,0,0,3,2320,0
TX900582,11,3.82,Retirada de efectivo,0,0,4,728,0
TX900583,10,88.68,Ropa,0,0,2,1707,0
TX900584,2,11.68,Electrónica,0,0,1,1844,0
TX900585,12,11.44,Restauración,0,0,0,1375,0
TX900586,0,3.61,Electrónica,0,0,3,117,0
TX900587,20,56.29,Electrónica,0,0,3,719,0
TX900588,20,27.31,Viajes,0,0,1,960,0
TX900589,1,31.88,Viajes,1,0,2,1465,0
TX900590,17,36.46,Alimentación,0,0,4,1200,0
TX900591,15,39.28,Alimentación,1,0,0,1419,0
TX900592,19,22.06,Electrónica,0,0,3,1914,0
TX900593,4,20.82,Restauración,0,0,0,336,0
TX900594,6,16.27,Suscripciones,0,0,2,982,0
TX900595,14,4.34,Suscripciones,0,0,1,928,0
TX900596,15,5.48,Suscripciones,0,1,3,1983,0
TX900597,1,172.18,Retirada de efectivo,0,0,2,274,0
TX900598,9,140.24,Restauración,0,0,3,1303,0
TX900599,1,2.0,Ropa,0,0,5,147,0
TX900600,11,39.56,Retirada de efectivo,0,0,5,527,0
TX900601,7,6.52,Retirada de efectivo,0,0,1,1941,0
TX900602,11,307.56,Ropa,0,1,3,961,0
TX900603,20,7.33,Retirada de efectivo,0,0,3,2015,0
TX900604,10,42.57,Suscripciones,1,1,2,2379,0
TX900605,18,25.27,Alimentación,0,0,2,559,0
TX900606,5,47.64,Viajes,0,0,2,1012,0
TX900607,14,79.01,Viajes,0,0,2,1504,0
TX900608,6,7.83,Viajes,0,0,3,1859,0
TX900609,4,128.6,Viajes,0,1,4,2313,0
TX900610,3,11.42,Viajes,0,0,2,678,0
TX900611,3,3.65,Restauración,0,0,5,1209,0
TX900612,13,14.52,Alimentación,0,1,1,608,0
TX900613,19,20.73,Electrónica,0,0,1,595,0
TX900614,23,90.49,Restauración,0,0,2,1567,0
TX900615,7,48.91,Retirada de efectivo,1,0,3,528,0
TX900616,9,44.12,Electrónica,0,0,4,2051,0
TX900617,15,11.21,Retirada de efectivo,0,1,0,2216,0
TX900618,17,88.05,Retirada de efectivo,0,0,2,1949,0
TX900619,1,40.2,Alimentación,0,0,2,2117,0
TX900620,6,43.72,Ropa,0,0,2,126,0
TX900621,15,107.21,Suscripciones,0,1,2,707,0
TX900622,22,14.34,Restauración,0,0,2,2297,0
TX900623,2,172.12,Viajes,1,1,1,296,0
TX900624,8,50.78,Ropa,0,0,2,2312,0
TX900625,3,68.28,Ropa,1,0,0,1761,1
TX900626,8,33.9,Suscripciones,0,1,1,968,0
TX900627,12,17.23,Suscripciones,0,1,4,1209,0
TX900628,6,294.55,Ropa,0,0,2,987,0
TX900629,4,23.73,Alimentación,0,0,4,1189,0
TX900630,6,11.72,Retirada de efectivo,0,0,0,82,0
TX900631,4,8.57,Suscripciones,0,0,1,2050,0
TX900632,3,193.63,Ropa,0,0,5,2575,0
TX900633,13,54.32,Viajes,0,0,3,77,0
TX900634,22,6.53,Alimentación,0,0,3,736,0
TX900635,12,20.06,Restauración,0,0,2,1465,0
TX900636,9,22.7,Suscripciones,0,0,0,703,0
TX900637,16,11.02,Electrónica,0,0,0,1158,0
TX900638,19,54.36,Electrónica,0,0,1,261,0
TX900639,21,21.46,Viajes,0,0,2,1409,0
TX900640,18,25.73,Alimentación,0,0,4,2012,0
TX900641,5,7.6,Electrónica,0,0,2,551,0
TX900642,7,13.34,Ropa,0,0,2,2185,0
TX900643,15,8.25,Restauración,0,0,2,2309,0
TX900644,4,468.23,Alimentación,0,0,7,1444,0
TX900645,23,2.0,Alimentación,0,0,3,1377,0
TX900646,1,12.12,Alimentación,0,0,1,2578,0
TX900647,4,24.55,Electrónica,0,0,1,726,0
TX900648,20,14.19,Alimentación,1,0,3,2360,0
TX900649,19,32.97,Viajes,0,0,3,2054,0
TX900650,14,9.75,Retirada de efectivo,0,0,1,2394,0
TX900651,23,35.29,Electrónica,0,0,4,2469,0
TX900652,14,98.18,Electrónica,0,0,2,933,0
TX900653,10,2.75,Ropa,0,0,3,1824,0
TX900654,3,13.77,Ropa,0,0,4,501,0
TX900655,17,14.95,Viajes,0,0,1,1907,0
TX900656,3,134.57,Alimentación,0,0,3,1911,0
TX900657,8,33.94,Suscripciones,0,0,4,2578,0
TX900658,18,9.48,Restauración,0,1,2,896,0
TX900659,0,27.89,Viajes,0,1,5,2175,0
TX900660,12,4.93,Viajes,0,0,2,2336,0
TX900661,13,136.61,Retirada de efectivo,0,0,5,1282,0
TX900662,14,38.33,Ropa,0,0,2,2283,0
TX900663,16,22.35,Suscripciones,0,0,0,863,0
TX900664,10,34.91,Suscripciones,0,1,4,1063,0
TX900665,6,18.27,Ropa,0,0,5,2092,0
TX900666,19,8.08,Restauración,1,0,2,1353,0
TX900667,12,14.33,Retirada de efectivo,1,0,1,1826,0
TX900668,15,80.81,Suscripciones,0,0,2,679,0
TX900669,7,25.27,Retirada de efectivo,0,0,0,1189,0
TX900670,16,36.18,Retirada de efectivo,0,1,1,1551,0
TX900671,4,85.1,Suscripciones,0,1,2,1029,0
TX900672,17,61.62,Electrónica,0,0,1,1088,0
TX900673,7,13.73,Viajes,1,0,3,555,0
TX900674,17,59.67,Suscripciones,0,1,1,2438,0
TX900675,3,29.52,Suscripciones,0,0,2,2284,0
TX900676,3,9.39,Viajes,0,0,2,2428,0
TX900677,13,53.48,Viajes,0,0,1,641,0
TX900678,23,69.87,Retirada de efectivo,0,0,5,2200,0
TX900679,18,4.22,Restauración,0,0,3,2458,0
TX900680,5,8.04,Viajes,1,1,3,821,1
TX900681,18,9.1,Suscripciones,0,0,1,2323,0
TX900682,17,220.41,Alimentación,0,0,2,2576,0
TX900683,18,10.58,Electrónica,0,0,2,2436,0
TX900684,12,3.3,Ropa,0,0,0,1750,0
TX900685,0,6.41,Retirada de efectivo,1,0,0,222,0
TX900686,14,58.28,Alimentación,0,0,0,663,0
TX900687,22,11.93,Retirada de efectivo,0,0,0,1816,0
TX900688,15,9.63,Ropa,1,0,2,2227,0
TX900689,2,3.77,Electrónica,0,0,2,2136,1
TX900690,5,64.63,Retirada de efectivo,0,0,2,664,0
TX900691,16,64.21,Retirada de efectivo,0,1,3,17,0
TX900692,22,31.38,Ropa,0,0,0,2010,0
TX900693,7,8.77,Ropa,0,0,5,27,0
TX900694,21,12.93,Alimentación,0,1,0,479,0
TX900695,21,12.71,Restauración,1,0,1,1521,0
TX900696,23,18.43,Alimentación,0,0,1,553,0
TX900697,1,10.39,Suscripciones,0,0,0,688,0
TX900698,12,7.93,Retirada de efectivo,0,0,3,142,0
TX900699,11,23.8,Retirada de efectivo,0,0,0,1694,0
TX900700,23,119.37,Alimentación,0,0,2,274,0
TX900701,1,6.95,Retirada de efectivo,0,0,2,19,0
TX900702,13,30.5,Alimentación,0,1,3,1332,0
TX900703,7,86.06,Alimentación,0,0,7,1473,0
TX900704,1,28.83,Alimentación,0,0,4,2485,0
TX900705,2,28.31,Suscripciones,0,0,3,2506,0
TX900706,18,10.05,Restauración,0,0,3,173,1
TX900707,3,59.54,Electrónica,0,1,2,72,0
TX900708,18,79.02,Retirada de efectivo,0,0,1,1602,0
TX900709,22,107.2,Suscripciones,1,0,0,1467,0
TX900710,12,47.66,Ropa,0,0,0,24,0
TX900711,3,16.1,Alimentación,1,0,2,1954,0
TX900712,7,23.06,Suscripciones,1,0,2,1458,0
TX900713,15,8.81,Alimentación,0,0,2,2390,0
TX900714,16,29.14,Viajes,1,0,3,595,0
TX900715,23,34.55,Ropa,1,0,3,1140,0
TX900716,16,40.42,Retirada de efectivo,0,0,5,1650,0
TX900717,6,106.16,Ropa,0,0,1,2161,0
TX900718,4,26.07,Alimentación,1,0,2,1721,0
TX900719,9,11.03,Electrónica,0,0,2,2284,0
TX900720,20,20.34,Restauración,0,0,3,1437,0
TX900721,7,34.84,Electrónica,0,0,2,1387,0
TX900722,11,56.95,Viajes,0,0,2,268,0
TX900723,23,16.05,Ropa,0,0,1,2399,0
TX900724,8,15.67,Ropa,0,0,7,622,0
TX900725,19,48.88,Retirada de efectivo,0,1,1,1304,0
TX900726,4,10.3,Ropa,0,0,0,588,0
TX900727,21,40.39,Viajes,0,0,5,468,0
TX900728,12,65.27,Ropa,0,0,2,1408,0
TX900729,4,24.98,Suscripciones,0,0,0,607,0
TX900730,23,50.84,Retirada de efectivo,0,0,2,1395,0
TX900731,6,7.71,Viajes,0,0,3,1038,0
TX900732,5,18.68,Suscripciones,1,0,3,1005,0
TX900733,17,9.19,Suscripciones,0,0,1,2208,0
TX900734,7,43.85,Suscripciones,1,1,2,2271,1
TX900735,18,2.0,Suscripciones,0,0,1,1618,0
TX900736,8,59.18,Suscripciones,1,1,1,1473,0
TX900737,16,11.84,Viajes,0,0,1,302,0
TX900738,20,10.37,Electrónica,0,0,3,13,0
TX900739,14,96.51,Electrónica,0,1,0,2095,0
TX900740,21,20.69,Suscripciones,0,1,2,2422,0
TX900741,20,14.73,Retirada de efectivo,0,1,1,1835,0
TX900742,11,33.96,Retirada de efectivo,0,0,4,2587,0
TX900743,13,29.57,Suscripciones,0,0,2,1697,0
TX900744,14,21.12,Viajes,0,0,2,2133,0
TX900745,2,78.58,Viajes,1,0,0,2242,0
TX900746,5,2.05,Ropa,0,0,5,2540,0
TX900747,20,7.64,Electrónica,0,0,0,1799,0
TX900748,20,7.87,Suscripciones,0,1,5,2147,0
TX900749,22,141.89,Alimentación,0,0,0,1205,0
TX900750,16,110.27,Viajes,0,0,1,1492,0
TX900751,3,28.57,Alimentación,0,0,1,1196,0
TX900752,17,23.13,Retirada de efectivo,0,0,2,224,0
TX900753,6,16.81,Viajes,0,1,1,2126,1
TX900754,9,76.61,Suscripciones,0,0,3,1947,0
TX900755,3,6.58,Alimentación,0,0,2,2055,0
TX900756,23,65.33,Alimentación,0,0,2,340,0
TX900757,17,149.85,Suscripciones,1,0,4,2059,0
TX900758,11,30.91,Ropa,0,0,1,540,0
TX900759,3,33.97,Restauración,0,0,1,2182,0
TX900760,16,29.14,Alimentación,0,0,2,625,0
TX900761,19,15.53,Viajes,0,0,1,1527,0
TX900762,3,4.07,Restauración,0,0,3,293,0
TX900763,6,28.89,Viajes,0,0,1,1444,0
TX900764,18,12.19,Retirada de efectivo,0,0,0,2381,0
TX900765,2,9.29,Restauración,0,0,2,2224,0
TX900766,1,19.54,Suscripciones,0,0,1,1957,0
TX900767,23,54.09,Alimentación,0,0,2,17,0
TX900768,20,39.06,Restauración,0,0,1,2538,0
TX900769,21,36.55,Suscripciones,0,0,5,1888,0
TX900770,6,50.76,Viajes,0,1,4,1305,0
TX900771,22,37.92,Restauración,0,1,0,373,0
TX900772,0,64.98,Suscripciones,0,0,0,40,0
TX900773,23,80.65,Electrónica,0,0,4,1823,0
TX900774,20,65.32,Ropa,0,0,4,627,0
TX900775,19,11.31,Ropa,0,1,4,774,0
TX900776,21,60.6,Restauración,0,0,0,58,0
TX900777,19,15.01,Suscripciones,0,0,2,1443,0
TX900778,19,8.51,Restauración,0,0,4,1016,0
TX900779,17,12.2,Viajes,0,0,2,1878,0
TX900780,20,9.11,Restauración,0,0,1,89,0
TX900781,0,62.98,Restauración,0,0,1,1412,0
TX900782,18,32.43,Alimentación,0,0,2,188,0
TX900783,17,79.93,Restauración,0,0,2,2445,0
TX900784,10,80.32,Ropa,0,0,2,1703,0
TX900785,16,21.3,Viajes,0,1,5,904,0
TX900786,23,52.01,Electrónica,0,0,2,1798,0
TX900787,4,5.21,Restauración,0,0,1,772,0
TX900788,20,9.47,Restauración,1,0,1,230,0
TX900789,22,4.93,Electrónica,0,0,2,2162,0
TX900790,6,9.01,Ropa,0,0,3,2421,0
TX900791,20,10.38,Retirada de efectivo,0,1,1,682,0
TX900792,0,13.73,Restauración,0,0,3,1429,0
TX900793,0,14.79,Ropa,0,1,2,2074,0
TX900794,9,11.23,Alimentación,0,0,4,75,0
TX900795,0,7.39,Retirada de efectivo,0,0,4,386,0
TX900796,17,71.22,Viajes,0,0,2,1993,0
TX900797,2,20.53,Ropa,1,0,4,807,0
TX900798,15,44.54,Suscripciones,0,0,4,1241,0
TX900799,18,10.89,Suscripciones,0,1,1,1831,0
TX900800,4,7.74,Retirada de efectivo,1,1,0,599,1
TX900801,14,75.78,Retirada de efectivo,1,0,1,2188,0
TX900802,3,88.51,Viajes,0,0,1,240,0
TX900803,1,32.28,Suscripciones,0,0,2,215,0
TX900804,23,22.04,Retirada de efectivo,0,0,1,1220,0
TX900805,18,142.48,Restauración,0,0,2,1908,0
TX900806,2,81.61,Restauración,0,0,2,2064,0
TX900807,1,18.91,Suscripciones,0,0,2,2490,0
TX900808,0,8.39,Ropa,0,1,5,2478,0
TX900809,16,119.3,Restauración,0,1,3,2002,0
TX900810,13,2.0,Alimentación,0,0,2,2576,0
TX900811,17,22.0,Retirada de efectivo,0,0,1,2550,0
TX900812,5,14.85,Electrónica,0,0,1,501,0
TX900813,4,11.53,Suscripciones,0,0,2,1274,0
TX900814,21,10.08,Restauración,0,0,2,2468,0
TX900815,8,21.64,Restauración,0,0,1,365,0
TX900816,19,79.35,Electrónica,0,0,0,1672,0
TX900817,20,9.79,Suscripciones,0,0,1,1273,0
TX900818,16,132.86,Ropa,0,0,2,1226,0
TX900819,18,17.25,Ropa,0,0,2,105,0
TX900820,0,5.73,Ropa,0,0,2,419,0
TX900821,22,10.1,Alimentación,1,1,0,897,1
TX900822,7,13.4,Electrónica,0,0,3,407,0
TX900823,0,13.96,Electrónica,0,0,4,1184,0
TX900824,18,7.31,Retirada de efectivo,1,0,3,911,0
TX900825,3,48.28,Alimentación,0,0,2,565,0
TX900826,7,47.4,Electrónica,0,1,1,1475,0
TX900827,23,20.24,Retirada de efectivo,0,1,2,498,0
TX900828,14,7.0,Electrónica,0,0,2,2580,0
TX900829,21,11.99,Viajes,0,0,2,1052,0
TX900830,1,24.93,Restauración,0,0,5,907,0
TX900831,4,5.73,Electrónica,0,0,4,2499,0
TX900832,15,5.84,Viajes,0,0,2,768,0
TX900833,22,17.4,Electrónica,0,0,2,1588,0
TX900834,14,4.45,Ropa,0,0,1,2596,0
TX900835,3,50.92,Ropa,0,0,4,1991,0
TX900836,12,28.28,Retirada de efectivo,0,0,2,200,0
TX900837,0,104.82,Electrónica,0,0,2,1316,0
TX900838,12,6.14,Restauración,1,1,3,2550,0
TX900839,15,11.34,Viajes,0,0,0,2370,0
TX900840,1,56.66,Suscripciones,0,1,0,1183,0
TX900841,9,56.54,Retirada de efectivo,0,0,2,2250,0
TX900842,7,4.21,Suscripciones,0,0,4,887,0
TX900843,19,129.82,Electrónica,1,0,3,124,0
TX900844,14,10.2,Restauración,0,0,3,1095,0
TX900845,0,112.81,Retirada de efectivo,0,0,7,315,1
TX900846,0,18.57,Suscripciones,0,0,2,1991,0
TX900847,12,63.86,Ropa,0,1,1,75,0
TX900848,18,2.39,Suscripciones,0,1,2,1225,0
TX900849,22,1952.46,Restauración,0,0,3,542,0
TX900850,3,24.12,Viajes,0,0,5,2587,0
TX900851,10,103.76,Suscripciones,0,0,6,2571,0
TX900852,2,26.81,Electrónica,0,1,1,2103,0
TX900853,10,37.12,Ropa,0,0,4,888,0
TX900854,10,74.22,Retirada de efectivo,0,0,2,1021,0
TX900855,17,168.84,Ropa,0,0,1,311,0
TX900856,22,24.52,Ropa,0,0,2,2294,0
TX900857,20,143.17,Retirada de efectivo,0,0,3,1909,0
TX900858,1,25.25,Restauración,0,0,4,963,0
TX900859,20,47.94,Alimentación,0,0,3,463,0
TX900860,12,31.65,Restauración,0,0,0,1102,0
TX900861,16,30.81,Alimentación,0,0,1,36,0
TX900862,19,19.39,Ropa,0,0,3,1153,0
TX900863,22,17.39,Alimentación,0,0,5,444,0
TX900864,4,20.48,Viajes,0,0,2,841,0
TX900865,8,71.43,Viajes,0,0,4,1284,0
TX900866,6,92.35,Suscripciones,0,0,2,394,0
TX900867,10,2.78,Alimentación,0,0,1,2076,0
TX900868,15,15.64,Restauración,0,0,0,2586,0
TX900869,12,3.64,Suscripciones,0,1,2,772,0
TX900870,12,30.21,Suscripciones,0,0,1,1821,0
TX900871,7,5.89,Alimentación,0,0,7,2555,0
TX900872,15,6.29,Suscripciones,0,0,1,2213,0
TX900873,20,17.22,Restauración,0,0,1,2063,0
TX900874,10,4.6,Viajes,0,0,2,1502,0
TX900875,5,45.58,Alimentación,0,0,0,2049,0
TX900876,12,30.55,Suscripciones,0,1,6,1582,0
TX900877,0,10.98,Ropa,1,0,3,1686,1
TX900878,21,40.97,Electrónica,0,0,1,2248,0
TX900879,23,15.36,Suscripciones,0,0,1,252,0
TX900880,21,26.8,Retirada de efectivo,0,0,2,2270,0
TX900881,3,432.95,Retirada de efectivo,0,0,1,1222,0
TX900882,3,18.56,Retirada de efectivo,0,0,3,945,0
TX900883,1,27.3,Alimentación,0,0,1,1319,0
TX900884,20,55.66,Viajes,0,0,4,1759,0
TX900885,1,581.55,Suscripciones,0,1,2,151,0
TX900886,1,12.39,Ropa,0,0,4,93,0
TX900887,20,15.9,Retirada de efectivo,0,0,0,2351,0
TX900888,18,45.2,Retirada de efectivo,0,0,1,635,0
TX900889,8,14.82,Electrónica,0,0,1,815,0
TX900890,10,32.23,Restauración,0,0,2,135,0
TX900891,7,210.25,Suscripciones,0,0,3,1307,0
TX900892,18,18.61,Electrónica,0,0,1,749,0
TX900893,21,14.92,Alimentación,0,0,1,2557,0
TX900894,17,178.25,Retirada de efectivo,1,0,1,1550,0
TX900895,2,14.63,Electrónica,1,0,1,1261,0
TX900896,18,34.4,Alimentación,0,0,3,112,0
TX900897,14,3.02,Restauración,0,0,5,2017,0
TX900898,17,50.39,Restauración,0,0,1,2467,0
TX900899,13,32.47,Ropa,0,0,2,734,0
TX900900,22,4.8,Alimentación,0,0,3,69,0
TX900901,21,23.44,Restauración,0,0,2,2571,0
TX900902,10,70.07,Suscripciones,0,1,2,1219,0
TX900903,2,13.38,Restauración,0,0,3,1278,0
TX900904,15,13.83,Retirada de efectivo,0,0,3,362,0
TX900905,6,88.35,Ropa,0,0,0,113,0
TX900906,20,22.75,Restauración,0,0,3,1463,0
TX900907,4,52.17,Viajes,1,0,1,1011,0
TX900908,17,96.41,Restauración,0,0,2,480,0
TX900909,11,9.64,Electrónica,0,0,2,2353,0
TX900910,18,10.16,Electrónica,0,0,1,1090,0
TX900911,23,36.38,Retirada de efectivo,1,0,4,962,0
TX900912,23,10.12,Restauración,0,0,3,2307,0
TX900913,13,24.33,Electrónica,0,0,3,1521,0
TX900914,22,36.08,Suscripciones,0,0,2,33,0
TX900915,23,56.16,Retirada de efectivo,0,0,2,466,0
TX900916,16,17.28,Restauración,1,0,1,997,0
TX900917,9,172.84,Viajes,1,0,1,96,0
TX900918,19,433.18,Restauración,0,1,4,255,0
TX900919,11,9.96,Ropa,0,0,8,2466,0
TX900920,21,468.31,Viajes,0,0,0,1432,0
TX900921,22,13.07,Electrónica,0,0,3,1155,0
TX900922,1,4.8,Suscripciones,0,0,3,1204,0
TX900923,8,27.05,Electrónica,0,0,3,1374,0
TX900924,13,41.83,Viajes,0,0,0,406,0
TX900925,22,13.35,Alimentación,0,1,2,2307,0
TX900926,9,18.79,Viajes,0,0,0,717,0
TX900927,18,54.91,Ropa,0,0,2,2513,0
TX900928,2,3.71,Electrónica,0,0,3,2222,0
TX900929,9,21.59,Electrónica,0,0,1,2017,0
TX900930,8,6.44,Electrónica,0,0,2,1246,0
TX900931,18,14.29,Ropa,0,0,0,486,0
TX900932,13,143.72,Restauración,0,0,3,645,0
TX900933,5,34.29,Alimentación,0,0,1,613,0
TX900934,3,331.39,Suscripciones,0,0,2,849,0
TX900935,22,13.69,Ropa,0,0,3,416,0
TX900936,1,95.29,Ropa,0,0,0,1593,0
TX900937,1,67.13,Alimentación,0,0,1,790,0
TX900938,13,3.78,Restauración,0,0,0,1196,0
TX900939,4,12.66,Electrónica,0,0,2,2353,0
TX900940,3,117.41,Alimentación,0,0,7,44,0
TX900941,19,40.02,Suscripciones,0,0,3,2437,0
TX900942,8,10.3,Restauración,0,0,2,976,0
TX900943,14,3.95,Restauración,0,0,2,1206,0
TX900944,7,3.04,Electrónica,0,0,2,251,0
TX900945,7,64.44,Alimentación,0,0,3,2280,0
TX900946,0,6.87,Alimentación,0,0,5,2199,0
TX900947,21,151.0,Suscripciones,0,0,0,1063,0
TX900948,0,74.17,Suscripciones,0,1,3,2025,0
TX900949,15,2.0,Ropa,0,0,1,2459,0
TX900950,2,40.92,Viajes,0,0,0,1665,0
TX900951,14,11.26,Electrónica,0,0,0,2421,0
TX900952,8,21.13,Restauración,0,0,1,2024,0
TX900953,18,27.0,Alimentación,0,0,3,496,0
TX900954,22,18.89,Ropa,0,0,3,1345,0
TX900955,22,35.53,Alimentación,0,0,1,635,0
TX900956,10,6.32,Restauración,0,1,4,1505,0
TX900957,10,62.91,Retirada de efectivo,0,1,2,2195,0
TX900958,22,4.2,Ropa,0,0,3,1819,0
TX900959,20,17.2,Electrónica,0,0,2,215,0
TX900960,4,17.29,Suscripciones,0,0,2,2037,0
TX900961,10,129.18,Viajes,0,0,5,1603,0
TX900962,4,7.2,Ropa,0,0,2,1466,0
TX900963,5,35.38,Restauración,0,0,1,1919,0
TX900964,8,54.59,Electrónica,0,0,3,1944,0
TX900965,11,56.78,Suscripciones,0,1,2,1668,0
TX900966,4,18.0,Restauración,0,0,2,341,0
TX900967,5,46.12,Ropa,0,0,2,1154,0
TX900968,21,117.2,Retirada de efectivo,0,0,4,680,0
TX900969,3,10.36,Electrónica,0,0,1,2141,0
TX900970,23,16.51,Restauración,0,1,3,716,0
TX900971,11,26.27,Restauración,1,0,4,1661,0
TX900972,10,9.77,Restauración,0,0,1,564,0
TX900973,12,141.91,Electrónica,0,0,3,1069,0
TX900974,8,18.63,Ropa,0,0,3,1433,0
TX900975,18,19.31,Viajes,0,0,4,326,0
TX900976,0,8.09,Viajes,0,0,0,151,0
TX900977,6,40.72,Restauración,0,0,0,695,0
TX900978,6,55.34,Restauración,0,0,2,1175,0
TX900979,18,6.47,Viajes,0,0,4,659,0
TX900980,5,49.78,Restauración,0,0,1,341,0
TX900981,5,61.46,Restauración,0,0,3,2558,0
TX900982,7,34.14,Electrónica,0,0,3,980,0
TX900983,1,9.03,Ropa,0,0,1,1297,0
TX900984,7,17.32,Viajes,0,0,5,1178,0
TX900985,16,4.2,Retirada de efectivo,0,1,2,196,0
TX900986,22,5.29,Ropa,1,0,1,1314,0
TX900987,12,60.59,Restauración,0,0,2,1644,0
TX900988,10,118.41,Electrónica,0,0,3,406,0
TX900989,9,16.62,Restauración,0,0,1,1838,0
TX900990,20,46.07,Restauración,1,0,3,2584,0
TX900991,14,12.74,Alimentación,1,0,2,108,0
TX900992,18,22.12,Ropa,0,0,4,1460,0
TX900993,8,38.64,Alimentación,0,0,0,2251,0
TX900994,18,43.02,Retirada de efectivo,1,0,2,933,0
TX900995,1,15.11,Retirada de efectivo,1,1,4,1028,1
TX900996,11,60.2,Retirada de efectivo,0,0,1,2515,0
TX900997,12,6.55,Alimentación,0,0,2,1061,0
TX900998,0,124.8,Restauración,0,0,3,1093,0
TX900999,1,9.36,Electrónica,1,1,2,1256,0
TX901000,2,45.4,Ropa,1,0,0,2578,0
TX901001,21,4.58,Restauración,1,0,2,1956,0
TX901002,9,6.56,Electrónica,0,0,0,2509,0
TX901003,23,3.82,Restauración,0,0,1,2466,0
TX901004,23,5.73,Electrónica,0,0,0,515,0
TX901005,15,89.79,Electrónica,0,0,5,2585,0
TX901006,0,16.88,Retirada de efectivo,1,0,0,1497,0
TX901007,19,47.86,Retirada de efectivo,0,0,5,1166,0
TX901008,13,45.8,Retirada de efectivo,0,0,3,1602,0
TX901009,22,49.42,Alimentación,0,0,3,962,0
TX901010,8,90.66,Viajes,0,0,2,1913,0
TX901011,9,19.04,Alimentación,0,1,3,2313,0
TX901012,16,15.51,Retirada de efectivo,0,0,3,1170,0
TX901013,9,4.86,Restauración,0,0,5,800,0
TX901014,23,27.05,Suscripciones,0,0,0,430,0
TX901015,11,23.08,Alimentación,0,0,1,1206,0
TX901016,15,7.88,Ropa,1,0,3,1467,0
TX901017,8,11.58,Electrónica,0,0,1,1889,0
TX901018,3,10.06,Restauración,0,0,2,695,0
TX901019,16,6.0,Alimentación,0,1,3,1654,0
TX901020,4,131.52,Viajes,0,1,2,153,0
TX901021,13,47.51,Alimentación,0,0,3,1088,0
TX901022,17,133.86,Restauración,0,0,3,1303,0
TX901023,15,65.73,Retirada de efectivo,0,0,1,1033,0
TX901024,11,84.05,Retirada de efectivo,0,0,2,1532,0
TX901025,18,3.58,Suscripciones,0,1,1,271,0
TX901026,14,11.71,Alimentación,0,0,4,2516,0
TX901027,12,87.7,Restauración,0,1,2,715,0
TX901028,4,62.39,Electrónica,0,0,4,1540,0
TX901029,22,64.5,Retirada de efectivo,0,0,2,1913,0
TX901030,4,8.66,Restauración,0,0,1,1131,0
TX901031,3,47.24,Viajes,0,0,4,134,0
TX901032,23,6.14,Alimentación,0,1,3,572,0
TX901033,11,21.06,Viajes,0,0,2,1691,0
TX901034,5,43.09,Restauración,0,0,1,129,0
TX901035,4,8.04,Alimentación,0,0,4,1226,0
TX901036,7,27.43,Electrónica,1,0,3,977,0
TX901037,12,17.96,Ropa,0,1,2,1298,0
TX901038,7,18.36,Alimentación,0,0,2,696,0
TX901039,14,15.84,Suscripciones,0,1,3,797,0
TX901040,6,7.85,Suscripciones,0,1,2,2383,0
TX901041,1,9.46,Retirada de efectivo,0,0,2,1148,0
TX901042,22,33.33,Suscripciones,0,0,2,1750,0
TX901043,2,5.93,Restauración,0,1,3,2237,0
TX901044,1,13.5,Retirada de efectivo,0,0,2,71,0
TX901045,2,33.51,Alimentación,0,0,3,1660,0
TX901046,6,25.13,Electrónica,0,0,5,396,0
TX901047,17,10.67,Alimentación,0,0,3,1468,0
TX901048,1,41.2,Suscripciones,0,1,2,1698,0
TX901049,2,44.05,Ropa,0,0,1,1635,0
TX901050,14,56.81,Restauración,0,0,1,2018,0
TX901051,20,20.53,Ropa,0,0,2,2215,0
TX901052,2,92.02,Ropa,0,0,1,1737,0
TX901053,16,15.33,Ropa,0,0,5,443,0
TX901054,7,5.71,Suscripciones,0,0,2,1160,0
TX901055,10,6.98,Electrónica,0,0,3,1325,0
TX901056,22,27.67,Ropa,0,0,2,2559,0
TX901057,6,7.09,Electrónica,0,0,0,893,0
TX901058,3,68.07,Restauración,0,1,2,198,0
TX901059,8,66.78,Alimentación,0,0,0,1620,0
TX901060,13,125.86,Alimentación,0,0,2,81,0
TX901061,13,42.85,Restauración,1,1,6,800,0
TX901062,4,4.07,Restauración,0,0,2,2177,0
TX901063,5,22.15,Viajes,0,0,3,2122,0
TX901064,2,21.21,Suscripciones,0,0,1,1977,0
TX901065,23,39.86,Ropa,0,0,3,578,0
TX901066,2,21.97,Restauración,1,0,1,754,0
TX901067,23,75.74,Retirada de efectivo,0,0,5,1129,0
TX901068,21,18.15,Viajes,0,1,3,506,0
TX901069,15,29.54,Electrónica,0,0,1,1990,0
TX901070,6,30.04,Retirada de efectivo,0,0,0,2244,0
TX901071,20,26.83,Suscripciones,0,0,5,2592,0
TX901072,17,24.99,Retirada de efectivo,0,1,2,1840,0
TX901073,12,16.71,Ropa,0,1,1,2536,0
TX901074,8,25.98,Ropa,0,0,6,1762,0
TX901075,11,12.76,Suscripciones,0,0,2,314,0
TX901076,3,11.78,Retirada de efectivo,0,1,3,1094,0
TX901077,21,10.15,Ropa,0,0,3,1370,0
TX901078,5,22.19,Ropa,1,0,1,369,0
TX901079,20,12.13,Alimentación,0,1,4,2080,0
TX901080,17,4.1,Retirada de efectivo,0,1,2,2333,0
TX901081,0,119.52,Restauración,0,0,0,1947,0
TX901082,7,15.11,Electrónica,0,0,4,1581,0
TX901083,20,12.38,Retirada de efectivo,0,1,1,819,0
TX901084,6,11.74,Alimentación,0,0,0,375,0
TX901085,7,11.58,Viajes,1,0,3,377,0
TX901086,19,11.93,Retirada de efectivo,0,0,0,2088,0
TX901087,8,13.17,Viajes,0,0,2,2445,0
TX901088,4,59.53,Retirada de efectivo,0,1,4,518,0
TX901089,13,17.53,Retirada de efectivo,1,0,3,1425,1
TX901090,8,78.6,Retirada de efectivo,0,0,2,2288,0
TX901091,10,75.38,Alimentación,0,0,1,2128,0
TX901092,21,2.58,Viajes,0,0,3,189,0
TX901093,8,42.57,Electrónica,0,0,1,1539,0
TX901094,10,8.37,Restauración,0,1,0,558,0
TX901095,23,86.4,Electrónica,0,0,3,2078,0
TX901096,3,14.26,Electrónica,0,0,1,2480,0
TX901097,2,14.6,Suscripciones,0,0,2,889,0
TX901098,20,23.42,Electrónica,0,0,0,673,0
TX901099,7,47.36,Viajes,0,0,2,127,0
TX901100,6,5.73,Alimentación,0,0,2,517,0
TX901101,16,30.95,Restauración,0,0,0,170,0
TX901102,5,94.43,Retirada de efectivo,0,0,3,2449,0
TX901103,3,30.74,Alimentación,0,0,0,1307,0
TX901104,19,26.62,Alimentación,0,0,3,1102,0
TX901105,4,8.82,Electrónica,0,1,2,2429,0
TX901106,11,28.81,Electrónica,1,1,6,743,0
TX901107,15,48.32,Viajes,0,1,1,2260,0
TX901108,18,29.11,Suscripciones,0,1,1,680,0
TX901109,2,30.18,Viajes,0,0,4,619,0
TX901110,10,51.73,Electrónica,0,0,3,1772,0
TX901111,13,29.92,Electrónica,0,0,3,2319,0
TX901112,15,11.85,Retirada de efectivo,0,1,1,1821,0
TX901113,5,35.11,Ropa,0,0,7,830,0
TX901114,8,9.75,Restauración,0,0,2,1908,0
TX901115,4,31.28,Alimentación,0,1,2,473,0
TX901116,8,11.06,Alimentación,0,0,1,293,0
TX901117,7,381.98,Ropa,0,0,1,845,0
TX901118,8,114.85,Ropa,0,0,0,2548,0
TX901119,22,66.62,Suscripciones,1,0,2,1522,0
TX901120,14,36.46,Retirada de efectivo,0,0,3,206,0
TX901121,17,24.85,Ropa,0,1,2,2566,0
TX901122,11,4.2,Suscripciones,1,0,4,1379,0
TX901123,10,38.66,Alimentación,0,0,2,2075,0
TX901124,0,8.43,Ropa,1,0,2,1864,0
TX901125,10,14.17,Alimentación,0,0,2,767,0
TX901126,3,7.07,Suscripciones,0,0,2,74,0
TX901127,12,2.23,Viajes,0,0,2,2250,0
TX901128,4,9.46,Alimentación,0,0,2,1163,0
TX901129,13,26.77,Retirada de efectivo,0,0,3,2229,0
TX901130,17,2.0,Alimentación,0,0,4,1823,0
TX901131,18,25.26,Restauración,0,0,5,1114,0
TX901132,10,194.22,Alimentación,0,0,5,584,0
TX901133,5,14.51,Retirada de efectivo,0,0,3,1266,0
TX901134,3,60.62,Ropa,0,1,0,2088,0
TX901135,13,10.26,Electrónica,0,0,3,2115,0
TX901136,11,504.05,Viajes,0,1,4,1635,0
TX901137,8,35.43,Alimentación,0,0,2,638,0
TX901138,17,22.27,Electrónica,0,1,1,929,0
TX901139,2,8.84,Restauración,0,1,2,1346,0
TX901140,14,19.18,Alimentación,0,0,4,433,0
TX901141,9,19.78,Viajes,0,1,2,192,0
TX901142,1,17.26,Retirada de efectivo,0,0,1,2224,0
TX901143,16,4.91,Restauración,0,0,3,2057,0
TX901144,8,9.86,Ropa,0,1,2,1267,0
TX901145,17,62.03,Electrónica,0,0,2,2260,0
TX901146,23,10.16,Retirada de efectivo,0,0,3,2536,0
TX901147,22,166.5,Ropa,0,0,1,705,0
TX901148,21,158.66,Restauración,0,0,2,1620,0
TX901149,0,7.32,Alimentación,0,0,3,989,0
TX901150,1,7.25,Retirada de efectivo,1,0,3,423,0
TX901151,0,2.22,Alimentación,0,0,4,717,0
TX901152,10,400.16,Retirada de efectivo,0,0,0,314,0
TX901153,13,21.55,Suscripciones,0,0,5,20,0
TX901154,15,18.15,Suscripciones,0,1,5,413,0
TX901155,16,22.89,Alimentación,0,0,1,454,0
TX901156,3,43.32,Ropa,0,0,0,1497,0
TX901157,6,3.54,Suscripciones,0,0,1,383,0
TX901158,4,46.27,Restauración,0,0,2,842,0
TX901159,13,98.1,Viajes,0,0,2,2458,0
TX901160,8,32.47,Electrónica,0,0,5,80,0
TX901161,11,31.66,Retirada de efectivo,0,0,3,1357,0
TX901162,14,7.73,Ropa,0,0,3,140,0
TX901163,17,109.59,Retirada de efectivo,0,0,4,1707,0
TX901164,14,39.37,Viajes,0,0,2,598,0
TX901165,23,9.48,Retirada de efectivo,0,1,2,668,0
TX901166,8,39.73,Ropa,0,0,2,942,0
TX901167,19,87.77,Ropa,0,1,4,127,0
TX901168,22,5.15,Ropa,1,1,1,693,0
TX901169,23,99.96,Retirada de efectivo,0,0,2,2518,0
TX901170,4,24.58,Restauración,0,1,3,574,0
TX901171,0,34.79,Ropa,0,0,2,1010,0
TX901172,20,9.08,Retirada de efectivo,1,0,1,1885,0
TX901173,16,2.45,Retirada de efectivo,0,0,5,171,0
TX901174,16,36.73,Ropa,1,0,6,1069,0
TX901175,18,7.16,Restauración,0,0,2,512,0
TX901176,17,4.02,Ropa,0,0,1,1270,0
TX901177,5,7.6,Ropa,0,1,3,1046,0
TX901178,13,64.88,Viajes,0,0,3,271,0
TX901179,13,85.95,Retirada de efectivo,0,0,4,2419,0
TX901180,21,118.67,Suscripciones,0,1,1,2218,0
TX901181,9,96.5,Viajes,1,0,4,331,0
TX901182,8,10.12,Suscripciones,0,0,3,912,0
TX901183,9,7.44,Retirada de efectivo,0,1,1,1645,0
TX901184,17,51.5,Restauración,1,1,7,2238,0
TX901185,1,41.93,Viajes,1,0,1,2549,0
TX901186,18,62.78,Alimentación,0,1,1,2408,0
TX901187,7,55.38,Electrónica,0,0,2,2594,0
TX901188,0,25.94,Ropa,0,0,0,1177,0
TX901189,16,80.56,Retirada de efectivo,0,0,1,464,0
TX901190,3,28.6,Alimentación,0,1,3,2177,0
TX901191,8,99.53,Ropa,0,0,0,1772,0
TX901192,1,10.55,Electrónica,1,0,3,850,0
TX901193,23,4.23,Suscripciones,1,0,2,406,0
TX901194,14,20.15,Electrónica,0,0,3,2202,0
TX901195,9,20.93,Viajes,1,0,1,638,0
TX901196,4,15.48,Viajes,0,0,2,1459,0
TX901197,14,6.51,Retirada de efectivo,0,0,3,97,0
TX901198,11,19.32,Retirada de efectivo,0,0,1,2370,0
TX901199,20,8.4,Alimentación,0,1,4,1717,0
TX901200,13,9.07,Suscripciones,0,0,3,692,0
TX901201,2,10.06,Suscripciones,0,0,1,322,0
TX901202,14,3.02,Alimentación,0,0,2,2245,0
TX901203,23,18.86,Viajes,1,0,3,1075,0
TX901204,20,41.97,Viajes,0,0,2,1495,0
TX901205,18,7.42,Ropa,0,0,4,1566,0
TX901206,17,96.22,Restauración,0,0,1,2417,0
TX901207,11,9.8,Ropa,0,0,1,330,0
TX901208,10,23.41,Retirada de efectivo,0,1,5,1296,0
TX901209,8,10.9,Alimentación,0,0,0,1487,0
TX901210,19,5.47,Suscripciones,1,0,2,235,0
TX901211,11,13.89,Alimentación,0,0,0,185,0
TX901212,21,11.15,Viajes,0,0,2,1864,0
TX901213,4,21.53,Electrónica,0,0,4,1186,0
TX901214,10,34.11,Suscripciones,1,0,3,1906,0
TX901215,21,214.35,Viajes,0,0,2,2520,0
TX901216,8,35.13,Electrónica,0,0,4,740,0
TX901217,6,28.55,Electrónica,0,0,2,1487,0
TX901218,9,19.12,Suscripciones,1,0,3,16,0
TX901219,9,5.1,Retirada de efectivo,0,0,4,1513,1
TX901220,1,35.13,Retirada de efectivo,0,0,0,1175,0
TX901221,23,11.54,Electrónica,0,0,0,2269,0
TX901222,20,24.97,Ropa,0,1,3,1618,0
TX901223,14,16.02,Ropa,0,0,2,825,0
TX901224,9,2.0,Suscripciones,0,0,1,2332,0
TX901225,1,17.65,Ropa,0,0,1,262,0
TX901226,21,16.02,Restauración,0,0,3,202,0
TX901227,14,50.39,Ropa,0,0,0,114,0
TX901228,0,63.65,Restauración,0,0,1,62,0
TX901229,3,42.76,Suscripciones,0,0,2,1068,0
TX901230,10,14.86,Ropa,0,0,2,464,0
TX901231,13,40.8,Retirada de efectivo,0,0,1,1655,0
TX901232,17,15.18,Suscripciones,0,0,5,836,0
TX901233,17,27.89,Ropa,0,0,4,2172,0
TX901234,2,91.2,Retirada de efectivo,1,0,2,1171,0
TX901235,10,33.13,Viajes,0,0,0,1817,0
TX901236,0,241.86,Suscripciones,0,0,3,419,0
TX901237,21,72.55,Alimentación,0,0,2,1927,0
TX901238,0,9.39,Alimentación,0,0,2,1051,0
TX901239,14,16.98,Suscripciones,0,0,2,976,0
TX901240,15,16.03,Suscripciones,0,0,3,1439,0
TX901241,5,18.36,Suscripciones,1,0,2,1524,0
TX901242,6,34.37,Electrónica,0,0,0,1491,0
TX901243,22,7.45,Electrónica,0,0,1,19,0
TX901244,17,16.1,Retirada de efectivo,0,0,2,1138,0
TX901245,3,14.13,Electrónica,0,0,4,2528,0
TX901246,8,19.44,Viajes,0,0,2,2120,0
TX901247,22,143.14,Alimentación,0,1,3,2473,0
TX901248,4,13.52,Retirada de efectivo,1,0,0,2222,1
TX901249,17,7.12,Ropa,0,0,3,224,0
TX901250,14,88.38,Suscripciones,0,0,3,140,0
TX901251,11,36.13,Ropa,0,0,3,888,0
TX901252,9,142.57,Alimentación,0,0,2,793,0
TX901253,6,10.26,Electrónica,0,0,5,181,0
TX901254,11,24.86,Viajes,0,0,1,2278,0
TX901255,9,30.31,Ropa,0,0,2,1405,0
TX901256,8,49.15,Alimentación,0,0,2,361,0
TX901257,11,88.04,Alimentación,1,0,4,419,0
TX901258,19,12.01,Viajes,0,0,1,1294,0
TX901259,17,17.97,Retirada de efectivo,0,0,4,1469,0
TX901260,0,5.94,Electrónica,0,0,3,1370,0
TX901261,9,15.49,Ropa,0,0,1,26,0
TX901262,1,1325.05,Electrónica,0,0,1,1260,0
TX901263,16,13.99,Restauración,1,0,1,977,0
TX901264,0,15.44,Retirada de efectivo,0,0,0,302,0
TX901265,22,95.51,Electrónica,0,0,1,1356,0
TX901266,10,61.2,Alimentación,0,1,1,2093,0
TX901267,19,11.5,Alimentación,0,0,1,433,0
TX901268,18,35.75,Viajes,0,1,4,1167,0
TX901269,23,151.77,Electrónica,1,0,2,169,0
TX901270,18,218.9,Ropa,1,0,4,2365,0
TX901271,16,64.68,Alimentación,0,1,2,2205,0
TX901272,13,9.45,Ropa,0,0,3,36,0
TX901273,0,23.74,Retirada de efectivo,0,0,2,1459,0
TX901274,6,18.31,Electrónica,0,1,1,881,0
TX901275,6,149.8,Suscripciones,0,0,1,1646,0
TX901276,18,8.65,Retirada de efectivo,0,1,0,644,0
TX901277,9,7.59,Ropa,0,0,1,1249,0
TX901278,15,6.69,Ropa,0,1,2,2539,0
TX901279,5,5.02,Suscripciones,0,0,1,2148,0
TX901280,0,23.86,Viajes,0,0,3,635,0
TX901281,23,12.25,Viajes,0,0,4,907,0
TX901282,21,3.92,Alimentación,0,0,2,998,0
TX901283,2,9.75,Electrónica,1,0,0,696,0
TX901284,1,29.68,Alimentación,0,0,5,2202,0
TX901285,17,40.22,Alimentación,1,0,2,1027,0
TX901286,5,8.64,Alimentación,1,0,3,314,0
TX901287,7,5.69,Viajes,0,0,2,1395,0
TX901288,6,89.13,Retirada de efectivo,0,0,4,1878,0
TX901289,22,12.09,Electrónica,0,0,2,494,0
TX901290,10,193.11,Alimentación,0,0,2,647,0
TX901291,13,29.2,Retirada de efectivo,0,1,1,764,1
TX901292,20,2.69,Restauración,0,0,1,1557,0
TX901293,3,10.1,Alimentación,0,0,0,1316,0
TX901294,2,21.96,Retirada de efectivo,0,1,1,179,0
TX901295,7,50.17,Viajes,0,1,2,485,0
TX901296,7,6.23,Suscripciones,0,0,2,798,0
TX901297,12,19.53,Alimentación,0,0,2,57,0
TX901298,16,9.05,Suscripciones,0,0,0,821,0
TX901299,8,50.29,Suscripciones,0,0,0,696,0
TX901300,8,5.55,Electrónica,0,0,3,1140,1
TX901301,19,23.54,Suscripciones,0,0,3,1711,0
TX901302,21,14.59,Alimentación,0,0,0,212,0
TX901303,6,28.69,Electrónica,0,0,4,2261,0
TX901304,17,15.72,Retirada de efectivo,0,0,3,2560,0
TX901305,8,6.39,Alimentación,0,0,3,1513,0
TX901306,17,16.41,Suscripciones,0,0,8,431,0
TX901307,7,5.22,Viajes,0,0,2,1257,0
TX901308,12,6.85,Suscripciones,0,1,2,847,0
TX901309,3,19.38,Alimentación,0,0,4,690,0
TX901310,17,2.8,Viajes,0,0,1,1802,0
TX901311,3,59.09,Alimentación,1,0,1,404,1
TX901312,5,30.01,Restauración,0,0,2,2409,0
TX901313,19,184.74,Alimentación,0,0,2,243,0
TX901314,14,225.84,Retirada de efectivo,0,0,1,961,0
TX901315,20,6.39,Ropa,0,0,1,156,0
TX901316,7,48.3,Restauración,0,0,2,1493,0
TX901317,23,26.95,Viajes,0,0,2,421,0
TX901318,12,73.11,Alimentación,0,0,2,435,0
TX901319,9,15.25,Electrónica,0,0,3,2105,0
TX901320,7,15.77,Restauración,0,0,2,1217,0
TX901321,5,19.81,Electrónica,0,0,3,97,0
TX901322,21,28.24,Viajes,0,0,3,1691,0
TX901323,14,20.07,Ropa,0,0,6,133,0
TX901324,17,40.68,Viajes,0,1,4,946,0
TX901325,6,11.87,Ropa,0,0,4,1940,0
TX901326,7,4.09,Electrónica,0,1,4,1701,0
TX901327,22,13.32,Retirada de efectivo,1,0,2,2379,0
TX901328,18,12.69,Suscripciones,0,0,2,35,0
TX901329,5,263.66,Alimentación,0,0,1,1991,0
TX901330,18,21.95,Electrónica,0,0,2,482,0
TX901331,3,54.47,Ropa,0,0,4,1487,0
TX901332,4,19.07,Alimentación,0,0,2,875,0
TX901333,11,6.28,Retirada de efectivo,0,0,3,1092,0
TX901334,9,7.48,Electrónica,0,0,5,1466,0
TX901335,13,32.77,Electrónica,0,0,4,67,0
TX901336,23,58.08,Restauración,0,1,0,2228,0
TX901337,7,48.08,Viajes,0,0,1,1978,0
TX901338,10,31.38,Viajes,0,0,3,624,0
TX901339,6,44.04,Alimentación,0,0,0,2318,0
TX901340,14,39.45,Restauración,0,0,2,76,0
TX901341,0,35.17,Electrónica,0,1,2,1305,0
TX901342,16,41.66,Alimentación,1,0,2,522,0
TX901343,20,32.06,Electrónica,0,1,4,732,0
TX901344,1,13.58,Electrónica,0,0,1,1567,0
TX901345,15,24.43,Restauración,0,0,0,1468,0
TX901346,2,251.23,Restauración,0,0,1,897,0
TX901347,18,39.17,Restauración,0,1,3,863,0
TX901348,20,86.24,Electrónica,0,0,3,583,0
TX901349,7,14.28,Alimentación,0,1,5,248,0
TX901350,14,20.24,Ropa,1,0,2,2355,0
TX901351,23,8.12,Viajes,0,0,1,1888,0
TX901352,4,11.89,Ropa,0,0,2,561,0
TX901353,1,49.68,Ropa,0,0,0,441,0
TX901354,18,6.94,Alimentación,0,0,4,494,0
TX901355,22,176.15,Restauración,0,0,3,212,0
TX901356,17,29.13,Viajes,0,0,2,2528,0
TX901357,16,162.1,Ropa,0,0,1,726,0
TX901358,5,95.01,Alimentación,0,0,1,810,0
TX901359,10,30.35,Viajes,0,0,3,1258,0
TX901360,15,9.04,Restauración,0,0,2,873,0
TX901361,20,15.18,Viajes,0,0,1,735,0
TX901362,23,23.85,Ropa,0,0,1,840,0
TX901363,5,21.2,Restauración,1,1,0,1422,1
TX901364,16,30.78,Viajes,0,0,2,926,1
TX901365,20,202.48,Viajes,0,0,5,404,0
TX901366,1,13.88,Viajes,0,0,0,756,0
TX901367,21,8.3,Electrónica,0,1,2,2066,0
TX901368,19,41.05,Restauración,0,0,2,2436,0
TX901369,14,34.68,Suscripciones,0,0,3,1673,0
TX901370,14,8.21,Restauración,0,0,3,1810,0
TX901371,20,80.38,Ropa,0,0,1,1936,0
TX901372,11,3.57,Viajes,0,0,3,2445,0
TX901373,4,75.25,Ropa,0,0,1,1879,0
TX901374,10,88.33,Viajes,0,0,1,1589,0
TX901375,16,238.5,Restauración,0,0,0,494,0
TX901376,22,16.93,Electrónica,1,0,2,622,1
TX901377,0,27.48,Ropa,0,0,5,935,0
TX901378,10,29.08,Alimentación,0,0,3,578,0
TX901379,13,12.57,Electrónica,0,0,2,2033,0
TX901380,1,30.23,Alimentación,0,0,2,2077,0
TX901381,11,37.08,Retirada de efectivo,0,1,4,728,0
TX901382,11,36.33,Restauración,0,0,3,685,0
TX901383,11,64.39,Retirada de efectivo,0,0,2,66,0
TX901384,7,53.19,Restauración,0,0,5,255,0
TX901385,6,22.47,Restauración,1,1,1,1123,0
TX901386,1,4.59,Restauración,0,0,2,53,0
TX901387,8,141.45,Ropa,0,0,3,1177,0
TX901388,9,6.77,Suscripciones,1,0,5,2060,0
TX901389,18,35.1,Suscripciones,0,0,6,858,0
TX901390,1,4.99,Restauración,0,1,2,1867,0
TX901391,16,14.37,Ropa,0,0,1,819,0
TX901392,12,28.92,Suscripciones,1,0,2,649,0
TX901393,20,32.65,Viajes,1,0,1,122,0
TX901394,6,7.43,Viajes,1,0,2,873,1
TX901395,21,138.01,Electrónica,0,0,4,1230,0
TX901396,16,14.69,Retirada de efectivo,0,0,0,1703,0
TX901397,15,82.43,Restauración,0,0,3,2397,0
TX901398,5,15.13,Ropa,0,0,2,1860,0
TX901399,6,17.38,Restauración,0,0,1,450,0
TX901400,19,253.2,Electrónica,0,0,3,924,0
TX901401,22,28.95,Viajes,0,0,0,1084,0
TX901402,23,3.19,Suscripciones,0,1,2,1171,0
TX901403,21,27.17,Suscripciones,0,0,2,1964,0
TX901404,3,22.66,Ropa,0,0,2,865,0
TX901405,22,15.03,Viajes,0,0,2,1975,0
TX901406,17,6.15,Electrónica,0,0,1,1154,0
TX901407,15,11.57,Electrónica,0,0,1,299,0
TX901408,19,158.88,Viajes,0,0,1,313,0
TX901409,17,12.63,Alimentación,0,0,2,342,0
TX901410,13,33.0,Alimentación,0,0,1,2254,0
TX901411,9,12.95,Restauración,1,0,2,2139,0
TX901412,12,6.64,Electrónica,0,0,1,2271,0
TX901413,15,13.42,Retirada de efectivo,0,0,3,2314,0
TX901414,3,60.03,Restauración,0,0,2,2423,0
TX901415,11,78.63,Suscripciones,0,0,4,1956,0
TX901416,18,15.1,Suscripciones,0,1,4,1091,0
TX901417,8,14.82,Suscripciones,0,1,0,1016,0
TX901418,5,296.13,Restauración,0,1,3,2474,0
TX901419,22,42.53,Viajes,0,0,2,1393,0
TX901420,6,78.08,Alimentación,0,0,3,347,0
TX901421,18,50.56,Restauración,1,1,3,756,0
TX901422,2,129.59,Restauración,0,0,3,739,0
TX901423,6,23.31,Electrónica,1,0,0,1356,0
TX901424,5,32.97,Restauración,0,1,1,1319,0
TX901425,9,17.32,Electrónica,0,0,0,358,0
TX901426,15,6.49,Restauración,0,0,6,912,0
TX901427,23,15.85,Suscripciones,0,0,5,418,0
TX901428,21,2.53,Alimentación,0,0,0,1502,0
TX901429,23,9.72,Restauración,1,1,1,2162,0
TX901430,20,39.04,Viajes,0,0,3,952,0
TX901431,8,105.63,Viajes,0,0,2,2538,0
TX901432,21,6.88,Alimentación,0,0,2,1008,0
TX901433,23,57.83,Suscripciones,0,0,2,1656,0
TX901434,9,18.67,Restauración,0,0,3,292,0
TX901435,16,21.22,Retirada de efectivo,1,0,2,1336,0
TX901436,4,74.29,Alimentación,0,0,5,1654,0
TX901437,19,44.56,Electrónica,0,0,6,540,0
TX901438,7,6.07,Retirada de efectivo,0,0,3,232,0
TX901439,21,19.03,Suscripciones,0,0,4,1038,0
TX901440,16,15.99,Alimentación,0,1,0,2570,0
TX901441,4,59.72,Ropa,0,0,2,2541,0
TX901442,13,75.62,Ropa,1,0,4,293,0
TX901443,14,49.95,Retirada de efectivo,0,0,0,1888,0
TX901444,13,21.96,Restauración,0,1,6,1508,0
TX901445,19,8.67,Suscripciones,0,0,1,1702,0
TX901446,19,12.31,Ropa,0,0,5,2236,0
TX901447,14,23.98,Retirada de efectivo,0,0,1,1205,0
TX901448,18,34.25,Ropa,0,1,1,803,0
TX901449,8,18.37,Viajes,0,0,1,1919,0
TX901450,14,102.54,Viajes,0,0,2,337,0
TX901451,7,62.37,Viajes,0,0,2,519,0
TX901452,14,173.74,Electrónica,0,0,2,2304,0
TX901453,22,6.79,Viajes,1,0,1,2339,0
TX901454,15,61.68,Alimentación,0,0,2,1089,0
TX901455,16,90.67,Viajes,0,0,2,2533,0
TX901456,15,9.43,Retirada de efectivo,0,0,2,1345,0
TX901457,5,35.28,Retirada de efectivo,0,0,5,969,0
TX901458,7,25.85,Viajes,0,0,5,1505,0
TX901459,23,20.9,Viajes,0,0,0,2346,0
TX901460,17,7.87,Retirada de efectivo,0,1,1,2211,0
TX901461,14,16.45,Suscripciones,0,0,1,2217,0
TX901462,22,11.85,Suscripciones,0,1,3,787,0
TX901463,22,69.0,Viajes,0,0,1,1520,0
TX901464,4,126.7,Alimentación,0,0,1,2555,0
TX901465,0,9.01,Retirada de efectivo,0,1,1,65,0
TX901466,3,59.07,Viajes,0,1,2,251,0
TX901467,23,28.51,Restauración,0,0,1,2544,0
TX901468,6,36.33,Ropa,0,0,2,263,0
TX901469,18,16.28,Ropa,0,0,2,1600,0
TX901470,10,11.09,Restauración,0,1,2,2385,0
TX901471,15,125.33,Restauración,0,0,0,1625,0
TX901472,18,14.59,Restauración,0,0,1,1503,0
TX901473,14,62.42,Retirada de efectivo,0,0,3,1116,0
TX901474,23,56.23,Retirada de efectivo,0,0,1,575,0
TX901475,3,21.3,Electrónica,0,0,1,2128,0
TX901476,8,49.03,Restauración,0,0,2,1317,0
TX901477,18,16.14,Suscripciones,0,0,4,1521,0
TX901478,17,41.04,Electrónica,0,0,2,1901,0
TX901479,3,3.71,Viajes,0,0,3,1315,0
TX901480,21,13.64,Electrónica,1,0,3,1207,0
TX901481,15,26.79,Electrónica,0,0,3,2000,0
TX901482,0,4.55,Restauración,0,0,5,2168,0
TX901483,11,7.07,Alimentación,1,0,3,1829,0
TX901484,11,4.52,Electrónica,0,0,0,686,0
TX901485,19,46.81,Restauración,0,0,2,2145,0
TX901486,13,5.94,Suscripciones,0,1,1,225,0
TX901487,4,7.53,Restauración,0,1,1,2562,0
TX901488,0,14.13,Electrónica,0,0,0,1696,0
TX901489,2,60.3,Restauración,0,0,3,1156,0
TX901490,22,2.0,Alimentación,0,0,2,1369,0
TX901491,5,14.82,Electrónica,0,1,2,1836,0
TX901492,16,80.86,Ropa,0,0,1,275,0
TX901493,6,9.17,Electrónica,0,0,3,1670,0
TX901494,11,34.13,Ropa,0,0,1,1456,0
TX901495,22,43.74,Electrónica,0,1,1,603,0
TX901496,22,4.42,Retirada de efectivo,0,0,2,1416,0
TX901497,9,17.11,Restauración,0,1,4,2107,0
TX901498,18,12.2,Viajes,0,0,3,18,0
TX901499,15,29.32,Suscripciones,0,0,5,2086,0
TX901500,19,43.88,Alimentación,0,0,2,492,0
TX901501,12,33.84,Alimentación,0,0,1,1018,0
TX901502,17,46.79,Viajes,0,0,4,1411,0
TX901503,12,9.57,Ropa,0,0,1,2302,0
TX901504,17,17.83,Ropa,0,0,2,2449,0
TX901505,19,52.69,Suscripciones,0,0,1,1213,0
TX901506,20,41.72,Retirada de efectivo,0,0,4,1406,0
TX901507,10,3.88,Ropa,0,0,4,920,0
TX901508,12,33.31,Alimentación,0,0,3,165,0
TX901509,1,5.46,Alimentación,0,0,4,855,0
TX901510,2,6.38,Viajes,0,0,3,35,0
TX901511,23,75.83,Electrónica,0,0,1,238,0
TX901512,11,58.32,Viajes,0,0,3,2078,0
TX901513,3,11.22,Retirada de efectivo,0,0,4,1664,0
TX901514,16,27.63,Suscripciones,0,0,1,235,0
TX901515,6,40.14,Suscripciones,0,0,7,1403,0
TX901516,17,9.37,Retirada de efectivo,0,0,0,583,0
TX901517,23,2.01,Suscripciones,0,0,0,1297,0
TX901518,7,33.4,Restauración,0,0,1,1715,0
TX901519,9,123.19,Suscripciones,1,0,4,1849,0
TX901520,22,11.9,Restauración,0,0,2,2464,0
TX901521,6,22.94,Viajes,1,0,1,1074,0
TX901522,21,77.13,Viajes,1,0,2,425,0
TX901523,0,114.11,Viajes,0,0,2,642,0
TX901524,10,37.43,Alimentación,0,0,4,1232,0
TX901525,12,14.18,Suscripciones,0,0,2,1534,0
TX901526,1,28.15,Electrónica,0,0,0,1759,0
TX901527,14,16.61,Ropa,0,0,2,347,0
TX901528,22,16.22,Ropa,0,1,3,151,0
TX901529,15,46.07,Suscripciones,1,1,3,1547,0
TX901530,12,37.84,Ropa,0,0,2,1104,0
TX901531,18,38.81,Suscripciones,0,0,4,1514,0
TX901532,17,17.94,Viajes,0,0,1,1057,0
TX901533,16,120.91,Retirada de efectivo,1,0,3,1917,0
TX901534,20,10.12,Alimentación,0,0,2,510,0
TX901535,5,3.5,Viajes,0,0,2,1600,0
TX901536,18,12.09,Retirada de efectivo,0,1,4,279,0
TX901537,12,37.05,Electrónica,0,0,2,1109,0
TX901538,4,19.58,Viajes,0,1,0,2570,0
TX901539,9,7.73,Electrónica,0,0,0,604,0
TX901540,18,102.57,Retirada de efectivo,0,0,3,735,0
TX901541,8,2.71,Viajes,0,1,2,1594,0
TX901542,16,20.35,Viajes,0,0,4,1936,0
TX901543,7,22.27,Restauración,0,0,1,1288,0
TX901544,19,317.28,Retirada de efectivo,0,0,3,1130,0
TX901545,17,66.81,Alimentación,0,1,6,1459,0
TX901546,12,43.27,Electrónica,0,1,3,1562,0
TX901547,13,278.21,Suscripciones,0,0,1,798,0
TX901548,23,52.5,Restauración,0,0,1,458,0
TX901549,3,65.86,Ropa,0,0,3,2392,0
TX901550,21,14.28,Suscripciones,0,0,1,1226,0
TX901551,0,105.54,Electrónica,0,0,3,2572,0
TX901552,3,8.38,Viajes,0,0,2,2367,0
TX901553,23,12.4,Restauración,0,0,1,1722,0
TX901554,6,148.89,Suscripciones,0,0,1,1204,0
TX901555,17,23.47,Ropa,0,0,2,452,0
TX901556,10,30.04,Retirada de efectivo,0,0,2,2573,0
TX901557,3,184.2,Viajes,0,0,1,2581,0
TX901558,4,11.82,Restauración,1,0,0,1616,0
TX901559,22,26.25,Alimentación,0,0,0,1330,0
TX901560,16,5.05,Suscripciones,1,1,0,1582,1
TX901561,9,59.99,Viajes,0,1,1,109,0
TX901562,6,60.57,Electrónica,0,0,2,1414,0
TX901563,11,36.06,Ropa,0,0,4,2253,0
TX901564,9,10.48,Viajes,1,0,5,652,0
TX901565,18,41.15,Viajes,0,1,2,2454,0
TX901566,9,10.87,Viajes,0,0,4,2005,0
TX901567,2,5.31,Alimentación,0,0,1,1636,0
TX901568,20,73.4,Retirada de efectivo,0,0,4,1477,0
TX901569,18,29.66,Ropa,0,0,5,937,0
TX901570,15,16.33,Alimentación,0,0,3,218,0
TX901571,23,48.45,Suscripciones,0,0,2,507,0
TX901572,17,6.21,Electrónica,0,0,4,1506,0
TX901573,15,69.5,Retirada de efectivo,0,0,2,304,0
TX901574,22,48.4,Retirada de efectivo,1,0,4,2051,0
TX901575,10,4.72,Retirada de efectivo,0,0,3,413,0
TX901576,15,94.0,Suscripciones,0,0,2,1055,0
TX901577,13,339.33,Electrónica,0,0,3,923,0
TX901578,0,119.98,Restauración,0,0,5,1537,0
TX901579,0,103.65,Retirada de efectivo,1,0,1,2415,0
TX901580,22,22.27,Retirada de efectivo,1,0,1,1546,0
TX901581,17,3.15,Viajes,0,0,2,2145,0
TX901582,21,21.65,Ropa,0,0,1,50,0
TX901583,12,20.73,Restauración,0,0,2,635,0
TX901584,22,19.28,Ropa,0,0,2,485,0
TX901585,4,14.53,Alimentación,0,1,2,228,0
TX901586,8,35.31,Electrónica,0,0,3,291,0
TX901587,20,12.42,Suscripciones,0,0,0,238,0
TX901588,0,9.97,Electrónica,0,0,1,487,0
TX901589,20,19.45,Viajes,0,0,1,2051,0
TX901590,12,21.86,Suscripciones,0,0,0,419,0
TX901591,2,14.0,Ropa,1,0,6,2166,0
TX901592,18,106.82,Suscripciones,0,0,0,1174,0
TX901593,10,41.54,Retirada de efectivo,0,0,1,2124,0
TX901594,20,55.09,Suscripciones,1,0,2,1678,0
TX901595,2,69.89,Suscripciones,0,0,3,715,0
TX901596,1,15.32,Suscripciones,0,0,1,84,0
TX901597,15,170.64,Retirada de efectivo,0,1,0,741,0
TX901598,12,56.47,Alimentación,1,1,2,2183,0
TX901599,5,43.77,Electrónica,0,1,1,123,0
TX901600,3,6.72,Viajes,0,0,3,455,0
TX901601,16,8.91,Restauración,0,0,2,1780,0
TX901602,23,44.26,Electrónica,0,1,3,1018,0
TX901603,0,7.81,Alimentación,0,0,1,2246,0
TX901604,10,14.5,Alimentación,1,0,2,1982,0
TX901605,23,29.43,Suscripciones,1,0,2,2282,0
TX901606,6,16.89,Retirada de efectivo,0,0,1,2152,0
TX901607,17,57.21,Retirada de efectivo,0,0,1,151,0
TX901608,18,70.5,Restauración,0,1,7,669,0
TX901609,22,7.81,Retirada de efectivo,0,0,3,1772,0
TX901610,22,15.54,Viajes,0,0,0,871,0
TX901611,12,17.87,Ropa,1,0,2,816,0
TX901612,23,19.22,Suscripciones,0,0,4,2235,0
TX901613,10,35.88,Alimentación,0,0,2,245,0
TX901614,12,2.0,Viajes,0,0,3,2533,0
TX901615,22,23.75,Suscripciones,0,0,0,764,0
TX901616,5,2.0,Alimentación,0,0,2,397,0
TX901617,12,44.3,Suscripciones,0,0,3,1391,0
TX901618,5,14.65,Alimentación,0,0,5,1608,0
TX901619,23,29.23,Restauración,0,0,1,2304,0
TX901620,21,18.43,Retirada de efectivo,0,0,1,166,0
TX901621,16,68.24,Alimentación,0,1,5,694,0
TX901622,6,11.11,Electrónica,1,1,1,609,0
TX901623,9,18.17,Ropa,0,0,4,421,0
TX901624,14,47.11,Ropa,0,0,1,1168,0
TX901625,16,242.82,Suscripciones,0,0,4,492,0
TX901626,9,10.75,Ropa,0,0,0,2078,0
TX901627,5,83.43,Electrónica,0,1,4,981,0
TX901628,2,6.33,Electrónica,0,0,1,445,0
TX901629,14,10.59,Ropa,0,0,1,1037,0
TX901630,1,147.0,Viajes,0,0,2,1491,0
TX901631,11,30.16,Suscripciones,0,1,0,2267,0
TX901632,22,25.2,Ropa,0,0,2,894,0
TX901633,14,16.04,Electrónica,0,0,2,870,0
TX901634,3,13.21,Retirada de efectivo,0,0,1,2129,0
TX901635,17,14.23,Viajes,0,1,2,1143,0
TX901636,18,91.04,Viajes,0,0,3,690,0
TX901637,1,8.16,Ropa,0,1,0,2178,0
TX901638,23,6.91,Electrónica,0,0,1,1209,0
TX901639,8,9.43,Viajes,0,0,2,2406,0
TX901640,22,16.72,Ropa,0,0,1,1424,0
TX901641,21,2.74,Electrónica,0,0,3,893,0
TX901642,7,7.6,Retirada de efectivo,0,0,2,1385,0
TX901643,22,34.54,Ropa,0,0,0,2263,0
TX901644,9,36.23,Retirada de efectivo,0,0,4,458,0
TX901645,13,100.23,Retirada de efectivo,0,0,5,1725,0
TX901646,16,32.35,Alimentación,0,1,1,1195,0
TX901647,23,48.81,Viajes,0,0,1,347,0
TX901648,16,97.27,Suscripciones,0,0,1,1611,0
TX901649,21,16.13,Restauración,0,0,4,2188,0
TX901650,4,77.07,Electrónica,0,0,3,1058,0
TX901651,6,44.47,Restauración,0,0,2,2023,0
TX901652,2,19.76,Alimentación,0,0,2,346,0
TX901653,21,59.65,Suscripciones,0,0,1,822,0
TX901654,2,5.02,Retirada de efectivo,0,0,4,2283,0
TX901655,2,22.13,Alimentación,0,0,0,2270,0
TX901656,6,21.51,Alimentación,0,0,6,815,0
TX901657,6,68.68,Restauración,0,0,3,788,0
TX901658,17,25.98,Restauración,0,0,1,771,0
TX901659,7,39.17,Alimentación,0,0,2,2262,0
TX901660,2,68.24,Suscripciones,0,0,5,434,0
TX901661,8,23.55,Electrónica,0,1,4,1872,0
TX901662,18,3.75,Alimentación,0,0,2,507,0
TX901663,17,27.34,Suscripciones,0,0,0,66,0
TX901664,2,7.26,Viajes,0,0,3,363,0
TX901665,19,28.45,Viajes,0,0,7,1044,0
TX901666,5,29.74,Restauración,0,1,2,1192,0
TX901667,12,101.85,Alimentación,0,0,2,1307,0
TX901668,12,25.31,Alimentación,1,0,0,754,0
TX901669,14,19.54,Restauración,0,0,1,1161,0
TX901670,4,12.52,Restauración,0,0,1,148,0
TX901671,6,30.36,Viajes,0,0,2,841,0
TX901672,23,85.61,Electrónica,0,0,3,1082,0
TX901673,2,7.27,Retirada de efectivo,0,1,2,859,0
TX901674,2,44.51,Restauración,0,0,4,1438,0
TX901675,4,15.44,Ropa,1,0,0,320,0
TX901676,11,19.39,Electrónica,0,1,3,1650,0
TX901677,4,10.37,Ropa,0,1,5,1052,0
TX901678,13,7.89,Ropa,0,0,4,2159,0
TX901679,14,30.7,Alimentación,0,0,4,560,0
TX901680,23,28.74,Ropa,0,0,2,540,0
TX901681,0,20.56,Viajes,0,0,5,54,0
TX901682,19,38.38,Retirada de efectivo,0,0,0,1352,0
TX901683,18,5.73,Electrónica,0,0,4,42,0
TX901684,9,31.58,Retirada de efectivo,0,0,3,1441,0
TX901685,12,44.57,Viajes,0,1,2,2458,0
TX901686,6,11.07,Ropa,0,1,3,409,0
TX901687,14,28.57,Restauración,0,0,3,780,0
TX901688,14,60.09,Alimentación,0,0,4,2307,0
TX901689,3,10.13,Viajes,1,1,2,1807,0
TX901690,0,47.19,Suscripciones,0,0,6,330,0
TX901691,10,21.36,Viajes,1,0,2,469,0
TX901692,6,43.8,Restauración,1,0,1,1721,0
TX901693,17,24.81,Retirada de efectivo,0,0,0,338,0
TX901694,5,6.79,Suscripciones,0,0,3,1515,0
TX901695,14,15.84,Restauración,0,0,6,222,0
TX901696,14,22.89,Suscripciones,0,0,3,1119,0
TX901697,14,4.55,Suscripciones,0,0,1,2286,0
TX901698,18,278.09,Ropa,0,0,3,2042,0
TX901699,15,17.83,Suscripciones,0,0,1,412,0
TX901700,17,25.19,Ropa,0,0,4,2042,0
TX901701,19,17.46,Viajes,0,0,0,2525,0
TX901702,7,9.17,Suscripciones,0,1,2,1802,0
TX901703,3,32.43,Alimentación,0,0,3,692,0
TX901704,4,28.61,Retirada de efectivo,0,0,1,2428,0
TX901705,17,2.0,Ropa,0,0,0,912,0
TX901706,20,18.54,Alimentación,0,0,2,2327,0
TX901707,18,30.98,Alimentación,0,0,2,1340,0
TX901708,6,9.63,Retirada de efectivo,0,0,6,1055,0
TX901709,4,4.73,Ropa,0,1,1,662,0
TX901710,20,75.25,Retirada de efectivo,0,0,4,89,0
TX901711,4,20.31,Ropa,0,1,4,77,0
TX901712,12,3.4,Retirada de efectivo,0,0,2,53,0
TX901713,0,38.72,Restauración,0,1,4,1226,0
TX901714,2,6.93,Electrónica,0,0,3,1437,0
TX901715,2,137.17,Viajes,0,0,1,116,0
TX901716,5,14.12,Electrónica,0,0,0,2354,0
TX901717,18,2.73,Ropa,0,1,2,712,0
TX901718,0,97.04,Electrónica,0,1,5,2576,0
TX901719,8,23.99,Retirada de efectivo,0,0,1,1176,0
TX901720,4,12.04,Suscripciones,0,0,4,1206,0
TX901721,5,28.49,Alimentación,0,0,3,1594,0
TX901722,5,42.43,Ropa,0,0,2,839,0
TX901723,1,198.51,Suscripciones,0,0,1,119,0
TX901724,3,12.62,Alimentación,0,0,4,1902,0
TX901725,13,9.19,Restauración,0,0,3,653,0
TX901726,13,533.63,Ropa,0,0,5,1272,0
TX901727,3,6.31,Ropa,0,0,0,2379,0
TX901728,2,20.55,Retirada de efectivo,0,1,2,1375,0
TX901729,1,12.3,Electrónica,0,0,2,2394,0
TX901730,20,8.94,Ropa,0,0,0,596,0
TX901731,1,14.97,Retirada de efectivo,0,0,3,1133,0
TX901732,15,9.31,Ropa,1,0,3,1398,0
TX901733,14,37.06,Alimentación,1,1,2,1082,1
TX901734,2,23.79,Restauración,0,1,0,422,0
TX901735,7,16.8,Retirada de efectivo,0,0,3,122,0
TX901736,2,38.74,Alimentación,0,0,3,585,0
TX901737,17,3.05,Retirada de efectivo,0,0,3,1596,0
TX901738,18,23.98,Suscripciones,0,0,2,339,0
TX901739,6,16.36,Retirada de efectivo,0,0,3,605,0
TX901740,0,21.94,Electrónica,0,0,2,19,0
TX901741,14,40.85,Restauración,0,1,6,131,0
TX901742,12,31.3,Viajes,0,0,6,716,0
TX901743,3,83.6,Viajes,0,0,0,2542,0
TX901744,22,18.06,Retirada de efectivo,0,0,0,1342,0
TX901745,3,22.53,Alimentación,0,0,2,904,0
TX901746,17,34.54,Suscripciones,1,1,0,1790,0
TX901747,6,4.11,Viajes,0,0,0,522,0
TX901748,6,107.66,Electrónica,0,0,3,2010,0
TX901749,19,43.69,Alimentación,0,1,7,1913,0
TX901750,16,13.64,Alimentación,1,0,3,22,0
TX901751,4,17.6,Restauración,0,0,2,1807,0
TX901752,23,67.75,Restauración,0,0,4,2450,0
TX901753,21,11.92,Restauración,0,0,2,2017,0
TX901754,1,70.74,Viajes,0,0,4,1167,0
TX901755,7,82.79,Ropa,1,0,1,2559,0
TX901756,10,13.83,Alimentación,0,0,3,1708,0
TX901757,10,9.03,Viajes,0,0,7,1284,0
TX901758,14,78.95,Electrónica,0,1,1,2422,0
TX901759,21,50.55,Electrónica,0,1,0,2452,0
TX901760,10,25.97,Suscripciones,1,0,1,1017,0
TX901761,0,30.82,Electrónica,1,0,0,588,0
TX901762,1,17.37,Electrónica,1,0,3,1559,0
TX901763,7,28.35,Alimentación,0,1,1,979,0
TX901764,3,69.23,Retirada de efectivo,0,0,0,1283,0
TX901765,21,76.53,Viajes,0,0,0,394,0
TX901766,18,68.07,Restauración,0,0,3,2120,0
TX901767,9,20.32,Viajes,0,0,3,298,0
TX901768,3,6.86,Viajes,0,0,2,913,0
TX901769,21,291.56,Electrónica,0,0,1,728,0
TX901770,13,6.91,Alimentación,0,0,0,1951,0
TX901771,18,32.17,Suscripciones,0,0,1,760,0
TX901772,22,25.18,Viajes,0,1,4,57,0
TX901773,7,185.28,Viajes,0,0,4,389,0
TX901774,20,112.7,Electrónica,0,1,1,1520,0
TX901775,10,2.15,Viajes,0,0,2,2295,0
TX901776,16,3.66,Alimentación,0,0,3,1245,0
TX901777,23,111.23,Retirada de efectivo,0,0,2,1810,0
TX901778,1,60.55,Suscripciones,0,0,1,2107,0
TX901779,4,10.98,Restauración,0,0,0,747,0
TX901780,6,33.88,Alimentación,0,0,2,2020,0
TX901781,12,17.95,Ropa,0,0,0,892,0
TX901782,15,18.38,Retirada de efectivo,0,0,1,1480,0
TX901783,12,42.15,Ropa,0,0,4,2350,0
TX901784,5,43.06,Suscripciones,0,0,1,743,0
TX901785,17,18.21,Viajes,0,0,1,1431,0
TX901786,14,15.18,Alimentación,0,0,6,233,0
TX901787,12,14.15,Alimentación,0,0,3,2084,0
TX901788,10,13.52,Suscripciones,0,0,2,2427,0
TX901789,13,6.78,Restauración,0,0,2,1004,0
TX901790,11,74.59,Electrónica,0,0,4,1189,0
TX901791,12,494.18,Restauración,0,0,0,2338,0
TX901792,2,21.78,Suscripciones,0,0,2,2077,0
TX901793,19,22.27,Alimentación,0,0,1,620,0
TX901794,22,608.79,Restauración,0,0,6,1071,0
TX901795,19,4.43,Alimentación,0,0,2,605,0
TX901796,22,12.14,Electrónica,0,1,7,1473,0
TX901797,10,36.04,Alimentación,0,0,3,1959,0
TX901798,16,20.36,Viajes,0,0,1,301,0
TX901799,6,11.48,Retirada de efectivo,0,0,3,1056,0
TX901800,10,234.65,Retirada de efectivo,0,1,2,172,0
TX901801,20,70.02,Retirada de efectivo,0,0,0,585,0
TX901802,15,41.2,Alimentación,0,0,5,1105,0
TX901803,16,74.29,Electrónica,0,0,1,2481,0
TX901804,15,35.93,Viajes,0,0,1,282,0
TX901805,12,64.5,Restauración,1,0,2,141,0
TX901806,13,58.89,Electrónica,0,0,4,2146,0
TX901807,18,3.18,Ropa,0,1,2,1245,0
TX901808,9,24.07,Viajes,0,0,2,640,0
TX901809,2,24.12,Restauración,0,1,7,1878,0
TX901810,19,8.45,Retirada de efectivo,0,0,1,1429,0
TX901811,21,12.25,Suscripciones,0,0,1,2014,0
TX901812,20,19.0,Ropa,0,0,2,1594,0
TX901813,16,21.94,Suscripciones,0,0,1,2086,0
TX901814,4,141.12,Suscripciones,0,1,3,2421,0
TX901815,17,71.27,Retirada de efectivo,0,0,2,221,0
TX901816,10,18.39,Viajes,0,0,0,1258,0
TX901817,4,87.58,Suscripciones,0,0,2,550,0
TX901818,0,17.33,Retirada de efectivo,1,0,3,2404,0
TX901819,7,2.37,Restauración,0,0,0,216,0
TX901820,13,19.12,Restauración,0,0,1,1294,0
TX901821,20,91.53,Retirada de efectivo,0,1,0,1050,0
TX901822,10,179.84,Retirada de efectivo,0,0,5,1141,0
TX901823,13,29.34,Viajes,0,0,2,807,0
TX901824,16,19.82,Viajes,0,0,1,2545,0
TX901825,19,23.25,Suscripciones,0,0,2,25,0
TX901826,0,14.45,Ropa,0,0,2,642,0
TX901827,12,21.0,Restauración,1,0,1,1993,0
TX901828,5,8.45,Viajes,0,1,0,1242,1
TX901829,7,6.18,Alimentación,0,0,2,2558,0
TX901830,18,19.54,Viajes,0,0,2,2121,0
TX901831,8,18.96,Retirada de efectivo,0,0,1,1094,0
TX901832,9,6.74,Retirada de efectivo,0,0,3,768,0
TX901833,18,26.2,Electrónica,0,0,3,1857,0
TX901834,12,32.71,Viajes,0,0,3,1262,0
TX901835,14,51.89,Ropa,0,0,1,1017,0
TX901836,9,2.0,Ropa,0,0,3,2326,0
TX901837,0,34.66,Restauración,0,0,3,796,0
TX901838,1,71.18,Electrónica,1,0,1,145,0
TX901839,7,48.85,Electrónica,0,0,3,1322,0
TX901840,1,44.36,Alimentación,0,0,0,1415,0
TX901841,6,19.54,Restauración,0,0,2,1159,0
TX901842,23,11.16,Ropa,0,0,1,352,0
TX901843,20,26.64,Viajes,0,0,2,1725,0
TX901844,1,42.83,Retirada de efectivo,0,0,6,1659,0
TX901845,22,43.82,Viajes,0,0,2,683,0
TX901846,17,121.85,Retirada de efectivo,0,0,4,1153,0
TX901847,13,13.06,Restauración,0,1,1,223,0
TX901848,3,23.97,Retirada de efectivo,0,1,1,2305,0
TX901849,14,25.88,Suscripciones,0,0,3,1629,0
TX901850,6,7.4,Electrónica,0,0,0,2219,0
TX901851,12,12.63,Restauración,0,0,6,1479,0
TX901852,6,18.24,Ropa,0,0,3,1454,0
TX901853,17,19.83,Electrónica,1,0,1,934,0
TX901854,12,12.55,Suscripciones,0,0,2,1858,0
TX901855,15,84.38,Restauración,0,1,2,1270,0
TX901856,19,31.91,Viajes,0,0,1,1081,0
TX901857,20,50.93,Alimentación,0,0,1,2005,0
TX901858,15,15.76,Electrónica,0,0,2,509,0
TX901859,4,7.74,Viajes,0,0,0,2268,0
TX901860,9,42.87,Viajes,0,0,2,2527,0
TX901861,6,2.0,Viajes,0,0,2,60,0
TX901862,5,33.02,Viajes,0,0,3,781,0
TX901863,18,2.0,Retirada de efectivo,0,0,2,1520,0
TX901864,10,64.05,Alimentación,0,0,3,59,0
TX901865,22,3.06,Viajes,0,0,2,837,0
TX901866,23,8.8,Suscripciones,0,0,1,1337,0
TX901867,10,56.23,Restauración,0,0,2,505,0
TX901868,6,5.54,Electrónica,0,0,1,2268,0
TX901869,3,24.8,Viajes,0,1,5,735,0
TX901870,3,128.56,Restauración,0,0,4,785,0
TX901871,13,105.55,Ropa,0,1,4,1161,0
TX901872,13,36.41,Suscripciones,0,0,5,199,0
TX901873,3,114.86,Suscripciones,0,1,3,967,0
TX901874,2,36.48,Alimentación,0,0,2,742,0
TX901875,2,10.14,Retirada de efectivo,0,0,1,2140,0
TX901876,10,4.39,Restauración,0,0,4,1301,0
TX901877,14,24.98,Retirada de efectivo,0,1,2,1699,0
TX901878,0,25.42,Alimentación,0,0,2,1948,0
TX901879,2,135.06,Electrónica,0,0,3,223,0
TX901880,0,30.25,Restauración,0,0,1,1319,0
TX901881,6,68.76,Alimentación,0,1,4,2515,0
TX901882,0,42.44,Restauración,0,0,4,2064,0
TX901883,5,26.49,Suscripciones,0,0,2,1616,0
TX901884,4,5.35,Viajes,0,1,2,1170,0
TX901885,23,6.91,Alimentación,0,0,1,993,0
TX901886,12,38.33,Electrónica,1,0,2,583,0
TX901887,5,31.06,Alimentación,0,0,6,866,0
TX901888,2,4.28,Suscripciones,0,0,3,787,0
TX901889,16,12.21,Ropa,0,0,3,276,0
TX901890,20,4.3,Restauración,0,0,3,743,0
TX901891,13,83.23,Alimentación,0,0,2,406,0
TX901892,12,26.42,Restauración,0,0,3,2555,0
TX901893,4,56.65,Suscripciones,0,1,1,1454,1
TX901894,6,6.02,Retirada de efectivo,1,0,4,2581,0
TX901895,10,16.24,Alimentación,0,0,3,1205,0
TX901896,1,12.77,Electrónica,0,0,1,1706,0
TX901897,2,14.52,Electrónica,0,0,4,963,0
TX901898,11,134.35,Ropa,0,0,2,2390,0
TX901899,3,48.18,Suscripciones,0,0,3,792,0
TX901900,0,44.22,Ropa,0,0,3,2400,0
TX901901,17,16.34,Restauración,0,0,2,2170,0
TX901902,15,14.73,Ropa,0,1,1,2189,0
TX901903,11,41.59,Retirada de efectivo,0,0,1,1601,0
TX901904,20,244.93,Electrónica,0,0,2,1530,0
TX901905,19,18.85,Alimentación,0,0,0,1951,0
TX901906,2,4.75,Suscripciones,0,0,1,477,0
TX901907,14,17.26,Viajes,0,0,1,1855,0
TX901908,3,30.83,Retirada de efectivo,0,0,0,520,0
TX901909,23,83.92,Electrónica,1,0,3,1251,0
TX901910,14,46.85,Suscripciones,0,0,2,818,0
TX901911,22,32.39,Viajes,0,1,3,1465,0
TX901912,11,11.6,Alimentación,0,0,2,1583,0
TX901913,12,34.37,Electrónica,1,0,3,2490,0
TX901914,8,4.09,Ropa,0,0,3,2409,0
TX901915,13,51.61,Electrónica,0,1,4,1608,0
TX901916,2,5.36,Electrónica,0,0,2,1868,0
TX901917,4,25.63,Ropa,0,0,3,1104,0
TX901918,14,18.46,Suscripciones,1,0,3,1388,0
TX901919,4,76.55,Viajes,0,0,2,1089,0
TX901920,3,10.37,Ropa,0,0,1,1028,0
TX901921,15,3.07,Viajes,0,0,1,1992,0
TX901922,11,24.77,Electrónica,0,0,2,1763,0
TX901923,1,53.95,Suscripciones,0,0,3,179,0
TX901924,13,112.34,Electrónica,1,0,2,818,0
TX901925,11,17.2,Retirada de efectivo,1,0,2,1979,0
TX901926,19,74.96,Retirada de efectivo,0,0,1,2023,0
TX901927,6,30.26,Alimentación,1,1,0,281,0
TX901928,21,42.3,Retirada de efectivo,0,0,2,2126,0
TX901929,8,37.13,Alimentación,0,0,2,1887,0
TX901930,17,3.94,Retirada de efectivo,0,0,3,2513,0
TX901931,7,6.13,Electrónica,0,0,3,560,0
TX901932,22,8.25,Alimentación,1,0,1,1147,0
TX901933,5,12.72,Alimentación,0,1,6,387,0
TX901934,20,11.74,Suscripciones,0,0,2,2237,0
TX901935,8,19.52,Alimentación,0,0,1,2524,0
TX901936,6,20.91,Viajes,0,0,5,2207,0
TX901937,7,17.01,Retirada de efectivo,0,1,1,2472,0
TX901938,16,111.16,Alimentación,0,0,2,1382,0
TX901939,11,68.67,Ropa,0,0,1,1033,0
TX901940,22,16.13,Retirada de efectivo,0,0,2,1017,0
TX901941,11,86.12,Ropa,0,0,2,2329,0
TX901942,23,412.94,Alimentación,1,0,0,1576,0
TX901943,1,29.5,Viajes,0,1,3,1454,0
TX901944,8,8.61,Electrónica,0,0,1,287,0
TX901945,3,14.83,Ropa,0,0,1,1565,0
TX901946,2,52.98,Viajes,0,1,0,2126,0
TX901947,15,11.03,Retirada de efectivo,0,0,2,2014,0
TX901948,11,10.7,Electrónica,0,0,4,1833,0
TX901949,3,20.37,Retirada de efectivo,1,1,0,642,0
TX901950,21,69.48,Suscripciones,0,0,0,2030,0
TX901951,14,44.1,Electrónica,0,0,1,694,0
TX901952,14,110.05,Ropa,0,0,1,551,0
TX901953,1,5.76,Restauración,0,0,3,614,0
TX901954,13,14.8,Viajes,0,0,3,1263,0
TX901955,14,9.51,Suscripciones,0,0,3,1316,0
TX901956,1,9.54,Electrónica,0,1,2,1631,0
TX901957,13,20.63,Restauración,0,0,1,1140,0
TX901958,12,38.57,Viajes,0,0,1,1588,0
TX901959,0,12.95,Suscripciones,1,0,0,2328,0
TX901960,15,49.59,Electrónica,0,0,2,283,0
TX901961,8,5.58,Restauración,0,1,3,922,0
TX901962,8,66.81,Alimentación,0,0,1,1328,0
TX901963,9,12.56,Ropa,0,0,3,1930,0
TX901964,11,86.1,Retirada de efectivo,0,1,1,334,0
TX901965,15,86.16,Suscripciones,0,0,4,1488,0
TX901966,2,7.02,Suscripciones,0,0,4,1483,0
TX901967,4,21.73,Ropa,0,0,3,2008,0
TX901968,16,16.32,Alimentación,1,0,2,1473,0
TX901969,17,14.26,Electrónica,1,0,1,556,0
TX901970,21,43.78,Alimentación,0,0,3,1228,0
TX901971,10,29.66,Restauración,0,1,0,2196,0
TX901972,10,13.14,Alimentación,0,0,3,488,0
TX901973,6,13.74,Alimentación,0,0,5,1465,0
TX901974,9,80.33,Viajes,1,0,3,1742,0
TX901975,4,4.5,Alimentación,0,0,2,1194,0
TX901976,4,15.67,Ropa,0,0,4,1237,0
TX901977,12,65.46,Ropa,0,0,1,1459,0
TX901978,6,11.12,Retirada de efectivo,0,1,2,7,0
TX901979,8,25.94,Retirada de efectivo,0,0,3,2361,0
TX901980,21,25.19,Electrónica,0,0,3,82,0
TX901981,17,20.93,Electrónica,0,1,3,1485,0
TX901982,22,21.37,Suscripciones,0,0,3,2235,0
TX901983,9,4.66,Electrónica,0,0,2,359,0
TX901984,18,13.6,Alimentación,0,1,0,217,0
TX901985,5,17.2,Alimentación,0,0,1,2309,0
TX901986,7,178.45,Restauración,0,0,4,198,0
TX901987,9,9.53,Retirada de efectivo,0,0,2,1949,0
TX901988,7,2.0,Ropa,0,0,2,1276,0
TX901989,15,144.9,Ropa,0,1,4,269,0
TX901990,11,40.86,Electrónica,0,0,2,1250,0
TX901991,17,24.74,Restauración,0,0,1,259,0
TX901992,15,16.96,Electrónica,0,0,2,1283,0
TX901993,18,5.38,Retirada de efectivo,0,0,2,1392,0
TX901994,15,124.34,Alimentación,0,1,2,2524,0
TX901995,6,17.98,Ropa,0,0,3,231,0
TX901996,12,10.64,Suscripciones,0,0,1,1542,0
TX901997,21,264.4,Suscripciones,0,0,4,2301,0
TX901998,1,23.61,Retirada de efectivo,1,1,4,2060,0
TX901999,16,55.52,Viajes,1,1,2,812,0
TX902000,4,231.67,Electrónica,0,0,1,304,0
TX902001,6,28.59,Restauración,0,0,1,2452,0
TX902002,23,21.43,Alimentación,1,0,3,24,0
TX902003,9,13.0,Suscripciones,0,0,1,63,0
TX902004,21,22.08,Restauración,0,1,3,575,0
TX902005,2,80.15,Restauración,0,0,1,114,0
TX902006,20,15.59,Ropa,0,0,2,463,0
TX902007,6,58.12,Electrónica,0,0,2,917,0
TX902008,7,16.34,Suscripciones,0,0,4,2360,0
TX902009,21,46.77,Viajes,0,1,0,1907,0
TX902010,13,81.44,Suscripciones,0,0,2,2247,0
TX902011,13,17.88,Alimentación,0,1,5,1827,0
TX902012,14,182.79,Alimentación,0,0,3,637,0
TX902013,18,93.96,Suscripciones,0,0,0,1028,0
TX902014,12,20.57,Alimentación,0,0,3,2094,0
TX902015,3,12.55,Suscripciones,0,0,2,291,0
TX902016,2,2.0,Suscripciones,0,0,4,332,0
TX902017,11,68.81,Retirada de efectivo,0,0,0,2086,0
TX902018,18,50.71,Ropa,0,0,4,1710,0
TX902019,8,19.61,Alimentación,0,0,4,1316,0
TX902020,15,2.01,Ropa,0,0,1,1117,0
TX902021,1,3.93,Viajes,0,0,2,1851,0
TX902022,19,4.72,Ropa,0,1,4,946,0
TX902023,9,36.74,Ropa,0,0,5,1497,0
TX902024,4,17.64,Suscripciones,0,1,5,64,0
TX902025,19,48.82,Restauración,1,0,2,2411,0
TX902026,8,6.62,Ropa,0,1,1,1123,0
TX902027,23,20.97,Alimentación,1,0,1,594,0
TX902028,19,33.88,Restauración,0,0,4,507,0
TX902029,13,123.05,Suscripciones,0,0,2,767,0
TX902030,0,19.61,Electrónica,0,0,2,453,0
TX902031,22,32.72,Viajes,0,0,1,1834,0
TX902032,7,4.94,Ropa,0,0,1,1765,0
TX902033,16,7.85,Suscripciones,0,0,1,1095,0
TX902034,16,28.85,Alimentación,0,0,3,2457,0
TX902035,13,86.49,Electrónica,0,0,0,1460,0
TX902036,2,11.21,Alimentación,0,0,3,908,0
TX902037,12,10.77,Ropa,0,0,1,604,0
TX902038,19,3.53,Restauración,0,0,3,378,0
TX902039,15,2.87,Viajes,0,0,1,159,0
TX902040,18,2.0,Suscripciones,0,0,2,524,0
TX902041,18,58.82,Alimentación,0,0,6,1406,0
TX902042,1,16.34,Ropa,0,0,1,2422,0
TX902043,8,31.85,Ropa,0,0,1,1056,0
TX902044,12,13.96,Viajes,0,0,5,1047,0
TX902045,23,48.08,Viajes,0,0,5,1165,0
TX902046,18,46.94,Suscripciones,0,0,1,1023,0
TX902047,13,20.41,Retirada de efectivo,1,0,2,958,0
TX902048,16,5.61,Restauración,0,0,5,1640,0
TX902049,4,111.46,Ropa,0,0,2,421,0
TX902050,15,5.65,Alimentación,0,1,0,2585,0
TX902051,12,10.92,Suscripciones,0,0,4,1014,0
TX902052,1,22.11,Viajes,0,0,3,804,0
TX902053,18,7.56,Ropa,0,0,2,1430,0
TX902054,21,53.65,Ropa,0,0,0,2288,0
TX902055,12,22.37,Restauración,0,0,2,896,0
TX902056,12,43.43,Ropa,0,0,4,656,0
TX902057,0,5.97,Restauración,0,0,1,227,0
TX902058,18,79.51,Ropa,0,0,4,1365,0
TX902059,9,27.22,Restauración,1,0,1,1944,0
TX902060,16,55.9,Suscripciones,0,0,2,1522,0
TX902061,16,49.49,Retirada de efectivo,0,0,2,2233,0
TX902062,2,12.28,Suscripciones,0,0,1,809,0
TX902063,19,98.72,Electrónica,0,0,1,2317,0
TX902064,21,14.5,Restauración,0,0,4,1667,0
TX902065,6,26.38,Viajes,0,1,1,705,0
TX902066,23,71.04,Restauración,0,0,4,2183,0
TX902067,3,2.0,Viajes,0,0,4,1241,0
TX902068,2,42.66,Alimentación,0,0,3,1316,0
TX902069,2,58.18,Electrónica,0,0,1,1796,0
TX902070,4,12.74,Electrónica,1,0,0,2033,0
TX902071,19,38.96,Suscripciones,0,0,1,1986,0
TX902072,8,201.16,Retirada de efectivo,0,0,2,1276,0
TX902073,14,16.9,Ropa,0,0,4,1791,0
TX902074,12,36.53,Viajes,0,0,1,851,0
TX902075,1,5.85,Ropa,0,0,3,1137,0
TX902076,14,52.8,Ropa,0,0,3,2348,0
TX902077,23,47.28,Alimentación,0,0,0,2059,0
TX902078,16,81.7,Suscripciones,1,0,2,990,0
TX902079,12,3.96,Suscripciones,0,0,1,221,0
TX902080,13,45.78,Viajes,0,0,1,2569,0
TX902081,23,95.19,Electrónica,0,0,1,1471,0
TX902082,2,44.88,Alimentación,0,0,2,1098,0
TX902083,7,25.23,Viajes,0,0,1,2417,0
TX902084,13,2.78,Alimentación,0,0,3,455,0
TX902085,14,8.74,Suscripciones,0,0,1,527,0
TX902086,9,9.82,Restauración,0,1,4,1600,0
TX902087,19,89.31,Viajes,1,0,4,1091,0
TX902088,1,3.91,Restauración,1,0,4,386,0
TX902089,12,308.89,Alimentación,0,0,3,1202,0
TX902090,4,13.62,Restauración,0,0,1,668,0
TX902091,13,35.02,Suscripciones,0,0,2,2143,0
TX902092,9,37.49,Restauración,0,0,1,449,0
TX902093,17,9.73,Retirada de efectivo,0,0,2,892,0
TX902094,5,16.5,Ropa,0,0,2,1829,0
TX902095,13,3.26,Retirada de efectivo,0,0,5,773,0
TX902096,18,77.99,Alimentación,0,0,1,2006,0
TX902097,8,52.96,Retirada de efectivo,0,1,1,1345,0
TX902098,12,11.84,Ropa,1,0,1,313,0
TX902099,15,64.88,Restauración,0,0,1,2352,0
TX902100,6,24.24,Alimentación,0,0,2,1955,0
TX902101,3,2.84,Restauración,0,0,2,1121,0
TX902102,6,84.23,Restauración,0,1,2,553,0
TX902103,13,30.95,Viajes,0,0,3,1415,0
TX902104,12,63.62,Restauración,0,1,1,226,0
TX902105,9,27.8,Restauración,0,0,0,501,0
TX902106,8,16.84,Viajes,0,0,2,1138,0
TX902107,12,20.44,Electrónica,0,0,3,1031,0
TX902108,15,6.48,Restauración,0,0,0,236,0
TX902109,19,41.68,Suscripciones,0,0,5,1496,0
TX902110,16,31.95,Alimentación,0,0,3,2352,0
TX902111,20,21.85,Alimentación,1,0,4,653,0
TX902112,8,11.01,Electrónica,1,0,3,2504,0
TX902113,5,5.93,Suscripciones,0,0,2,2282,0
TX902114,15,62.93,Ropa,0,1,1,494,0
TX902115,0,3.69,Retirada de efectivo,0,0,2,2466,0
TX902116,18,60.8,Ropa,0,0,1,1806,0
TX902117,11,2.51,Alimentación,0,0,2,1108,0
TX902118,2,13.06,Restauración,0,0,4,605,0
TX902119,18,45.81,Viajes,0,1,1,2358,0
TX902120,13,66.62,Electrónica,0,0,5,488,0
TX902121,6,17.02,Suscripciones,0,0,3,2157,0
TX902122,19,53.28,Ropa,0,0,1,2013,0
TX902123,3,6.48,Electrónica,1,1,3,1106,1
TX902124,17,9.9,Suscripciones,0,0,2,2542,0
TX902125,21,39.61,Electrónica,0,0,1,2070,0
TX902126,22,15.66,Suscripciones,0,1,2,887,0
TX902127,20,11.47,Ropa,1,0,1,1556,0
TX902128,5,18.53,Viajes,0,1,3,2044,1
TX902129,17,16.11,Retirada de efectivo,1,0,3,400,1
TX902130,10,18.63,Restauración,0,0,5,608,0
TX902131,20,129.89,Restauración,0,0,5,48,0
TX902132,12,85.91,Alimentación,0,0,3,441,0
TX902133,7,66.2,Electrónica,0,0,2,2353,0
TX902134,3,24.88,Viajes,0,0,0,2527,0
TX902135,7,34.18,Restauración,0,0,4,1923,0
TX902136,4,8.34,Retirada de efectivo,0,0,3,584,0
TX902137,22,199.21,Suscripciones,0,0,1,2089,0
TX902138,17,10.71,Ropa,0,0,3,1310,0
TX902139,23,115.95,Ropa,1,0,1,1684,0
TX902140,19,20.39,Ropa,0,0,1,1686,0
TX902141,12,102.8,Suscripciones,0,0,1,423,0
TX902142,2,14.42,Suscripciones,0,1,2,2379,0
TX902143,3,51.96,Viajes,0,0,4,1054,0
TX902144,5,116.35,Ropa,0,0,1,2572,0
TX902145,17,113.75,Suscripciones,0,0,2,86,0
TX902146,17,31.93,Restauración,0,1,1,90,0
TX902147,18,24.69,Retirada de efectivo,0,0,1,150,0
TX902148,0,44.12,Suscripciones,0,0,1,860,0
TX902149,18,86.03,Viajes,0,0,1,2340,0
TX902150,7,60.02,Restauración,0,0,1,2158,0
TX902151,11,35.81,Retirada de efectivo,0,0,2,1048,0
TX902152,20,98.49,Restauración,0,0,1,837,0
TX902153,8,5.91,Electrónica,0,0,2,630,0
TX902154,18,46.76,Restauración,0,0,4,610,0
TX902155,6,11.58,Electrónica,0,0,1,941,0
TX902156,9,179.71,Alimentación,0,1,2,675,0
TX902157,9,66.53,Electrónica,0,0,2,1996,0
TX902158,4,5.02,Electrónica,0,0,1,810,0
TX902159,19,5.8,Retirada de efectivo,0,0,2,2326,0
TX902160,13,5.4,Viajes,0,0,2,2021,0
TX902161,8,43.48,Viajes,0,0,2,132,0
TX902162,7,60.99,Viajes,0,0,3,721,0
TX902163,23,2.98,Suscripciones,0,0,0,1600,0
TX902164,13,12.81,Alimentación,0,0,3,2261,0
TX902165,12,14.82,Retirada de efectivo,0,0,4,397,0
TX902166,3,34.63,Retirada de efectivo,0,1,5,341,0
TX902167,9,17.28,Suscripciones,0,1,2,162,0
TX902168,4,31.55,Ropa,0,0,2,1975,0
TX902169,1,7.22,Restauración,0,0,3,190,0
TX902170,16,5.16,Retirada de efectivo,0,1,5,879,0
TX902171,9,10.38,Electrónica,0,0,4,217,0
TX902172,14,22.68,Alimentación,0,0,2,855,0
TX902173,2,26.92,Retirada de efectivo,0,0,4,913,0
TX902174,9,3.78,Alimentación,1,0,4,2474,0
TX902175,19,9.56,Restauración,0,1,4,1514,0
TX902176,21,37.2,Ropa,0,0,3,1298,0
TX902177,15,113.11,Viajes,0,0,2,1914,0
TX902178,10,8.35,Viajes,0,0,2,2224,0
TX902179,22,64.7,Ropa,0,0,1,1895,0
TX902180,4,6.51,Restauración,0,0,2,1067,0
TX902181,11,145.27,Suscripciones,1,0,3,1180,0
TX902182,20,4.61,Viajes,1,0,1,875,0
TX902183,17,3.06,Retirada de efectivo,0,0,3,291,0
TX902184,22,19.84,Alimentación,0,0,4,715,0
TX902185,13,4.97,Electrónica,0,0,2,1552,0
TX902186,20,28.24,Ropa,0,0,0,1816,0
TX902187,7,8.72,Restauración,0,0,2,479,0
TX902188,18,51.8,Restauración,0,0,1,1106,0
TX902189,10,19.69,Restauración,0,0,3,6,0
TX902190,22,9.34,Ropa,0,0,2,1560,0
TX902191,4,34.27,Suscripciones,0,0,2,1909,0
TX902192,6,9.09,Ropa,0,0,0,765,0
TX902193,20,22.14,Electrónica,0,0,6,218,0
TX902194,3,12.17,Suscripciones,0,0,5,196,0
TX902195,15,54.31,Restauración,0,0,2,1224,0
TX902196,17,6.11,Viajes,0,0,2,387,0
TX902197,23,4.12,Restauración,0,0,2,799,0
TX902198,20,46.59,Electrónica,0,0,0,233,0
TX902199,22,5.36,Suscripciones,0,0,2,470,0
TX902200,23,28.25,Ropa,0,0,4,1213,0
TX902201,21,77.67,Electrónica,0,1,1,584,0
TX902202,10,53.28,Retirada de efectivo,0,0,3,2003,0
TX902203,13,18.77,Retirada de efectivo,1,0,4,2463,0
TX902204,8,73.32,Ropa,0,0,2,769,0
TX902205,7,23.82,Retirada de efectivo,0,1,4,1285,0
TX902206,16,6.95,Viajes,0,0,1,844,0
TX902207,4,208.58,Restauración,0,0,1,151,0
TX902208,4,11.6,Retirada de efectivo,0,0,3,1646,0
TX902209,17,32.86,Suscripciones,0,1,4,97,0
TX902210,0,25.88,Electrónica,0,0,0,106,0
TX902211,1,5.45,Electrónica,1,0,2,2406,0
TX902212,12,66.39,Ropa,0,0,3,495,0
TX902213,16,16.72,Restauración,0,0,2,2124,0
TX902214,15,64.72,Ropa,0,1,0,1980,0
TX902215,10,7.87,Electrónica,0,0,1,1697,0
TX902216,12,10.03,Retirada de efectivo,1,0,0,1193,0
TX902217,23,37.11,Restauración,0,0,1,769,0
TX902218,4,80.34,Retirada de efectivo,0,0,4,395,0
TX902219,7,48.13,Retirada de efectivo,0,0,2,2045,0
TX902220,15,3.43,Electrónica,0,0,1,2203,0
TX902221,8,64.74,Viajes,0,0,3,1850,0
TX902222,5,14.01,Retirada de efectivo,0,1,2,737,0
TX902223,10,5.83,Viajes,0,0,3,2105,0
TX902224,9,80.38,Electrónica,0,0,1,1663,0
TX902225,15,12.94,Electrónica,0,0,1,1883,0
TX902226,7,72.82,Retirada de efectivo,0,0,2,28,0
TX902227,12,31.6,Restauración,1,1,2,2132,0
TX902228,3,28.25,Restauración,0,0,1,1976,0
TX902229,19,75.03,Ropa,0,0,2,1538,0
TX902230,20,8.73,Viajes,0,0,4,979,0
TX902231,9,83.18,Retirada de efectivo,0,0,3,2534,0
TX902232,14,4.14,Restauración,0,0,2,555,0
TX902233,17,30.28,Suscripciones,1,0,3,1358,0
TX902234,15,143.99,Alimentación,0,0,0,1889,0
TX902235,22,68.15,Restauración,0,0,2,340,0
TX902236,23,25.01,Suscripciones,0,1,3,571,0
TX902237,13,136.3,Alimentación,0,0,0,1973,0
TX902238,1,11.15,Ropa,0,0,2,631,0
TX902239,4,35.35,Viajes,0,0,3,1991,0
TX902240,5,19.36,Retirada de efectivo,0,0,2,927,0
TX902241,15,26.98,Restauración,0,0,1,1416,0
TX902242,4,61.13,Viajes,0,0,1,794,0
TX902243,12,29.52,Viajes,1,0,0,2383,0
TX902244,20,10.1,Retirada de efectivo,0,1,0,366,0
TX902245,20,2.0,Retirada de efectivo,1,1,3,513,0
TX902246,15,93.69,Viajes,0,0,1,974,0
TX902247,11,57.2,Suscripciones,0,0,1,901,0
TX902248,9,45.1,Ropa,0,0,3,1406,0
TX902249,3,38.14,Restauración,0,0,2,639,0
TX902250,4,20.65,Ropa,1,0,2,179,0
TX902251,18,6.75,Electrónica,0,0,2,1850,0
TX902252,20,32.71,Ropa,0,0,5,2481,0
TX902253,11,24.51,Electrónica,0,0,6,1423,0
TX902254,20,100.0,Ropa,0,0,2,2020,0
TX902255,11,21.76,Alimentación,0,0,1,2137,0
TX902256,11,60.27,Alimentación,0,0,1,361,0
TX902257,21,19.77,Viajes,0,0,4,304,0
TX902258,22,34.58,Ropa,0,0,0,502,0
TX902259,15,7.09,Suscripciones,0,0,4,2566,0
TX902260,13,4.0,Electrónica,0,0,2,626,0
TX902261,20,17.72,Viajes,0,0,6,2522,0
TX902262,12,58.98,Suscripciones,0,0,2,63,0
TX902263,10,29.27,Ropa,0,0,2,1176,0
TX902264,5,15.88,Electrónica,0,0,0,2378,0
TX902265,22,11.22,Alimentación,0,0,1,1981,0
TX902266,1,3.85,Suscripciones,0,0,2,882,0
TX902267,0,43.33,Electrónica,0,1,3,1524,0
TX902268,11,12.29,Suscripciones,1,0,2,2181,0
TX902269,1,2.0,Electrónica,0,0,1,1103,0
TX902270,13,21.73,Retirada de efectivo,0,0,3,598,1
TX902271,14,54.02,Suscripciones,0,0,2,1649,0
TX902272,13,377.21,Viajes,0,0,0,2519,0
TX902273,22,102.69,Electrónica,0,0,3,1553,0
TX902274,18,36.75,Ropa,1,1,3,1834,0
TX902275,12,20.62,Retirada de efectivo,0,1,3,1245,0
TX902276,12,39.31,Retirada de efectivo,0,0,0,392,0
TX902277,14,17.76,Electrónica,0,0,2,1451,0
TX902278,20,9.74,Suscripciones,0,0,1,1667,0
TX902279,11,7.1,Electrónica,0,0,2,1918,0
TX902280,3,2.24,Alimentación,0,0,0,2284,0
TX902281,0,30.15,Electrónica,0,0,1,813,0
TX902282,17,31.43,Viajes,1,0,1,1459,0
TX902283,7,97.44,Ropa,0,0,1,2573,0
TX902284,11,2.0,Retirada de efectivo,0,0,2,2392,0
TX902285,20,77.65,Electrónica,0,0,1,1162,1
TX902286,21,32.63,Electrónica,0,0,3,63,0
TX902287,14,95.96,Electrónica,0,0,0,1770,0
TX902288,10,131.18,Alimentación,0,0,0,1701,0
TX902289,7,3.29,Electrónica,0,0,0,361,0
TX902290,17,41.8,Electrónica,0,0,1,59,0
TX902291,15,31.95,Ropa,0,0,5,828,0
TX902292,10,55.97,Retirada de efectivo,0,0,2,232,0
TX902293,13,144.43,Viajes,0,0,2,1522,0
TX902294,20,20.52,Restauración,0,0,3,1105,0
TX902295,7,12.11,Suscripciones,0,0,1,1990,0
TX902296,17,16.2,Ropa,0,0,2,504,0
TX902297,11,4.01,Alimentación,0,0,0,64,0
TX902298,17,274.95,Viajes,0,1,3,784,0
TX902299,14,151.51,Ropa,0,0,2,512,0
TX902300,9,18.89,Suscripciones,0,0,2,827,0
TX902301,0,31.19,Alimentación,0,0,2,1844,0
TX902302,0,7.75,Restauración,0,0,0,1531,0
TX902303,1,11.85,Retirada de efectivo,0,0,1,1345,0
TX902304,20,64.35,Restauración,0,0,2,1574,0
TX902305,11,37.36,Ropa,1,0,4,1309,0
TX902306,14,36.03,Ropa,0,0,3,1720,0
TX902307,8,21.35,Alimentación,0,0,1,1006,0
TX902308,14,54.41,Ropa,0,0,2,1227,0
TX902309,0,2.87,Ropa,0,0,0,988,0
TX902310,5,34.48,Suscripciones,0,0,1,309,0
TX902311,23,191.91,Viajes,0,0,4,1677,0
TX902312,7,61.46,Electrónica,0,0,1,1100,0
TX902313,17,4.73,Suscripciones,0,0,5,2139,0
TX902314,20,35.27,Restauración,0,0,3,1322,0
TX902315,11,15.36,Retirada de efectivo,0,1,2,1429,0
TX902316,23,128.34,Electrónica,0,0,3,807,0
TX902317,13,26.09,Viajes,0,0,6,1080,0
TX902318,7,265.06,Restauración,0,0,3,2483,0
TX902319,14,269.2,Viajes,0,0,1,235,0
TX902320,23,41.45,Retirada de efectivo,1,0,3,796,0
TX902321,13,29.85,Retirada de efectivo,0,1,4,2429,0
TX902322,10,109.01,Viajes,0,0,4,413,0
TX902323,11,11.39,Electrónica,0,0,3,2448,0
TX902324,1,37.72,Retirada de efectivo,0,0,1,288,0
TX902325,10,18.43,Electrónica,0,0,2,1827,0
TX902326,15,13.73,Alimentación,0,0,4,299,0
TX902327,22,66.24,Viajes,0,0,2,983,0
TX902328,8,26.99,Retirada de efectivo,0,0,3,272,0
TX902329,20,249.83,Retirada de efectivo,0,0,2,694,0
TX902330,0,12.54,Restauración,0,0,1,205,0
TX902331,3,8.01,Retirada de efectivo,0,1,1,1809,0
TX902332,6,23.73,Ropa,0,0,1,898,0
TX902333,18,43.96,Retirada de efectivo,0,0,3,1467,0
TX902334,4,20.24,Viajes,0,0,4,689,0
TX902335,12,50.36,Suscripciones,0,0,1,2225,0
TX902336,16,9.52,Retirada de efectivo,0,0,2,1158,0
TX902337,16,58.8,Viajes,0,0,2,2284,0
TX902338,20,8.38,Alimentación,0,0,7,935,0
TX902339,12,4.69,Retirada de efectivo,0,0,3,68,0
TX902340,22,3.52,Ropa,0,0,2,873,0
TX902341,11,121.62,Viajes,0,1,4,527,0
TX902342,13,48.14,Suscripciones,0,1,1,1501,0
TX902343,10,47.21,Restauración,0,0,1,2410,0
TX902344,8,17.03,Restauración,0,0,3,1557,0
TX902345,16,59.55,Retirada de efectivo,0,0,4,2570,0
TX902346,12,10.44,Viajes,0,0,4,2232,0
TX902347,16,9.78,Electrónica,0,1,4,969,0
TX902348,7,28.62,Suscripciones,0,1,0,322,0
TX902349,16,38.99,Ropa,0,0,4,139,0
TX902350,10,10.25,Viajes,0,1,1,1361,0
TX902351,3,76.82,Retirada de efectivo,0,0,1,2359,0
TX902352,23,7.55,Viajes,0,0,4,477,0
TX902353,1,25.25,Electrónica,0,0,3,1163,0
TX902354,21,49.89,Electrónica,0,1,0,2528,0
TX902355,19,3.16,Retirada de efectivo,0,0,2,266,0
TX902356,7,19.65,Restauración,0,1,2,2016,0
TX902357,12,49.87,Suscripciones,0,1,2,769,0
TX902358,0,33.81,Viajes,0,0,2,2529,0
TX902359,16,36.05,Ropa,0,0,0,1720,0
TX902360,5,8.56,Electrónica,0,0,2,314,0
TX902361,19,14.9,Retirada de efectivo,0,0,3,2546,0
TX902362,17,67.05,Restauración,0,0,2,1815,0
TX902363,16,147.38,Restauración,1,0,2,1711,0
TX902364,1,6.8,Ropa,1,0,2,2234,0
TX902365,9,18.03,Viajes,0,0,4,1145,0
TX902366,9,3.79,Suscripciones,0,0,1,259,0
TX902367,21,27.28,Viajes,1,0,5,1579,0
TX902368,9,32.81,Suscripciones,0,1,5,1425,0
TX902369,7,22.81,Viajes,1,0,3,61,0
TX902370,14,55.13,Retirada de efectivo,0,0,4,1161,0
TX902371,23,2.73,Electrónica,0,0,5,2026,0
TX902372,11,21.41,Restauración,1,0,1,1433,0
TX902373,15,49.63,Retirada de efectivo,0,0,4,2498,0
TX902374,2,191.0,Alimentación,0,0,0,998,0
TX902375,10,29.06,Suscripciones,0,1,1,1985,0
TX902376,0,42.25,Electrónica,1,0,1,404,0
TX902377,6,4.13,Restauración,0,0,5,1224,0
TX902378,7,6.49,Restauración,0,0,1,2063,0
TX902379,18,152.01,Suscripciones,1,0,1,478,0
TX902380,14,33.31,Restauración,0,0,1,119,0
TX902381,10,24.88,Ropa,0,0,6,1527,0
TX902382,21,17.75,Suscripciones,0,0,1,205,0
TX902383,5,33.36,Restauración,0,0,1,22,0
TX902384,16,5.13,Restauración,0,0,2,560,0
TX902385,3,89.27,Ropa,0,0,2,21,0
TX902386,21,30.02,Alimentación,0,0,2,1772,0
TX902387,8,3.79,Viajes,0,0,1,750,0
TX902388,5,32.44,Restauración,1,0,1,1098,0
TX902389,11,9.87,Retirada de efectivo,0,0,2,1792,0
TX902390,4,113.95,Electrónica,0,0,1,910,0
TX902391,18,11.0,Viajes,0,0,2,2116,0
TX902392,15,20.89,Suscripciones,1,0,3,943,0
TX902393,18,24.66,Ropa,1,1,6,429,1
TX902394,1,54.45,Viajes,1,0,3,1435,0
TX902395,7,156.41,Suscripciones,0,0,0,2035,0
TX902396,22,28.54,Retirada de efectivo,0,0,0,2404,0
TX902397,15,50.72,Electrónica,0,0,2,1205,0
TX902398,19,10.44,Alimentación,1,1,0,595,0
TX902399,5,20.66,Restauración,0,0,2,1009,0
TX902400,14,34.94,Retirada de efectivo,0,1,2,705,0
TX902401,4,20.71,Suscripciones,0,0,4,2412,0
TX902402,12,62.9,Alimentación,0,0,5,322,0
TX902403,4,11.64,Ropa,0,0,3,40,0
TX902404,9,21.65,Viajes,0,0,2,995,0
TX902405,16,8.78,Electrónica,0,0,2,1231,0
TX902406,7,61.42,Viajes,0,0,3,1873,0
TX902407,13,35.44,Ropa,0,0,4,41,0
TX902408,7,83.11,Ropa,0,0,2,581,0
TX902409,0,14.51,Suscripciones,0,0,4,1646,0
TX902410,10,469.63,Viajes,0,0,1,531,0
TX902411,18,34.67,Alimentación,0,0,3,973,0
TX902412,8,50.48,Viajes,0,0,2,96,0
TX902413,8,70.28,Suscripciones,0,0,2,1066,0
TX902414,12,24.67,Electrónica,0,0,3,1193,0
TX902415,11,25.46,Alimentación,0,0,2,549,0
TX902416,7,22.16,Alimentación,0,0,2,135,0
TX902417,19,60.45,Viajes,0,0,5,308,0
TX902418,22,16.27,Suscripciones,0,0,1,2449,0
TX902419,13,33.01,Viajes,0,0,3,301,0
TX902420,7,61.89,Restauración,0,0,0,1174,0
TX902421,10,50.15,Electrónica,0,0,4,2445,0
TX902422,6,2.0,Electrónica,0,0,1,459,0
TX902423,13,26.46,Restauración,0,0,2,2270,0
TX902424,16,10.27,Retirada de efectivo,0,0,2,1020,0
TX902425,0,19.2,Alimentación,1,1,1,2305,0
TX902426,2,72.77,Electrónica,0,0,3,1995,0
TX902427,17,331.88,Alimentación,0,0,4,1764,0
TX902428,18,9.23,Ropa,0,1,1,1297,0
TX902429,20,11.37,Restauración,0,0,2,1475,0
TX902430,23,29.31,Viajes,0,0,1,2277,0
TX902431,17,31.45,Alimentación,0,0,0,910,0
TX902432,9,8.51,Viajes,0,0,1,1004,0
TX902433,9,55.49,Restauración,0,0,0,2262,0
TX902434,7,9.53,Suscripciones,0,0,2,1282,0
TX902435,11,4.58,Suscripciones,0,0,2,1402,0
TX902436,17,7.42,Restauración,0,0,0,644,0
TX902437,2,59.4,Retirada de efectivo,0,0,1,747,0
TX902438,5,19.76,Retirada de efectivo,0,0,1,2598,0
TX902439,21,2.28,Restauración,0,0,2,224,0
TX902440,6,40.52,Electrónica,0,0,1,2222,0
TX902441,22,27.75,Alimentación,1,0,1,1491,0
TX902442,23,88.45,Alimentación,1,0,1,2585,0
TX902443,19,28.28,Electrónica,0,0,2,2226,0
TX902444,11,31.72,Restauración,0,0,2,2575,0
TX902445,23,17.29,Viajes,0,0,3,1442,0
TX902446,6,14.14,Retirada de efectivo,0,0,0,2485,0
TX902447,17,8.35,Viajes,0,1,1,1717,0
TX902448,5,6.84,Viajes,0,0,1,1269,0
TX902449,13,36.76,Suscripciones,0,0,0,163,0
TX902450,17,8.15,Restauración,0,0,3,1871,0
TX902451,14,18.92,Ropa,0,0,0,726,0
TX902452,17,147.57,Viajes,0,0,0,265,0
TX902453,17,59.44,Electrónica,0,0,3,1803,0
TX902454,3,36.51,Suscripciones,0,0,1,1140,0
TX902455,2,38.46,Electrónica,0,0,3,1996,0
TX902456,12,12.24,Viajes,0,0,3,2290,0
TX902457,4,9.83,Retirada de efectivo,1,0,2,388,1
TX902458,23,61.22,Suscripciones,0,0,2,1140,0
TX902459,2,56.66,Suscripciones,0,1,1,570,1
TX902460,16,3.44,Suscripciones,0,0,0,697,0
TX902461,10,23.81,Restauración,0,0,3,324,0
TX902462,19,10.86,Alimentación,0,0,2,1669,0
TX902463,21,13.89,Restauración,0,0,1,1379,0
TX902464,13,8.12,Ropa,0,1,4,1849,0
TX902465,16,68.67,Electrónica,0,1,3,41,0
TX902466,2,5.9,Restauración,0,0,3,629,0
TX902467,7,3.27,Suscripciones,0,0,6,901,0
TX902468,2,13.51,Ropa,0,0,1,939,0
TX902469,5,204.4,Retirada de efectivo,0,1,4,1486,1
TX902470,15,79.2,Viajes,0,0,0,1010,0
TX902471,19,126.59,Electrónica,0,0,2,1903,0
TX902472,18,84.36,Viajes,0,1,1,2061,0
TX902473,17,18.49,Suscripciones,0,1,0,228,1
TX902474,20,22.72,Restauración,0,0,2,610,0
TX902475,22,17.86,Ropa,0,0,2,2221,0
TX902476,18,5.81,Alimentación,0,1,2,2261,0
TX902477,21,7.3,Suscripciones,0,0,2,246,0
TX902478,23,53.13,Suscripciones,0,0,4,499,0
TX902479,22,11.25,Suscripciones,0,0,4,179,0
TX902480,7,26.58,Viajes,0,0,4,1937,0
TX902481,1,7.62,Retirada de efectivo,0,0,1,57,0
TX902482,16,16.5,Ropa,0,1,3,932,0
TX902483,17,44.17,Viajes,0,1,1,1531,0
TX902484,0,3.92,Alimentación,0,0,1,983,0
TX902485,18,23.76,Suscripciones,0,1,3,2083,0
TX902486,4,47.15,Electrónica,0,0,2,2291,0
TX902487,9,23.72,Suscripciones,0,0,2,2219,0
TX902488,2,8.54,Suscripciones,1,0,3,932,0
TX902489,10,25.7,Restauración,0,1,1,353,0
TX902490,7,5.47,Alimentación,1,0,0,1695,0
TX902491,13,20.18,Viajes,0,0,5,1667,0
TX902492,10,8.59,Viajes,0,0,4,479,0
TX902493,17,11.1,Electrónica,0,1,1,980,0
TX902494,7,192.18,Viajes,0,0,0,2340,0
TX902495,0,87.92,Restauración,0,0,2,2084,0
TX902496,15,40.6,Viajes,0,0,2,2469,0
TX902497,7,37.3,Viajes,0,1,4,464,0
TX902498,1,39.55,Restauración,0,1,1,1055,0
TX902499,0,23.81,Restauración,0,0,2,34,0
TX902500,21,19.13,Retirada de efectivo,0,0,2,1237,1
TX902501,7,12.73,Viajes,0,0,2,1452,0
TX902502,20,26.36,Suscripciones,0,0,3,533,0
TX902503,20,6.5,Viajes,0,0,1,1846,0
TX902504,23,28.32,Alimentación,0,0,2,2105,0
TX902505,15,93.19,Retirada de efectivo,0,0,2,1728,0
TX902506,22,48.57,Retirada de efectivo,0,0,1,718,0
TX902507,21,28.6,Viajes,0,1,3,1856,0
TX902508,23,4.31,Viajes,0,0,2,2081,0
TX902509,7,14.26,Retirada de efectivo,1,0,2,1597,1
TX902510,11,327.67,Alimentación,0,0,0,652,0
TX902511,16,30.2,Viajes,0,0,2,430,0
TX902512,21,8.99,Electrónica,1,0,4,467,0
TX902513,12,27.36,Suscripciones,0,1,0,1238,0
TX902514,6,34.54,Alimentación,0,0,1,2558,0
TX902515,15,24.55,Viajes,0,0,3,896,0
TX902516,11,31.58,Viajes,1,1,1,1740,0
TX902517,13,10.42,Electrónica,0,0,3,1455,0
TX902518,3,169.41,Suscripciones,0,0,1,1086,0
TX902519,6,19.48,Restauración,0,0,3,515,0
TX902520,17,23.54,Alimentación,0,0,4,994,0
TX902521,4,16.53,Restauración,0,1,1,2199,0
TX902522,21,135.34,Electrónica,0,0,0,1389,0
TX902523,1,16.97,Restauración,0,0,1,598,0
TX902524,16,10.11,Suscripciones,0,0,4,1849,0
TX902525,5,53.96,Restauración,0,0,2,782,0
TX902526,11,8.51,Suscripciones,0,0,3,849,0
TX902527,1,5.19,Ropa,0,0,3,2075,0
TX902528,22,17.58,Alimentación,0,0,2,1196,0
TX902529,16,19.64,Alimentación,1,0,3,2041,0
TX902530,4,108.98,Alimentación,0,1,2,1593,0
TX902531,18,6.37,Retirada de efectivo,0,0,3,1220,0
TX902532,23,19.43,Electrónica,0,0,2,1414,0
TX902533,14,14.08,Ropa,0,0,2,907,0
TX902534,2,6.44,Electrónica,0,1,4,2177,0
TX902535,2,9.32,Retirada de efectivo,0,0,3,204,0
TX902536,8,42.66,Electrónica,0,0,1,2442,0
TX902537,15,159.87,Electrónica,1,0,3,442,0
TX902538,3,52.99,Ropa,0,0,3,1554,0
TX902539,5,115.14,Suscripciones,0,1,2,2527,0
TX902540,12,2.0,Viajes,0,0,4,2027,0
TX902541,9,19.01,Retirada de efectivo,0,0,4,1845,0
TX902542,10,22.13,Ropa,1,0,1,2468,0
TX902543,5,78.84,Viajes,0,0,3,1202,0
TX902544,19,318.05,Alimentación,0,0,1,1686,0
TX902545,1,39.7,Alimentación,0,0,0,2186,0
TX902546,15,18.63,Ropa,0,0,5,1270,0
TX902547,18,12.29,Retirada de efectivo,0,0,2,846,0
TX902548,19,19.54,Electrónica,0,0,1,246,0
TX902549,11,5.51,Electrónica,0,1,0,457,0
TX902550,4,4.96,Electrónica,0,1,3,2471,0
TX902551,18,33.08,Viajes,0,0,2,1080,0
TX902552,7,18.33,Ropa,0,0,4,2450,0
TX902553,7,13.39,Restauración,1,0,4,1100,0
TX902554,2,96.75,Suscripciones,0,0,3,652,0
TX902555,7,879.92,Restauración,1,0,1,1337,0
TX902556,4,13.93,Electrónica,0,0,5,194,0
TX902557,14,8.6,Retirada de efectivo,0,0,2,2149,0
TX902558,4,94.46,Viajes,0,0,6,1548,0
TX902559,10,7.19,Viajes,0,0,0,2186,0
TX902560,11,8.67,Alimentación,0,0,1,2195,0
TX902561,9,45.89,Viajes,0,0,1,2227,0
TX902562,12,51.81,Alimentación,0,1,0,1366,0
TX902563,14,23.33,Retirada de efectivo,0,0,1,2084,0
TX902564,14,22.69,Viajes,0,0,3,1850,0
TX902565,1,183.85,Alimentación,0,0,1,2045,0
TX902566,5,19.42,Electrónica,1,0,1,449,0
TX902567,1,94.92,Ropa,0,0,1,320,0
TX902568,15,36.69,Retirada de efectivo,1,0,1,41,0
TX902569,15,143.44,Ropa,0,0,1,893,0
TX902570,18,8.99,Ropa,0,0,2,389,0
TX902571,14,20.78,Electrónica,0,0,2,1486,0
TX902572,16,10.78,Alimentación,0,0,2,2402,0
TX902573,2,7.02,Alimentación,0,1,2,335,0
TX902574,5,128.0,Alimentación,1,0,2,655,0
TX902575,3,24.99,Suscripciones,0,0,1,10,0
TX902576,7,8.44,Electrónica,0,0,6,694,0
TX902577,17,19.96,Electrónica,0,0,5,2420,0
TX902578,7,3.29,Viajes,0,0,2,2165,0
TX902579,10,20.95,Retirada de efectivo,0,0,5,1397,0
TX902580,3,52.77,Retirada de efectivo,0,0,2,802,0
TX902581,10,138.5,Retirada de efectivo,0,0,1,1085,0
TX902582,19,2.0,Ropa,0,0,2,1645,0
TX902583,10,12.73,Alimentación,0,0,6,2587,0
TX902584,22,43.79,Electrónica,1,1,2,586,1
TX902585,22,39.7,Ropa,0,0,0,11,0
TX902586,2,12.3,Suscripciones,0,0,0,976,0
TX902587,0,27.89,Restauración,0,0,2,2369,0
TX902588,8,15.77,Alimentación,0,0,4,1175,0
TX902589,7,25.77,Suscripciones,0,0,4,431,0
TX902590,19,114.62,Electrónica,0,0,2,739,0
TX902591,9,64.7,Electrónica,1,0,1,2388,0
TX902592,5,7.33,Alimentación,0,0,2,139,0
TX902593,10,8.87,Viajes,1,0,1,942,0
TX902594,10,50.57,Alimentación,0,0,5,243,0
TX902595,14,5.09,Retirada de efectivo,0,0,3,207,0
TX902596,0,35.23,Retirada de efectivo,0,0,4,1772,0
TX902597,20,54.56,Suscripciones,0,1,2,1591,0
TX902598,23,13.92,Restauración,0,0,4,1180,0
TX902599,7,21.89,Alimentación,0,0,2,356,0
TX902600,8,67.22,Suscripciones,0,0,4,2399,0
TX902601,20,403.56,Retirada de efectivo,0,0,4,738,0
TX902602,13,49.89,Restauración,0,0,2,2404,0
TX902603,14,29.02,Viajes,0,0,4,1238,0
TX902604,5,6.0,Suscripciones,0,0,1,1081,0
TX902605,12,2.36,Alimentación,0,0,4,880,0
TX902606,4,16.39,Viajes,0,0,5,1178,0
TX902607,23,77.89,Electrónica,0,0,2,1848,0
TX902608,14,38.29,Alimentación,0,0,3,1017,0
TX902609,13,59.05,Electrónica,0,0,1,945,0
TX902610,13,34.97,Ropa,0,1,2,666,0
TX902611,8,45.16,Restauración,0,0,2,1217,0
TX902612,19,17.55,Restauración,0,0,0,723,0
TX902613,18,67.59,Suscripciones,1,0,1,181,0
TX902614,11,85.52,Alimentación,0,0,0,85,0
TX902615,13,35.96,Ropa,0,1,4,1003,0
TX902616,2,27.54,Restauración,0,0,5,902,0
TX902617,21,2.53,Suscripciones,0,0,2,1817,0
TX902618,14,21.54,Restauración,0,0,2,1643,0
TX902619,12,21.49,Electrónica,0,0,0,1716,0
TX902620,16,30.86,Electrónica,0,0,1,1844,0
TX902621,13,120.65,Retirada de efectivo,0,0,4,2588,0
TX902622,0,22.12,Retirada de efectivo,0,0,1,159,0
TX902623,13,504.41,Electrónica,0,0,2,2344,0
TX902624,13,24.49,Electrónica,0,1,1,2228,0
TX902625,21,62.07,Alimentación,0,0,3,1518,0
TX902626,15,24.33,Alimentación,0,0,1,1367,0
TX902627,22,4.8,Alimentación,0,1,1,2405,0
TX902628,10,26.26,Viajes,1,0,1,781,0
TX902629,13,10.19,Suscripciones,0,0,3,47,0
TX902630,18,83.22,Alimentación,0,0,4,443,0
TX902631,18,19.59,Suscripciones,0,1,3,1339,0
TX902632,6,7.8,Ropa,0,1,1,440,0
TX902633,6,83.28,Retirada de efectivo,1,0,3,1438,0
TX902634,3,60.57,Restauración,0,1,4,1706,0
TX902635,12,141.87,Viajes,0,0,2,1402,0
TX902636,21,66.15,Suscripciones,0,0,3,2328,0
TX902637,18,35.93,Retirada de efectivo,0,1,0,1228,0
TX902638,5,32.98,Alimentación,0,0,1,543,0
TX902639,18,40.9,Suscripciones,0,0,2,2399,0
TX902640,10,3.86,Ropa,0,0,3,985,0
TX902641,0,7.7,Ropa,0,0,0,1051,0
TX902642,12,21.09,Retirada de efectivo,0,0,2,1360,0
TX902643,8,19.91,Restauración,0,0,1,286,0
TX902644,9,7.28,Suscripciones,0,0,1,1923,0
TX902645,23,2.0,Electrónica,0,0,3,1873,0
TX902646,8,24.45,Electrónica,0,0,3,1113,0
TX902647,6,18.55,Restauración,0,0,1,1911,0
TX902648,13,6.9,Restauración,0,0,1,2445,0
TX902649,13,8.01,Retirada de efectivo,0,0,3,2074,0
TX902650,19,13.35,Restauración,0,0,2,1764,0
TX902651,6,3.74,Suscripciones,1,0,1,670,0
TX902652,7,299.02,Suscripciones,0,0,0,900,0
TX902653,9,26.54,Electrónica,0,0,1,1335,0
TX902654,10,9.41,Electrónica,0,1,2,923,0
TX902655,14,167.85,Alimentación,0,0,0,2353,0
TX902656,14,27.76,Restauración,0,0,2,2380,0
TX902657,23,5.25,Suscripciones,0,0,1,912,0
TX902658,3,4.18,Restauración,0,0,2,1414,0
TX902659,3,96.77,Electrónica,0,0,1,1158,0
TX902660,15,15.12,Ropa,0,0,2,786,0
TX902661,10,5.85,Restauración,1,0,3,52,0
TX902662,16,8.7,Ropa,0,1,6,2452,0
TX902663,4,6.96,Ropa,0,0,1,1456,0
TX902664,7,65.68,Electrónica,0,0,2,1117,0
TX902665,6,20.04,Alimentación,0,0,1,1942,0
TX902666,11,17.5,Electrónica,0,1,3,1178,0
TX902667,4,70.63,Suscripciones,0,0,3,1304,0
TX902668,12,9.2,Suscripciones,0,0,0,2463,0
TX902669,19,22.27,Alimentación,0,0,3,1923,0
TX902670,2,89.05,Viajes,0,0,0,2296,0
TX902671,16,16.24,Electrónica,1,0,1,2227,0
TX902672,0,8.24,Alimentación,0,0,4,2358,0
TX902673,23,4.58,Electrónica,0,0,5,1293,0
TX902674,4,16.55,Electrónica,0,0,4,2293,0
TX902675,20,110.9,Viajes,0,0,0,303,0
TX902676,23,5.27,Viajes,0,1,1,2179,0
TX902677,3,22.51,Retirada de efectivo,0,0,1,1713,0
TX902678,12,2.26,Restauración,0,0,1,676,0
TX902679,6,49.24,Alimentación,0,1,1,647,0
TX902680,14,9.57,Suscripciones,0,1,3,246,0
TX902681,4,57.03,Alimentación,0,0,2,2566,0
TX902682,4,45.14,Suscripciones,1,1,3,53,1
TX902683,14,10.85,Suscripciones,0,0,3,2215,0
TX902684,1,11.59,Restauración,0,0,3,1974,0
TX902685,17,31.91,Viajes,0,0,2,2471,0
TX902686,12,11.4,Viajes,0,0,1,2395,0
TX902687,7,19.38,Suscripciones,0,0,2,880,0
TX902688,0,288.04,Electrónica,0,0,4,885,0
TX902689,14,6.38,Restauración,0,0,0,2124,0
TX902690,22,260.77,Retirada de efectivo,0,0,1,335,0
TX902691,23,83.76,Alimentación,0,0,2,846,0
TX902692,18,17.36,Ropa,0,0,1,19,0
TX902693,14,11.65,Restauración,0,0,0,863,0
TX902694,18,12.67,Viajes,0,0,2,1070,0
TX902695,22,294.89,Restauración,0,0,1,2446,0
TX902696,13,9.41,Alimentación,0,1,3,1116,0
TX902697,3,7.49,Alimentación,0,1,0,1430,0
TX902698,16,13.87,Viajes,0,1,2,2243,0
TX902699,18,7.97,Alimentación,0,1,3,402,0
TX902700,12,22.3,Restauración,0,0,2,880,0
TX902701,16,18.13,Electrónica,0,0,0,810,0
TX902702,2,11.77,Viajes,0,0,3,407,0
TX902703,6,13.36,Restauración,0,0,4,1712,0
TX902704,14,25.51,Electrónica,0,0,1,432,0
TX902705,2,88.12,Suscripciones,0,0,0,910,0
TX902706,20,7.32,Retirada de efectivo,0,0,1,424,0
TX902707,0,74.64,Alimentación,0,0,3,782,0
TX902708,12,102.67,Alimentación,0,0,3,544,0
TX902709,14,48.87,Retirada de efectivo,0,1,1,2052,0
TX902710,17,140.78,Electrónica,0,1,3,428,0
TX902711,14,84.28,Retirada de efectivo,0,1,4,1982,0
TX902712,4,4.96,Ropa,0,1,0,2516,0
TX902713,18,3.38,Retirada de efectivo,0,1,3,593,0
TX902714,18,7.13,Suscripciones,0,0,3,1449,0
TX902715,2,43.65,Electrónica,0,0,5,2292,0
TX902716,10,23.63,Alimentación,0,1,6,920,0
TX902717,12,27.64,Electrónica,0,0,3,2163,0
TX902718,13,55.36,Suscripciones,0,0,3,957,0
TX902719,4,6.48,Alimentación,0,0,3,2254,0
TX902720,5,9.37,Ropa,0,0,3,2440,0
TX902721,6,2.99,Suscripciones,0,0,3,1580,0
TX902722,19,189.67,Ropa,1,0,0,1822,0
TX902723,3,33.7,Viajes,0,0,1,1008,0
TX902724,11,60.53,Retirada de efectivo,0,0,3,1417,0
TX902725,13,16.73,Electrónica,0,0,2,1412,0
TX902726,8,68.33,Suscripciones,0,0,1,373,0
TX902727,10,5.54,Retirada de efectivo,0,0,1,2559,0
TX902728,2,41.95,Alimentación,0,1,2,1129,0
TX902729,11,19.74,Ropa,1,0,1,692,0
TX902730,23,34.91,Ropa,0,0,0,2492,0
TX902731,15,22.22,Viajes,0,0,2,920,0
TX902732,1,37.28,Retirada de efectivo,0,0,0,2267,0
TX902733,2,3.01,Viajes,0,0,2,746,0
TX902734,8,10.61,Suscripciones,1,0,2,1031,0
TX902735,18,49.74,Viajes,0,0,1,390,0
TX902736,4,181.62,Retirada de efectivo,1,1,2,738,0
TX902737,14,10.07,Alimentación,0,0,2,734,0
TX902738,17,50.23,Ropa,0,0,5,2543,0
TX902739,0,46.24,Retirada de efectivo,0,0,2,2495,0
TX902740,4,32.58,Suscripciones,0,0,2,1685,0
TX902741,7,127.61,Suscripciones,0,0,1,1072,0
TX902742,15,14.01,Alimentación,0,0,3,465,0
TX902743,15,66.47,Alimentación,0,1,2,2033,0
TX902744,15,20.07,Suscripciones,0,0,3,2539,0
TX902745,9,131.8,Ropa,0,1,3,1950,0
TX902746,13,12.37,Suscripciones,0,0,2,673,0
TX902747,1,30.75,Suscripciones,0,1,2,72,0
TX902748,3,5.36,Alimentación,0,0,1,246,0
TX902749,15,11.07,Retirada de efectivo,1,0,1,1760,0
TX902750,2,138.13,Viajes,0,0,2,644,0
TX902751,11,14.91,Viajes,0,0,1,1581,0
TX902752,13,17.36,Suscripciones,0,0,1,2014,0
TX902753,1,68.89,Retirada de efectivo,0,0,2,1971,0
TX902754,10,10.25,Suscripciones,0,0,3,1032,0
TX902755,3,23.98,Retirada de efectivo,0,0,2,1396,0
TX902756,8,16.94,Restauración,0,0,2,1366,0
TX902757,16,34.7,Suscripciones,0,0,2,284,0
TX902758,5,49.12,Alimentación,0,0,2,871,0
TX902759,0,28.36,Retirada de efectivo,0,0,1,2095,0
TX902760,6,2.62,Suscripciones,0,0,5,2595,0
TX902761,4,21.8,Alimentación,0,0,4,1819,0
TX902762,7,12.26,Alimentación,0,1,1,2021,0
TX902763,2,5.6,Viajes,0,0,4,2197,0
TX902764,12,2.0,Electrónica,0,0,0,1141,0
TX902765,5,9.81,Restauración,0,1,3,2511,0
TX902766,10,119.41,Retirada de efectivo,0,1,2,311,0
TX902767,18,36.15,Restauración,0,0,1,1980,0
TX902768,12,60.15,Electrónica,0,0,4,2119,0
TX902769,8,26.53,Electrónica,0,0,1,1171,0
TX902770,8,112.41,Alimentación,0,0,2,2183,0
TX902771,16,29.74,Ropa,0,0,2,1265,0
TX902772,22,40.15,Suscripciones,0,0,1,1699,0
TX902773,13,19.24,Ropa,0,0,2,1453,0
TX902774,1,24.28,Ropa,0,0,3,1845,0
TX902775,4,18.65,Suscripciones,0,0,1,916,0
TX902776,1,59.28,Viajes,0,0,7,393,0
TX902777,7,68.33,Viajes,0,0,0,511,0
TX902778,11,32.63,Retirada de efectivo,0,0,4,1494,0
TX902779,12,52.06,Suscripciones,0,0,3,1739,0
TX902780,7,22.5,Alimentación,0,0,1,1302,0
TX902781,20,40.66,Restauración,0,0,2,1483,0
TX902782,18,39.54,Electrónica,0,0,0,428,0
TX902783,1,7.13,Ropa,0,0,1,1913,0
TX902784,10,2.53,Viajes,0,0,3,2214,0
TX902785,5,79.25,Alimentación,0,0,3,2313,0
TX902786,8,23.93,Electrónica,0,0,1,1729,0
TX902787,3,20.86,Ropa,0,0,3,861,0
TX902788,20,15.62,Electrónica,0,0,3,2205,0
TX902789,23,18.4,Restauración,0,0,2,1382,0
TX902790,12,61.25,Ropa,0,0,2,1869,0
TX902791,2,13.42,Restauración,0,0,2,322,0
TX902792,22,20.83,Restauración,0,1,0,111,0
TX902793,5,13.21,Alimentación,0,0,1,1775,0
TX902794,1,114.19,Alimentación,0,0,7,921,0
TX902795,23,59.99,Suscripciones,0,0,3,353,0
TX902796,8,298.87,Electrónica,0,0,5,1075,0
TX902797,3,24.42,Electrónica,0,1,3,1616,0
TX902798,5,21.96,Retirada de efectivo,0,0,3,1818,0
TX902799,3,52.8,Retirada de efectivo,0,0,1,685,0
TX902800,11,9.02,Ropa,0,0,4,978,0
TX902801,2,70.14,Retirada de efectivo,0,0,1,2358,0
TX902802,3,29.48,Ropa,1,0,1,716,0
TX902803,1,67.41,Viajes,0,0,0,923,0
TX902804,22,12.11,Restauración,0,0,1,615,0
TX902805,10,19.06,Electrónica,0,0,5,1071,0
TX902806,13,34.83,Restauración,0,0,2,933,0
TX902807,17,36.07,Alimentación,1,0,1,686,1
TX902808,0,16.09,Ropa,0,0,3,526,0
TX902809,19,72.87,Restauración,0,0,4,2131,0
TX902810,5,34.35,Suscripciones,1,0,1,1189,0
TX902811,23,45.21,Retirada de efectivo,0,0,2,1551,0
TX902812,5,5.47,Ropa,0,0,1,2218,0
TX902813,21,4.11,Alimentación,0,0,3,2054,0
TX902814,0,10.81,Retirada de efectivo,0,0,3,625,0
TX902815,20,49.05,Electrónica,0,0,5,1618,0
TX902816,16,37.05,Ropa,0,0,2,2143,0
TX902817,19,133.29,Retirada de efectivo,0,1,3,207,0
TX902818,0,14.58,Ropa,0,0,2,2415,0
TX902819,2,30.01,Ropa,0,0,5,1183,0
TX902820,12,8.4,Retirada de efectivo,1,0,3,1537,1
TX902821,4,87.41,Retirada de efectivo,0,0,3,1856,0
TX902822,9,14.02,Ropa,0,0,5,2485,0
TX902823,17,64.35,Ropa,0,0,2,2425,0
TX902824,1,27.95,Viajes,0,0,1,984,0
TX902825,8,14.1,Electrónica,0,0,2,1620,0
TX902826,17,8.0,Ropa,0,1,1,972,0
TX902827,20,45.69,Retirada de efectivo,0,0,1,1479,0
TX902828,4,16.44,Suscripciones,0,0,2,539,0
TX902829,15,2.55,Alimentación,0,0,3,1146,0
TX902830,19,252.11,Retirada de efectivo,0,0,3,1981,0
TX902831,2,42.02,Electrónica,0,0,3,1056,0
TX902832,0,57.46,Viajes,0,0,2,553,0
TX902833,18,12.95,Alimentación,0,0,0,352,0
TX902834,19,6.91,Retirada de efectivo,0,1,4,1644,0
TX902835,9,16.03,Electrónica,0,0,1,1093,0
TX902836,2,101.65,Viajes,0,0,5,843,0
TX902837,12,8.6,Ropa,0,0,2,1853,0
TX902838,21,28.98,Suscripciones,0,1,2,1479,0
TX902839,4,11.09,Electrónica,0,1,5,556,0
TX902840,6,16.29,Retirada de efectivo,0,0,1,1984,0
TX902841,11,104.6,Restauración,0,0,2,676,0
TX902842,20,64.43,Retirada de efectivo,0,1,4,2153,0
TX902843,7,43.99,Restauración,0,0,2,297,0
TX902844,6,46.66,Restauración,0,1,1,1688,0
TX902845,4,9.9,Suscripciones,1,0,5,971,0
TX902846,22,145.59,Viajes,0,0,2,1456,0
TX902847,12,17.41,Retirada de efectivo,0,0,2,2487,0
TX902848,11,69.25,Ropa,0,0,5,519,0
TX902849,0,195.23,Suscripciones,0,0,0,188,0
TX902850,7,11.29,Alimentación,0,0,1,2296,0
TX902851,1,6.34,Retirada de efectivo,0,1,0,2408,1
TX902852,1,35.49,Ropa,0,1,1,2441,0
TX902853,8,26.81,Electrónica,0,1,5,459,0
TX902854,9,40.2,Ropa,0,0,2,2236,0
TX902855,2,12.31,Ropa,0,0,5,68,0
TX902856,7,15.47,Electrónica,0,0,2,833,0
TX902857,22,16.34,Suscripciones,0,0,3,2158,0
TX902858,8,66.56,Alimentación,0,0,1,1941,0
TX902859,6,55.93,Ropa,1,0,4,1625,0
TX902860,23,28.2,Restauración,0,0,2,742,0
TX902861,23,532.82,Retirada de efectivo,0,0,0,2272,0
TX902862,3,105.85,Suscripciones,0,0,6,2424,0
TX902863,15,10.66,Ropa,0,0,4,1146,0
TX902864,8,20.38,Viajes,0,0,5,1627,0
TX902865,22,196.44,Viajes,0,1,3,606,0
TX902866,3,14.54,Viajes,0,0,3,2167,0
TX902867,14,568.52,Restauración,0,0,2,1736,0
TX902868,20,32.83,Suscripciones,1,1,1,2545,0
TX902869,21,60.22,Retirada de efectivo,0,1,0,1377,0
TX902870,5,26.37,Retirada de efectivo,0,0,1,807,0
TX902871,9,4.91,Suscripciones,0,0,1,926,0
TX902872,20,67.07,Electrónica,0,0,3,1464,0
TX902873,6,12.69,Ropa,0,0,0,2136,0
TX902874,4,36.42,Alimentación,0,1,0,1293,0
TX902875,16,99.12,Ropa,0,0,3,589,0
TX902876,17,36.44,Suscripciones,0,0,4,647,0
TX902877,1,7.1,Electrónica,0,0,1,1050,0
TX902878,17,16.84,Ropa,0,1,2,322,0
TX902879,23,3.01,Restauración,0,0,1,1299,0
TX902880,6,13.83,Ropa,0,0,4,80,0
TX902881,18,29.84,Alimentación,0,0,2,209,0
TX902882,18,28.96,Retirada de efectivo,0,0,0,1582,0
TX902883,20,28.53,Viajes,0,0,3,2427,0
TX902884,22,20.16,Ropa,0,0,4,148,0
TX902885,8,30.28,Alimentación,0,0,1,191,0
TX902886,1,9.74,Suscripciones,0,0,2,148,0
TX902887,7,11.04,Restauración,0,0,1,496,0
TX902888,1,11.77,Ropa,0,0,1,1947,0
TX902889,21,830.78,Restauración,0,0,2,1093,0
TX902890,13,61.59,Retirada de efectivo,0,0,1,1584,0
TX902891,15,249.1,Suscripciones,0,1,2,2318,0
TX902892,1,12.51,Retirada de efectivo,0,0,2,1208,0
TX902893,1,9.16,Restauración,0,0,2,1150,0
TX902894,3,6.54,Retirada de efectivo,0,0,0,2246,0
TX902895,9,10.77,Suscripciones,0,0,0,898,0
TX902896,10,11.37,Suscripciones,0,1,6,230,0
TX902897,2,14.21,Viajes,0,0,3,240,0
TX902898,11,16.71,Restauración,0,0,1,1816,0
TX902899,23,38.06,Suscripciones,0,0,2,1778,0
TX902900,19,54.52,Electrónica,0,0,0,554,0
TX902901,21,53.94,Ropa,0,1,2,1592,0
TX902902,2,563.81,Viajes,0,0,0,2331,0
TX902903,10,19.27,Retirada de efectivo,0,1,2,1925,0
TX902904,13,206.13,Electrónica,0,1,3,565,0
TX902905,10,75.34,Ropa,0,0,0,1021,0
TX902906,2,78.07,Suscripciones,0,1,3,1372,0
TX902907,9,36.38,Electrónica,0,0,3,187,0
TX902908,6,27.89,Ropa,0,1,4,1738,0
TX902909,8,195.8,Electrónica,0,1,0,114,0
TX902910,18,267.39,Viajes,0,1,3,2053,0
TX902911,7,30.96,Alimentación,0,0,2,2295,0
TX902912,16,20.83,Alimentación,0,0,2,714,0
TX902913,20,17.66,Restauración,0,0,1,880,0
TX902914,8,35.52,Alimentación,1,0,1,143,0
TX902915,23,6.84,Restauración,0,0,3,1273,0
TX902916,22,3.48,Retirada de efectivo,0,0,1,972,0
TX902917,0,16.42,Electrónica,0,1,2,310,0
TX902918,8,14.03,Alimentación,0,1,2,627,0
TX902919,14,12.24,Alimentación,0,0,2,1235,0
TX902920,12,30.68,Electrónica,0,0,3,1286,0
TX902921,18,69.17,Restauración,0,0,2,69,0
TX902922,21,39.62,Viajes,0,0,4,1162,0
TX902923,18,57.45,Ropa,0,0,2,1248,0
TX902924,12,20.52,Viajes,0,0,1,1292,0
TX902925,3,32.23,Ropa,1,1,3,1199,0
TX902926,5,97.04,Retirada de efectivo,0,1,1,857,0
TX902927,2,8.52,Retirada de efectivo,0,0,3,2211,0
TX902928,1,29.88,Ropa,0,0,2,2245,0
TX902929,12,31.02,Electrónica,0,0,1,1820,0
TX902930,11,16.6,Electrónica,0,0,0,489,0
TX902931,11,29.62,Ropa,0,0,5,243,0
TX902932,5,65.77,Alimentación,0,0,0,1615,0
TX902933,4,9.9,Ropa,0,0,5,2505,0
TX902934,0,68.22,Viajes,0,0,5,1436,0
TX902935,14,55.99,Viajes,0,1,1,868,0
TX902936,13,3.24,Ropa,0,1,4,2085,0
TX902937,22,9.01,Ropa,0,0,4,2549,0
TX902938,3,58.87,Suscripciones,0,0,2,168,0
TX902939,10,154.12,Retirada de efectivo,0,0,1,345,0
TX902940,14,32.56,Retirada de efectivo,0,0,3,1280,0
TX902941,21,25.89,Retirada de efectivo,1,0,1,1169,0
TX902942,21,20.88,Retirada de efectivo,0,0,1,2473,0
TX902943,21,58.22,Alimentación,0,1,5,2036,0
TX902944,5,10.17,Restauración,0,0,5,1020,0
TX902945,15,45.9,Suscripciones,0,0,2,1365,0
TX902946,23,16.66,Alimentación,0,1,2,1900,0
TX902947,10,4.49,Viajes,0,0,5,512,0
TX902948,8,10.8,Restauración,0,1,0,2303,0
TX902949,15,15.59,Restauración,0,0,1,191,0
TX902950,0,8.64,Ropa,0,1,1,2054,0
TX902951,4,186.86,Ropa,0,0,6,67,0
TX902952,8,17.2,Ropa,1,0,2,647,0
TX902953,9,7.12,Suscripciones,0,1,3,456,0
TX902954,17,87.82,Alimentación,1,0,3,200,0
TX902955,11,7.23,Suscripciones,0,0,1,1250,0
TX902956,8,4.69,Viajes,0,0,2,1890,0
TX902957,11,126.57,Ropa,0,0,1,1311,0
TX902958,5,13.03,Electrónica,0,0,1,819,0
TX902959,0,64.12,Viajes,0,0,3,1243,0
TX902960,4,149.91,Electrónica,0,0,0,68,1
TX902961,1,4.12,Suscripciones,0,0,3,2420,0
TX902962,4,9.66,Alimentación,0,0,1,1084,0
TX902963,1,22.62,Viajes,0,1,1,1420,0
TX902964,18,92.0,Alimentación,0,1,8,2391,0
TX902965,9,48.4,Restauración,0,0,2,1488,0
TX902966,3,32.23,Electrónica,0,0,2,111,0
TX902967,12,44.77,Viajes,0,0,2,2379,0
TX902968,15,11.6,Electrónica,0,0,2,1073,0
TX902969,21,50.29,Electrónica,0,0,0,336,0
TX902970,14,20.35,Ropa,0,1,1,1337,0
TX902971,10,49.11,Ropa,0,0,3,608,0
TX902972,13,13.18,Suscripciones,0,0,3,1334,0
TX902973,9,25.21,Electrónica,0,1,1,123,0
TX902974,14,9.82,Suscripciones,0,0,3,2571,0
TX902975,6,31.3,Viajes,0,0,1,269,0
TX902976,5,18.18,Viajes,0,0,4,2035,0
TX902977,13,14.79,Ropa,0,1,1,2520,0
TX902978,12,26.3,Suscripciones,1,0,3,1743,0
TX902979,16,3.42,Alimentación,0,0,1,1092,0
TX902980,4,77.77,Viajes,0,0,1,278,0
TX902981,9,7.3,Ropa,0,0,2,1681,0
TX902982,3,12.58,Viajes,0,0,1,1865,0
TX902983,21,11.37,Ropa,1,0,1,1439,0
TX902984,17,3.15,Suscripciones,1,0,0,2369,0
TX902985,1,63.67,Restauración,0,0,1,2274,0
TX902986,11,26.08,Suscripciones,0,0,3,1425,0
TX902987,1,26.22,Viajes,0,0,1,1737,0
TX902988,11,201.54,Retirada de efectivo,1,0,0,57,0
TX902989,17,12.27,Viajes,0,0,1,1334,0
TX902990,0,3.51,Alimentación,0,0,3,2559,0
TX902991,7,41.0,Restauración,0,0,2,145,0
TX902992,20,48.41,Alimentación,0,0,3,511,0
TX902993,3,2.0,Viajes,1,0,1,1526,0
TX902994,0,4.21,Alimentación,0,0,2,169,0
TX902995,19,46.49,Electrónica,0,0,3,2127,0
TX902996,4,20.6,Alimentación,0,0,1,960,0
TX902997,4,60.52,Electrónica,0,0,3,1599,0
TX902998,14,26.59,Viajes,0,0,4,1849,0
TX902999,19,33.59,Restauración,0,0,3,502,0
TX903000,10,40.3,Viajes,0,1,2,2044,0
TX903001,15,27.14,Suscripciones,1,0,2,848,0
TX903002,12,17.86,Alimentación,1,0,0,2451,0
TX903003,14,11.27,Alimentación,1,0,0,2471,0
TX903004,18,71.25,Electrónica,1,0,1,1516,0
TX903005,2,206.3,Restauración,0,0,0,266,0
TX903006,13,64.76,Suscripciones,0,1,2,2515,0
TX903007,21,10.82,Suscripciones,1,0,4,1336,0
TX903008,14,7.73,Viajes,0,0,0,906,0
TX903009,2,5.31,Restauración,0,0,1,1884,0
TX903010,18,21.23,Electrónica,0,1,1,662,0
TX903011,1,27.05,Viajes,0,0,1,541,0
TX903012,20,14.92,Alimentación,0,0,1,10,0
TX903013,19,72.76,Ropa,0,1,1,2443,0
TX903014,18,19.71,Viajes,0,0,1,1782,0
TX903015,6,23.23,Retirada de efectivo,0,0,0,1353,0
TX903016,3,8.97,Suscripciones,0,0,4,477,0
TX903017,19,55.48,Restauración,1,0,4,1850,0
TX903018,6,15.82,Retirada de efectivo,0,0,2,972,0
TX903019,13,2.0,Suscripciones,0,0,2,235,0
TX903020,10,74.67,Retirada de efectivo,1,0,2,2441,0
TX903021,5,5.84,Ropa,0,0,2,539,0
TX903022,22,6.05,Viajes,0,0,2,127,0
TX903023,5,5.06,Alimentación,0,0,1,1178,0
TX903024,9,40.15,Electrónica,0,0,0,1086,0
TX903025,19,7.06,Ropa,0,0,2,1854,0
TX903026,5,30.97,Suscripciones,0,0,1,2212,0
TX903027,8,19.53,Viajes,0,0,2,179,0
TX903028,23,32.91,Electrónica,0,0,2,2341,0
TX903029,8,126.76,Suscripciones,1,0,1,2163,0
TX903030,19,99.0,Electrónica,0,0,3,1464,0
TX903031,18,23.22,Alimentación,0,1,2,984,0
TX903032,16,274.68,Restauración,0,0,6,1396,0
TX903033,6,17.41,Electrónica,0,0,3,1641,0
TX903034,6,6.6,Viajes,0,1,1,2326,0
TX903035,18,5.55,Electrónica,0,0,3,461,0
TX903036,17,43.88,Ropa,0,1,0,1089,0
TX903037,13,6.47,Electrónica,0,0,2,2324,0
TX903038,21,38.0,Alimentación,1,0,2,53,0
TX903039,2,57.56,Electrónica,0,1,2,1962,0
TX903040,22,31.01,Ropa,0,0,1,741,0
TX903041,13,25.76,Viajes,0,0,2,2246,0
TX903042,17,26.66,Electrónica,1,0,4,1257,0
TX903043,3,15.54,Retirada de efectivo,1,0,2,1621,0
TX903044,13,85.56,Suscripciones,0,0,0,2038,0
TX903045,8,45.31,Restauración,0,0,1,2033,0
TX903046,23,8.59,Suscripciones,0,1,1,2582,0
TX903047,7,2.0,Electrónica,0,0,1,2288,0
TX903048,19,146.3,Electrónica,0,0,3,1320,0
TX903049,22,65.97,Restauración,0,0,1,2228,0
TX903050,6,70.9,Viajes,0,0,1,1424,0
TX903051,21,5.91,Viajes,0,0,3,1886,0
TX903052,20,8.07,Suscripciones,1,0,3,48,0
TX903053,16,50.0,Viajes,0,1,2,1737,0
TX903054,18,17.61,Ropa,0,0,2,1584,0
TX903055,4,20.61,Ropa,0,0,3,2529,0
TX903056,17,103.27,Alimentación,0,0,1,655,0
TX903057,13,27.0,Viajes,0,1,1,1304,0
TX903058,15,31.14,Viajes,0,0,2,2185,0
TX903059,16,69.89,Viajes,0,0,3,878,0
TX903060,22,8.46,Electrónica,0,1,1,1673,0
TX903061,12,33.19,Restauración,0,0,3,895,0
TX903062,10,209.03,Alimentación,0,0,7,1074,0
TX903063,20,88.44,Ropa,0,0,1,810,0
TX903064,19,15.68,Restauración,0,0,2,796,0
TX903065,17,30.37,Viajes,0,0,4,1265,0
TX903066,21,11.04,Suscripciones,0,0,3,1604,0
TX903067,4,21.14,Electrónica,1,0,2,217,0
TX903068,15,13.75,Retirada de efectivo,0,0,1,2596,0
TX903069,19,20.8,Suscripciones,0,0,2,2491,0
TX903070,5,63.87,Ropa,0,0,2,1415,0
TX903071,17,10.19,Ropa,0,0,2,797,0
TX903072,20,88.46,Suscripciones,0,1,3,219,0
TX903073,22,167.25,Electrónica,0,0,2,783,0
TX903074,21,4.64,Viajes,0,0,1,1578,0
TX903075,5,29.07,Suscripciones,0,1,2,2448,0
TX903076,16,29.12,Suscripciones,0,0,0,1157,0
TX903077,3,51.25,Suscripciones,0,0,3,1315,0
TX903078,23,27.9,Suscripciones,0,0,2,1710,0
TX903079,13,22.22,Electrónica,0,0,1,281,0
TX903080,8,159.21,Suscripciones,0,0,2,1440,0
TX903081,0,108.91,Alimentación,0,0,8,1517,0
TX903082,8,17.65,Retirada de efectivo,0,0,1,341,0
TX903083,2,29.54,Restauración,0,0,3,2025,0
TX903084,23,47.83,Alimentación,0,0,4,1697,0
TX903085,8,6.13,Electrónica,0,0,1,380,0
TX903086,22,60.45,Ropa,0,0,1,460,0
TX903087,7,4.68,Retirada de efectivo,1,0,2,1018,0
TX903088,10,65.47,Suscripciones,0,0,2,1756,0
TX903089,8,15.71,Restauración,0,0,1,1656,0
TX903090,1,7.89,Viajes,0,1,0,2301,0
TX903091,16,33.99,Restauración,0,0,0,1144,0
TX903092,1,30.16,Suscripciones,0,0,0,1815,0
TX903093,10,3.2,Retirada de efectivo,0,0,1,583,0
TX903094,4,3.26,Ropa,0,0,2,1967,0
TX903095,3,20.0,Viajes,0,1,5,372,1
TX903096,2,3.11,Electrónica,0,0,3,1469,0
TX903097,4,13.88,Electrónica,0,0,3,1468,0
TX903098,16,61.18,Ropa,0,0,1,1920,0
TX903099,2,40.1,Alimentación,0,1,2,925,0
TX903100,1,13.5,Suscripciones,0,0,1,1060,0
TX903101,21,15.5,Retirada de efectivo,0,0,1,1896,0
TX903102,19,41.09,Restauración,0,0,1,1250,0
TX903103,9,12.12,Alimentación,0,0,0,429,0
TX903104,2,3.53,Electrónica,0,0,1,1887,0
TX903105,11,11.76,Viajes,0,0,2,1999,0
TX903106,7,38.75,Ropa,0,0,0,1058,0
TX903107,13,5.4,Suscripciones,0,0,1,2226,0
TX903108,8,71.35,Retirada de efectivo,0,0,1,643,0
TX903109,19,10.98,Alimentación,0,0,1,1621,0
TX903110,6,225.84,Alimentación,1,1,3,1480,0
TX903111,14,14.99,Electrónica,0,0,4,1508,0
TX903112,16,97.45,Suscripciones,0,0,3,2379,0
TX903113,20,24.88,Restauración,0,0,1,888,0
TX903114,13,4.78,Alimentación,0,0,2,2317,0
TX903115,18,31.3,Restauración,0,0,2,1839,0
TX903116,11,5.42,Alimentación,1,0,6,616,0
TX903117,16,4.55,Retirada de efectivo,0,0,2,2518,0
TX903118,4,58.4,Alimentación,0,0,1,172,0
TX903119,9,36.63,Electrónica,0,0,4,2517,0
TX903120,9,11.65,Suscripciones,0,1,0,544,0
TX903121,20,20.94,Suscripciones,0,0,2,1232,0
TX903122,17,17.03,Retirada de efectivo,0,1,5,1391,0
TX903123,23,12.19,Ropa,0,0,3,1699,0
TX903124,13,12.66,Alimentación,0,0,3,1291,0
TX903125,10,20.48,Alimentación,0,0,2,1516,0
TX903126,1,17.84,Suscripciones,0,0,1,1046,0
TX903127,22,17.75,Viajes,0,0,2,2322,0
TX903128,23,30.85,Electrónica,0,0,3,273,0
TX903129,12,89.0,Electrónica,0,0,4,564,0
TX903130,1,104.66,Restauración,0,0,3,676,0
TX903131,23,54.69,Viajes,0,0,4,869,0
TX903132,0,45.06,Restauración,1,0,3,1351,0
TX903133,7,14.39,Suscripciones,0,0,1,221,0
TX903134,4,8.36,Restauración,0,0,2,1134,0
TX903135,2,20.6,Electrónica,1,0,2,283,0
TX903136,22,32.26,Electrónica,0,0,0,2180,0
TX903137,12,12.7,Viajes,0,1,4,822,0
TX903138,9,4.43,Ropa,0,0,3,2138,0
TX903139,14,91.16,Retirada de efectivo,0,0,1,134,0
TX903140,15,20.62,Electrónica,0,0,2,35,0
TX903141,22,83.43,Ropa,0,0,1,1023,0
TX903142,5,21.08,Alimentación,0,0,2,418,0
TX903143,3,71.78,Ropa,0,1,2,1325,0
TX903144,10,40.45,Suscripciones,0,0,2,305,0
TX903145,2,81.15,Retirada de efectivo,0,0,6,1232,0
TX903146,14,52.84,Viajes,0,0,2,2277,0
TX903147,21,20.73,Restauración,0,0,1,2029,0
TX903148,22,24.38,Retirada de efectivo,0,0,0,1860,0
TX903149,13,162.38,Alimentación,1,0,4,1944,0
TX903150,9,18.03,Suscripciones,0,1,3,535,0
TX903151,3,39.93,Restauración,0,0,1,1768,0
TX903152,9,43.46,Ropa,0,1,0,1851,0
TX903153,3,52.23,Ropa,0,0,2,2384,0
TX903154,2,19.85,Viajes,1,0,3,1258,0
TX903155,5,76.67,Viajes,0,0,1,39,0
TX903156,19,26.0,Restauración,0,0,1,1639,0
TX903157,21,3.72,Electrónica,0,0,0,1055,0
TX903158,22,26.71,Suscripciones,0,0,1,138,0
TX903159,15,36.22,Suscripciones,0,0,4,618,0
TX903160,0,17.39,Viajes,0,0,1,1251,0
TX903161,8,25.05,Retirada de efectivo,0,0,3,950,0
TX903162,20,28.25,Ropa,0,1,0,1968,0
TX903163,22,82.41,Suscripciones,0,0,1,1577,0
TX903164,4,39.0,Ropa,0,0,2,1435,0
TX903165,13,143.44,Suscripciones,0,0,0,2333,0
TX903166,22,8.94,Restauración,0,0,5,2138,0
TX903167,1,11.74,Viajes,0,0,1,635,0
TX903168,13,50.07,Electrónica,0,0,6,1137,0
TX903169,8,50.47,Retirada de efectivo,0,1,1,12,0
TX903170,20,69.99,Suscripciones,0,0,1,1956,0
TX903171,21,17.24,Viajes,0,0,1,69,0
TX903172,14,10.01,Restauración,0,0,0,2592,0
TX903173,6,17.42,Alimentación,0,1,1,2320,0
TX903174,16,2.0,Restauración,1,1,5,2386,0
TX903175,19,66.35,Electrónica,1,0,1,404,0
TX903176,21,12.99,Electrónica,0,1,2,318,0
TX903177,9,9.62,Retirada de efectivo,0,0,3,1334,0
TX903178,6,28.38,Ropa,0,0,3,453,0
TX903179,2,105.62,Restauración,1,0,0,1967,0
TX903180,12,47.78,Alimentación,0,1,2,2023,0
TX903181,1,17.97,Electrónica,0,1,4,1601,0
TX903182,21,48.18,Restauración,1,1,0,470,0
TX903183,18,40.29,Suscripciones,0,0,1,545,0
TX903184,18,145.11,Suscripciones,0,0,3,1874,0
TX903185,1,80.89,Alimentación,1,1,2,2131,0
TX903186,2,17.34,Retirada de efectivo,0,0,7,1355,0
TX903187,18,25.7,Restauración,0,0,0,1675,0
TX903188,5,30.97,Alimentación,1,0,0,1090,0
TX903189,6,3.03,Viajes,0,1,0,304,0
TX903190,15,2.0,Electrónica,0,0,2,542,0
TX903191,9,28.5,Ropa,0,0,1,2567,0
TX903192,4,57.79,Restauración,0,0,1,2567,0
TX903193,19,523.92,Retirada de efectivo,0,1,4,974,0
TX903194,6,21.1,Restauración,0,0,3,1550,0
TX903195,2,18.56,Retirada de efectivo,0,0,2,334,0
TX903196,6,92.24,Suscripciones,0,0,3,701,0
TX903197,18,7.73,Alimentación,0,0,1,1704,0
TX903198,5,194.64,Electrónica,0,0,2,2249,0
TX903199,3,9.04,Electrónica,0,1,4,1734,0
TX903200,16,39.43,Alimentación,0,0,2,2199,0
TX903201,16,27.56,Retirada de efectivo,1,0,1,563,0
TX903202,6,5.73,Electrónica,0,0,2,496,0
TX903203,23,15.69,Restauración,0,0,2,1157,0
TX903204,20,8.26,Alimentación,0,0,2,2424,0
TX903205,2,14.48,Viajes,0,1,7,2187,0
TX903206,23,83.03,Electrónica,0,0,2,2025,0
TX903207,1,3.19,Ropa,1,0,2,1020,0
TX903208,9,2.63,Retirada de efectivo,0,0,4,440,0
TX903209,0,22.09,Ropa,0,0,1,1277,0
TX903210,21,5.99,Alimentación,0,0,3,1266,0
TX903211,15,55.96,Restauración,0,0,3,1424,0
TX903212,12,23.79,Electrónica,0,0,0,179,0
TX903213,19,66.48,Restauración,0,0,6,656,0
TX903214,15,3.39,Viajes,0,0,0,325,0
TX903215,15,30.29,Electrónica,0,0,2,437,0
TX903216,22,452.32,Viajes,0,0,1,1733,0
TX903217,11,51.75,Suscripciones,1,0,0,1985,0
TX903218,13,48.97,Electrónica,0,0,3,1349,0
TX903219,9,73.51,Ropa,0,1,1,1240,0
TX903220,23,13.83,Electrónica,0,0,2,1347,0
TX903221,18,14.7,Suscripciones,0,0,4,1533,0
TX903222,5,6.34,Suscripciones,0,0,1,855,1
TX903223,11,30.4,Suscripciones,0,1,4,369,0
TX903224,23,430.4,Alimentación,0,0,4,1115,0
TX903225,16,49.98,Retirada de efectivo,1,0,2,212,1
TX903226,4,4.41,Suscripciones,0,0,1,586,1
TX903227,10,12.0,Ropa,0,0,1,1738,0
TX903228,21,53.38,Retirada de efectivo,0,0,3,2397,0
TX903229,18,33.42,Restauración,0,0,2,898,0
TX903230,16,19.96,Electrónica,0,0,3,2485,0
TX903231,0,10.75,Ropa,0,0,3,1074,0
TX903232,22,6.97,Suscripciones,0,1,1,96,0
TX903233,12,5.19,Ropa,0,1,5,877,0
TX903234,18,127.43,Viajes,0,1,3,903,0
TX903235,2,32.58,Retirada de efectivo,0,0,2,1147,0
TX903236,7,77.24,Electrónica,0,0,1,481,0
TX903237,6,29.84,Electrónica,1,0,1,459,0
TX903238,3,30.9,Viajes,0,0,1,2538,0
TX903239,5,20.6,Restauración,0,0,6,1561,0
TX903240,23,16.0,Retirada de efectivo,1,0,0,2346,0
TX903241,16,6.2,Viajes,0,0,3,994,0
TX903242,17,11.22,Retirada de efectivo,0,0,0,2293,0
TX903243,18,3.97,Suscripciones,0,0,1,965,0
TX903244,20,6.81,Alimentación,0,0,0,2587,0
TX903245,8,25.41,Electrónica,1,0,1,1498,0
TX903246,14,14.96,Alimentación,0,0,2,1646,0
TX903247,19,22.49,Retirada de efectivo,0,0,6,472,0
TX903248,0,92.61,Electrónica,0,0,1,2035,0
TX903249,14,53.43,Suscripciones,0,0,2,172,0
TX903250,21,31.8,Alimentación,0,0,4,962,0
TX903251,16,5.87,Restauración,0,0,2,2590,0
TX903252,16,7.09,Ropa,0,0,3,2292,0
TX903253,23,11.79,Restauración,0,0,7,1451,0
TX903254,20,10.64,Electrónica,0,0,1,1332,0
TX903255,16,2.57,Electrónica,0,0,4,2383,0
TX903256,7,131.2,Suscripciones,0,0,2,1216,0
TX903257,22,31.71,Retirada de efectivo,0,0,2,330,0
TX903258,10,47.54,Alimentación,0,0,5,1315,0
TX903259,23,16.31,Electrónica,0,0,2,75,0
TX903260,20,33.72,Electrónica,0,0,5,1194,0
TX903261,3,21.81,Retirada de efectivo,0,0,2,981,0
TX903262,20,75.0,Viajes,0,1,6,1761,0
TX903263,14,54.47,Retirada de efectivo,0,0,2,482,0
TX903264,18,18.38,Alimentación,0,0,4,751,0
TX903265,18,5.15,Retirada de efectivo,0,0,4,1339,0
TX903266,9,6.49,Ropa,0,0,1,2121,0
TX903267,3,13.89,Alimentación,0,1,2,2428,0
TX903268,19,27.21,Electrónica,0,0,2,2263,0
TX903269,13,6.61,Alimentación,0,1,1,1800,0
TX903270,11,17.68,Ropa,0,0,0,870,0
TX903271,20,72.57,Electrónica,0,0,3,2523,0
TX903272,2,63.24,Restauración,0,0,2,2485,0
TX903273,1,16.41,Electrónica,0,0,2,1107,0
TX903274,8,24.1,Alimentación,0,0,0,1736,0
TX903275,8,91.05,Viajes,0,1,1,341,0
TX903276,16,113.69,Electrónica,1,1,1,2598,0
TX903277,22,34.5,Alimentación,0,0,5,1382,0
TX903278,16,62.97,Suscripciones,0,1,2,279,0
TX903279,18,65.65,Restauración,0,0,4,304,0
TX903280,12,19.06,Electrónica,0,0,2,2549,0
TX903281,14,12.89,Electrónica,0,1,6,1815,0
TX903282,21,63.95,Alimentación,1,0,0,1825,0
TX903283,7,109.01,Retirada de efectivo,0,0,2,589,0
TX903284,12,12.59,Ropa,0,0,0,316,0
TX903285,14,11.39,Retirada de efectivo,0,1,2,2125,0
TX903286,19,13.84,Restauración,0,0,5,1458,0
TX903287,0,3.4,Viajes,0,0,1,1200,0
TX903288,22,3.8,Ropa,0,0,0,2487,0
TX903289,18,4.78,Retirada de efectivo,1,0,3,2028,0
TX903290,4,19.22,Restauración,0,0,3,1414,0
TX903291,1,13.25,Restauración,0,0,1,17,0
TX903292,3,11.91,Ropa,0,0,0,1564,0
TX903293,21,18.57,Viajes,0,0,1,1053,0
TX903294,20,108.18,Electrónica,0,1,2,63,0
TX903295,5,31.34,Retirada de efectivo,0,0,0,2439,0
TX903296,11,21.87,Alimentación,0,0,3,927,0
TX903297,4,44.16,Electrónica,0,0,0,2059,0
TX903298,2,10.38,Electrónica,0,1,0,1209,0
TX903299,10,23.17,Retirada de efectivo,0,0,0,751,0
TX903300,0,9.55,Viajes,0,1,2,1611,0
TX903301,23,3.09,Restauración,1,0,3,417,0
TX903302,15,17.73,Restauración,0,0,4,2390,0
TX903303,22,22.08,Suscripciones,0,0,3,1174,0
TX903304,17,14.22,Alimentación,0,1,2,2510,0
TX903305,23,83.29,Suscripciones,0,1,3,955,0
TX903306,0,25.71,Suscripciones,0,0,1,2239,0
TX903307,1,45.91,Ropa,0,0,1,2363,0
TX903308,21,5.67,Electrónica,0,1,4,383,0
TX903309,13,86.11,Suscripciones,0,0,1,1669,0
TX903310,18,39.52,Ropa,0,1,1,239,0
TX903311,17,144.2,Alimentación,0,0,0,984,0
TX903312,16,84.96,Retirada de efectivo,0,1,2,1729,0
TX903313,6,3.02,Viajes,1,0,3,761,0
TX903314,20,6.77,Ropa,0,1,3,843,0
TX903315,22,7.43,Electrónica,0,0,3,991,0
TX903316,22,28.86,Restauración,0,0,1,2158,0
TX903317,7,71.49,Ropa,0,0,1,2435,0
TX903318,23,18.5,Ropa,0,0,2,1293,0
TX903319,16,34.03,Retirada de efectivo,0,0,4,2233,0
TX903320,18,8.79,Ropa,0,0,1,625,0
TX903321,3,11.57,Restauración,0,0,2,1887,0
TX903322,5,38.8,Alimentación,0,0,3,1401,0
TX903323,0,67.61,Alimentación,0,0,2,1132,0
TX903324,22,43.63,Alimentación,0,0,3,1297,0
TX903325,8,11.56,Viajes,0,0,2,1903,0
TX903326,9,10.67,Restauración,0,0,3,2533,0
TX903327,0,11.79,Electrónica,0,0,1,2468,0
TX903328,10,29.3,Retirada de efectivo,0,0,4,1234,0
TX903329,8,147.62,Electrónica,0,0,4,193,0
TX903330,1,19.98,Restauración,0,0,3,1518,0
TX903331,10,26.7,Ropa,0,0,3,1742,0
TX903332,16,74.79,Ropa,0,0,2,116,0
TX903333,2,45.42,Ropa,1,0,2,2397,0
TX903334,2,51.36,Ropa,0,0,4,1894,0
TX903335,18,24.82,Ropa,0,0,3,2084,0
TX903336,22,38.2,Retirada de efectivo,0,0,1,1589,0
TX903337,10,30.02,Alimentación,0,0,1,826,0
TX903338,7,4.74,Restauración,0,0,0,735,0
TX903339,16,8.18,Alimentación,1,0,3,390,0
TX903340,12,15.46,Alimentación,0,1,2,2562,0
TX903341,12,11.37,Retirada de efectivo,0,1,2,671,0
TX903342,19,11.37,Retirada de efectivo,0,0,4,1661,0
TX903343,14,226.72,Retirada de efectivo,0,0,2,1668,0
TX903344,9,34.77,Ropa,1,0,1,949,0
TX903345,3,92.03,Alimentación,0,0,4,858,0
TX903346,0,2.05,Ropa,0,0,1,976,0
TX903347,17,165.77,Retirada de efectivo,0,1,2,892,1
TX903348,6,7.38,Alimentación,0,0,2,1524,0
TX903349,9,141.6,Alimentación,0,0,4,611,0
TX903350,10,12.87,Electrónica,1,1,2,175,0
TX903351,3,7.06,Electrónica,1,0,3,118,0
TX903352,18,46.94,Viajes,0,0,1,2568,0
TX903353,22,5.5,Electrónica,0,1,3,2434,0
TX903354,15,19.08,Electrónica,0,0,2,1351,0
TX903355,7,4.63,Viajes,0,0,1,592,0
TX903356,16,352.71,Suscripciones,0,0,2,1182,0
TX903357,10,8.84,Electrónica,0,0,2,1374,0
TX903358,0,50.51,Ropa,0,1,2,752,0
TX903359,23,33.53,Alimentación,0,0,2,963,0
TX903360,22,47.03,Viajes,0,0,3,869,0
TX903361,4,15.19,Restauración,0,0,4,2166,0
TX903362,2,36.5,Ropa,0,0,1,857,0
TX903363,8,237.75,Suscripciones,0,0,5,260,0
TX903364,11,22.76,Viajes,0,0,1,2490,0
TX903365,17,12.87,Retirada de efectivo,0,0,1,2187,0
TX903366,2,9.25,Restauración,1,0,4,851,0
TX903367,2,31.36,Ropa,0,0,3,2169,0
TX903368,5,15.8,Alimentación,0,0,6,1862,0
TX903369,18,13.72,Ropa,0,0,6,1998,0
TX903370,6,24.93,Viajes,0,0,5,1354,0
TX903371,23,10.17,Restauración,0,1,0,1317,0
TX903372,0,23.78,Electrónica,0,0,3,390,0
TX903373,15,9.17,Alimentación,0,0,1,614,0
TX903374,15,80.49,Ropa,0,0,0,1269,0
TX903375,8,5.75,Retirada de efectivo,0,0,2,1894,0
TX903376,12,12.37,Suscripciones,0,0,3,197,0
TX903377,17,173.47,Retirada de efectivo,0,0,2,1316,0
TX903378,11,12.28,Viajes,0,1,0,1460,0
TX903379,16,12.95,Ropa,0,0,3,985,0
TX903380,10,18.51,Restauración,0,0,4,1835,0
TX903381,23,58.13,Viajes,0,0,0,1243,0
TX903382,20,4.2,Viajes,0,1,5,925,0
TX903383,21,37.43,Ropa,0,0,5,2261,0
TX903384,7,4.5,Suscripciones,0,1,2,899,0
TX903385,1,147.85,Restauración,0,0,0,2135,0
TX903386,4,14.18,Viajes,0,0,1,178,0
TX903387,13,2.0,Alimentación,0,0,2,831,0
TX903388,20,141.51,Electrónica,0,1,1,768,0
TX903389,18,72.96,Alimentación,0,0,4,1799,0
TX903390,20,10.84,Restauración,1,0,3,855,0
TX903391,4,7.15,Suscripciones,0,0,1,1597,0
TX903392,18,7.08,Alimentación,0,0,2,713,0
TX903393,1,8.12,Viajes,0,0,4,235,0
TX903394,2,40.45,Viajes,0,0,1,1621,0
TX903395,14,56.27,Suscripciones,0,0,3,856,0
TX903396,1,2.0,Electrónica,0,0,2,513,0
TX903397,18,18.16,Suscripciones,0,0,2,180,0
TX903398,13,31.84,Restauración,0,0,1,2254,0
TX903399,11,6.35,Restauración,0,0,1,416,0
TX903400,4,62.96,Restauración,0,0,4,561,0
TX903401,10,2.34,Suscripciones,0,0,1,58,0
TX903402,16,12.16,Ropa,0,0,0,1274,0
TX903403,22,57.98,Restauración,0,0,5,478,0
TX903404,19,19.14,Restauración,0,0,3,2426,0
TX903405,19,7.56,Electrónica,0,0,1,1090,0
TX903406,3,35.31,Electrónica,0,0,3,2129,0
TX903407,18,6.44,Suscripciones,0,0,1,2328,0
TX903408,10,63.82,Alimentación,0,0,3,1342,0
TX903409,2,5.82,Electrónica,0,0,2,70,0
TX903410,13,87.32,Retirada de efectivo,0,0,2,1288,0
TX903411,9,72.26,Restauración,0,0,4,1683,0
TX903412,10,240.09,Retirada de efectivo,0,0,5,215,0
TX903413,15,13.47,Retirada de efectivo,0,0,0,997,0
TX903414,22,31.13,Viajes,1,0,2,2467,0
TX903415,13,5.91,Retirada de efectivo,0,0,0,350,0
TX903416,22,116.5,Viajes,0,1,0,240,0
TX903417,12,19.22,Alimentación,0,0,2,811,0
TX903418,20,118.62,Electrónica,1,1,3,1767,0
TX903419,4,81.26,Restauración,0,0,1,623,0
TX903420,1,19.93,Ropa,0,0,2,1868,0
TX903421,22,24.42,Electrónica,0,0,2,2455,0
TX903422,22,22.21,Retirada de efectivo,1,0,2,2370,0
TX903423,19,23.77,Viajes,0,0,1,1618,0
TX903424,18,24.52,Restauración,0,0,3,196,0
TX903425,10,7.45,Viajes,0,1,3,878,0
TX903426,16,29.88,Electrónica,0,0,4,2564,0
TX903427,4,36.4,Viajes,0,0,2,783,0
TX903428,9,4.57,Alimentación,0,0,2,616,0
TX903429,0,128.69,Restauración,0,0,0,739,0
TX903430,23,2.25,Electrónica,0,0,4,227,0
TX903431,8,36.64,Electrónica,0,0,3,2028,0
TX903432,2,12.24,Ropa,0,0,3,177,0
TX903433,2,7.73,Retirada de efectivo,0,0,1,1482,0
TX903434,21,16.75,Retirada de efectivo,0,0,4,589,0
TX903435,2,11.15,Alimentación,0,0,2,1852,0
TX903436,22,78.8,Suscripciones,0,0,1,451,0
TX903437,21,2.6,Ropa,0,0,5,1126,0
TX903438,14,8.06,Electrónica,0,1,3,1236,0
TX903439,19,25.44,Alimentación,0,0,2,965,0
TX903440,16,6.73,Viajes,0,0,1,1298,0
TX903441,21,19.91,Alimentación,0,0,1,402,0
TX903442,6,40.81,Electrónica,0,0,1,444,0
TX903443,16,6.88,Viajes,0,0,2,2263,0
TX903444,2,6.94,Retirada de efectivo,1,0,1,226,0
TX903445,21,4.86,Retirada de efectivo,0,1,3,403,0
TX903446,7,6.18,Alimentación,0,1,3,1724,0
TX903447,11,51.35,Ropa,0,0,4,1095,0
TX903448,19,18.19,Retirada de efectivo,0,0,1,1046,0
TX903449,4,9.22,Restauración,0,0,4,1478,0
TX903450,8,4.38,Ropa,0,1,1,239,0
TX903451,23,11.38,Alimentación,0,0,0,401,0
TX903452,17,13.54,Electrónica,0,0,1,2495,0
TX903453,1,2.66,Restauración,0,0,4,2081,0
TX903454,0,30.25,Viajes,0,1,2,1853,0
TX903455,18,8.08,Retirada de efectivo,0,0,2,592,0
TX903456,20,8.83,Electrónica,1,0,2,500,0
TX903457,8,18.75,Alimentación,1,0,1,1966,0
TX903458,18,39.03,Suscripciones,0,1,3,390,0
TX903459,18,3.4,Suscripciones,0,0,1,552,0
TX903460,13,8.97,Alimentación,1,0,2,260,0
TX903461,8,9.73,Suscripciones,0,0,1,250,0
TX903462,13,3.94,Viajes,0,0,1,1674,0
TX903463,20,59.51,Ropa,0,0,1,402,0
TX903464,20,44.73,Ropa,0,0,2,1485,0
TX903465,11,13.74,Electrónica,0,0,2,2004,0
TX903466,2,15.24,Ropa,0,0,2,2247,0
TX903467,7,108.16,Alimentación,0,0,2,1548,0
TX903468,9,7.45,Electrónica,0,0,4,1166,0
TX903469,18,6.52,Viajes,0,0,2,175,0
TX903470,22,39.5,Suscripciones,0,0,2,1035,0
TX903471,8,7.1,Retirada de efectivo,0,1,0,2235,0
TX903472,7,25.98,Alimentación,0,0,3,659,0
TX903473,4,9.27,Restauración,1,0,3,256,0
TX903474,22,12.37,Viajes,0,1,4,1273,0
TX903475,11,18.78,Suscripciones,0,0,4,1082,0
TX903476,8,3.67,Viajes,0,0,5,1818,0
TX903477,10,109.53,Restauración,0,1,4,1264,0
TX903478,19,31.5,Ropa,1,1,3,1674,0
TX903479,14,11.9,Retirada de efectivo,0,1,1,1604,0
TX903480,22,6.11,Restauración,0,0,0,1644,0
TX903481,0,2.52,Alimentación,0,0,1,1717,0
TX903482,1,60.21,Alimentación,0,0,4,1404,0
TX903483,16,21.97,Ropa,0,0,3,1839,0
TX903484,10,2.0,Restauración,0,1,2,700,0
TX903485,10,36.1,Suscripciones,1,1,1,273,0
TX903486,1,28.53,Alimentación,0,0,1,1090,0
TX903487,12,175.23,Retirada de efectivo,0,0,2,1383,0
TX903488,6,356.54,Suscripciones,0,0,1,2387,0
TX903489,22,33.88,Alimentación,0,0,1,1375,0
TX903490,22,140.14,Electrónica,0,0,1,1669,0
TX903491,8,42.18,Suscripciones,0,0,1,701,0
TX903492,16,27.66,Retirada de efectivo,0,0,3,1687,0
TX903493,7,8.56,Viajes,0,0,2,1960,0
TX903494,13,51.48,Ropa,0,0,2,1224,0
TX903495,13,27.44,Restauración,0,0,2,1463,0
TX903496,12,21.18,Ropa,0,1,3,1787,0
TX903497,18,44.85,Suscripciones,0,0,1,1306,0
TX903498,15,16.87,Retirada de efectivo,0,0,1,1186,0
TX903499,14,4.84,Retirada de efectivo,1,0,1,1974,0
TX903500,20,7.94,Restauración,0,0,0,2027,0
TX903501,2,17.62,Electrónica,1,0,3,2229,0
TX903502,20,20.16,Retirada de efectivo,0,0,1,243,0
TX903503,7,37.7,Electrónica,0,0,4,1998,0
TX903504,23,19.0,Viajes,0,0,2,2395,0
TX903505,21,48.42,Ropa,0,0,1,323,0
TX903506,4,42.93,Electrónica,0,0,5,1525,0
TX903507,11,63.24,Alimentación,0,0,0,369,0
TX903508,2,2.06,Retirada de efectivo,0,0,1,105,0
TX903509,6,36.48,Suscripciones,0,0,2,2407,0
TX903510,18,121.36,Electrónica,0,0,1,121,0
TX903511,13,34.38,Alimentación,0,1,1,920,0
TX903512,23,13.41,Alimentación,0,1,4,1823,0
TX903513,6,61.46,Suscripciones,1,0,2,683,0
TX903514,1,123.95,Retirada de efectivo,0,0,1,303,0
TX903515,22,59.04,Alimentación,0,0,0,62,0
TX903516,8,2.0,Electrónica,1,0,5,867,0
TX903517,13,53.47,Restauración,0,0,0,1931,0
TX903518,6,33.05,Retirada de efectivo,1,1,3,120,0
TX903519,19,11.76,Restauración,0,0,3,1892,0
TX903520,3,119.31,Restauración,0,0,1,1866,0
TX903521,19,5.27,Ropa,0,0,2,2345,0
TX903522,5,46.01,Ropa,1,1,2,2019,0
TX903523,14,46.26,Suscripciones,0,0,1,2068,0
TX903524,2,17.25,Viajes,0,1,3,269,0
TX903525,5,37.51,Ropa,0,1,2,1283,0
TX903526,18,206.4,Ropa,0,0,3,1395,0
TX903527,11,23.98,Electrónica,0,0,2,2358,0
TX903528,22,21.27,Restauración,0,0,2,1224,0
TX903529,8,19.66,Electrónica,0,0,2,583,0
TX903530,1,7.58,Alimentación,0,0,1,1892,0
TX903531,6,27.21,Suscripciones,0,0,1,1596,0
TX903532,18,6.69,Retirada de efectivo,0,0,1,880,0
TX903533,13,18.0,Ropa,0,0,0,227,0
TX903534,14,46.06,Suscripciones,0,0,3,2292,0
TX903535,2,25.84,Electrónica,1,0,4,418,0
TX903536,9,5.03,Suscripciones,0,0,2,1790,0
TX903537,1,19.74,Alimentación,0,1,2,384,0
TX903538,8,51.98,Alimentación,0,1,1,1400,0
TX903539,17,11.42,Restauración,1,0,3,2339,0
TX903540,16,44.48,Viajes,0,0,1,850,0
TX903541,0,11.18,Ropa,0,1,2,2433,0
TX903542,1,113.62,Viajes,0,0,0,2297,0
TX903543,0,22.69,Alimentación,0,1,3,1931,0
TX903544,1,69.01,Alimentación,0,0,3,871,0
TX903545,16,45.71,Ropa,0,0,2,1590,0
TX903546,17,166.72,Ropa,0,0,1,1520,0
TX903547,7,80.66,Restauración,0,0,1,2379,0
TX903548,17,34.0,Viajes,0,0,0,1816,0
TX903549,0,19.41,Restauración,1,1,4,1334,0
TX903550,4,7.36,Electrónica,0,0,2,1139,0
TX903551,23,6.19,Retirada de efectivo,0,0,3,2321,0
TX903552,9,10.17,Retirada de efectivo,0,0,1,1891,0
TX903553,6,5.44,Alimentación,0,0,3,2017,0
TX903554,18,12.37,Ropa,1,0,2,358,0
TX903555,1,11.37,Retirada de efectivo,0,0,2,1559,0
TX903556,1,56.68,Suscripciones,0,0,0,2581,0
TX903557,5,61.5,Suscripciones,0,0,1,2527,0
TX903558,10,6.18,Restauración,0,0,3,1096,0
TX903559,19,3.61,Viajes,0,0,4,2157,0
TX903560,12,12.25,Suscripciones,0,0,1,1775,0
TX903561,21,34.0,Viajes,0,1,3,2121,0
TX903562,16,2.67,Retirada de efectivo,0,0,4,1820,0
TX903563,23,255.29,Ropa,0,0,0,121,0
TX903564,15,36.66,Ropa,0,0,1,1293,0
TX903565,16,18.85,Electrónica,0,1,0,1857,0
TX903566,2,6.45,Electrónica,0,0,1,828,0
TX903567,0,60.02,Retirada de efectivo,1,0,5,1543,0
TX903568,12,13.15,Viajes,0,0,0,616,0
TX903569,6,4.16,Alimentación,0,0,4,1753,0
TX903570,20,14.36,Electrónica,0,1,0,979,0
TX903571,5,39.63,Ropa,0,0,4,57,0
TX903572,17,33.78,Suscripciones,0,0,2,509,0
TX903573,0,91.98,Retirada de efectivo,0,0,2,1155,0
TX903574,6,13.35,Suscripciones,0,0,1,473,0
TX903575,3,12.52,Electrónica,0,0,2,1408,0
TX903576,5,19.51,Suscripciones,0,0,2,2037,0
TX903577,19,12.26,Retirada de efectivo,0,0,4,960,0
TX903578,15,36.23,Viajes,0,0,2,2225,0
TX903579,5,10.21,Alimentación,0,0,0,133,0
TX903580,9,9.29,Retirada de efectivo,0,1,1,917,0
TX903581,19,25.45,Ropa,0,0,7,1738,0
TX903582,4,34.58,Retirada de efectivo,0,0,1,1051,0
TX903583,8,7.69,Electrónica,0,0,2,487,0
TX903584,0,20.89,Alimentación,0,0,3,1433,0
TX903585,5,83.72,Alimentación,0,1,1,1350,0
TX903586,21,325.67,Alimentación,0,0,2,1314,0
TX903587,17,77.82,Retirada de efectivo,0,0,2,2521,0
TX903588,20,19.12,Electrónica,0,0,3,1601,0
TX903589,0,17.79,Retirada de efectivo,0,0,3,1082,0
TX903590,20,55.79,Electrónica,1,0,2,1273,0
TX903591,12,37.54,Retirada de efectivo,0,0,2,1206,0
TX903592,12,23.55,Restauración,0,1,0,868,0
TX903593,15,4.03,Viajes,0,0,3,289,0
TX903594,4,35.46,Retirada de efectivo,0,1,1,1474,0
TX903595,17,30.47,Retirada de efectivo,0,0,2,928,0
TX903596,11,15.1,Viajes,0,0,3,1016,0
TX903597,2,52.86,Ropa,0,0,0,305,0
TX903598,10,57.85,Electrónica,0,0,3,2134,0
TX903599,4,6.84,Suscripciones,0,1,2,890,0
TX903600,15,43.44,Restauración,0,0,1,588,0
TX903601,23,97.04,Viajes,0,0,0,2195,0
TX903602,23,41.24,Suscripciones,0,0,4,1350,0
TX903603,18,53.16,Suscripciones,0,0,2,2595,0
TX903604,4,11.69,Suscripciones,0,0,2,2090,0
TX903605,7,16.22,Restauración,0,1,3,2040,0
TX903606,17,33.96,Suscripciones,0,0,5,148,0
TX903607,17,32.65,Viajes,0,0,4,694,0
TX903608,11,7.22,Retirada de efectivo,1,0,2,2382,0
TX903609,6,33.3,Retirada de efectivo,0,0,1,2373,0
TX903610,18,30.82,Viajes,0,0,2,645,0
TX903611,15,7.87,Ropa,0,0,2,1641,0
TX903612,3,45.42,Alimentación,0,0,3,2532,0
TX903613,0,10.55,Retirada de efectivo,0,0,2,2282,0
TX903614,10,30.36,Suscripciones,0,0,1,152,0
TX903615,9,10.43,Retirada de efectivo,0,0,4,175,0
TX903616,8,17.14,Electrónica,0,0,2,1147,0
TX903617,3,18.23,Ropa,0,0,1,1974,0
TX903618,10,25.56,Ropa,0,0,3,1388,0
TX903619,7,3.42,Viajes,0,0,4,1860,0
TX903620,21,42.6,Viajes,0,0,1,751,0
TX903621,5,70.93,Viajes,0,0,3,967,0
TX903622,13,4.7,Retirada de efectivo,0,0,2,2185,0
TX903623,5,104.3,Retirada de efectivo,0,0,3,575,0
TX903624,13,149.6,Suscripciones,0,0,0,356,0
TX903625,3,2.0,Viajes,0,0,0,1164,0
TX903626,1,4.53,Suscripciones,0,0,2,438,0
TX903627,11,146.29,Viajes,0,0,3,1030,0
TX903628,11,12.75,Ropa,0,0,1,189,0
TX903629,12,7.15,Alimentación,0,0,3,2356,0
TX903630,16,45.39,Electrónica,0,0,5,538,0
TX903631,6,8.04,Suscripciones,0,0,4,1031,0
TX903632,7,30.54,Restauración,0,0,2,1670,0
TX903633,6,143.14,Ropa,0,0,2,118,0
TX903634,22,3.85,Retirada de efectivo,0,0,1,571,0
TX903635,5,28.77,Alimentación,0,0,0,2569,0
TX903636,19,6.74,Suscripciones,0,0,2,403,0
TX903637,7,82.17,Alimentación,0,0,2,1804,0
TX903638,23,26.52,Electrónica,0,0,1,143,0
TX903639,10,43.51,Electrónica,0,0,1,1505,0
TX903640,8,16.81,Viajes,0,0,4,739,0
TX903641,23,97.85,Restauración,0,0,1,1644,0
TX903642,12,6.08,Ropa,0,0,3,816,0
TX903643,2,64.74,Suscripciones,0,0,2,925,0
TX903644,15,143.37,Alimentación,0,0,2,2196,0
TX903645,3,102.28,Retirada de efectivo,0,0,1,524,0
TX903646,9,112.44,Viajes,1,0,4,293,0
TX903647,21,13.28,Ropa,1,0,3,2269,0
TX903648,5,37.04,Electrónica,0,0,2,2131,0
TX903649,6,239.98,Alimentación,0,0,3,1495,0
TX903650,7,102.79,Restauración,0,0,0,1091,0
TX903651,16,75.78,Alimentación,0,0,2,1812,0
TX903652,15,40.17,Electrónica,0,0,2,969,0
TX903653,2,4.85,Retirada de efectivo,0,0,1,1206,0
TX903654,3,2.44,Suscripciones,1,1,2,1430,0
TX903655,19,72.01,Viajes,0,0,2,1947,0
TX903656,5,15.35,Restauración,0,0,2,2332,0
TX903657,18,65.73,Suscripciones,0,0,5,2036,0
TX903658,16,18.25,Ropa,1,1,2,2389,0
TX903659,1,18.16,Retirada de efectivo,0,0,6,1848,0
TX903660,2,7.79,Restauración,0,1,0,2288,0
TX903661,18,5.11,Ropa,0,0,1,915,0
TX903662,1,361.5,Electrónica,0,0,3,1862,0
TX903663,19,18.54,Ropa,0,1,4,1066,0
TX903664,10,30.67,Retirada de efectivo,0,0,2,1486,0
TX903665,8,124.89,Alimentación,0,0,6,1893,0
TX903666,13,112.82,Restauración,0,0,1,1877,0
TX903667,23,15.12,Electrónica,0,0,3,670,0
TX903668,7,20.28,Retirada de efectivo,0,0,1,335,0
TX903669,13,15.27,Retirada de efectivo,0,0,2,2540,0
TX903670,4,19.28,Alimentación,0,1,3,204,0
TX903671,20,31.33,Electrónica,0,0,1,650,0
TX903672,17,32.51,Retirada de efectivo,0,0,2,1064,0
TX903673,7,73.34,Retirada de efectivo,0,0,3,1272,0
TX903674,20,12.28,Viajes,0,1,2,915,0
TX903675,11,11.35,Electrónica,0,0,2,206,0
TX903676,23,11.64,Ropa,0,0,5,1765,0
TX903677,20,81.13,Electrónica,0,0,2,1971,0
TX903678,9,26.75,Electrónica,0,0,3,1706,0
TX903679,5,148.55,Retirada de efectivo,0,1,3,166,0
TX903680,2,32.14,Restauración,0,0,0,73,0
TX903681,18,77.02,Restauración,0,0,1,365,0
TX903682,17,83.13,Ropa,0,1,1,2075,0
TX903683,7,21.34,Retirada de efectivo,0,0,4,448,0
TX903684,23,29.62,Alimentación,0,0,4,1117,0
TX903685,16,12.1,Alimentación,0,0,4,2289,0
TX903686,6,12.11,Suscripciones,0,0,1,1422,0
TX903687,16,21.18,Viajes,0,0,1,2052,0
TX903688,6,41.34,Retirada de efectivo,0,0,1,2174,0
TX903689,22,16.27,Alimentación,0,1,1,819,0
TX903690,3,23.33,Alimentación,0,0,8,2469,0
TX903691,14,9.16,Alimentación,0,0,1,1155,0
TX903692,0,60.98,Restauración,0,0,4,1719,0
TX903693,8,8.99,Suscripciones,0,0,2,2454,0
TX903694,20,99.16,Suscripciones,0,0,2,759,0
TX903695,2,11.9,Suscripciones,0,0,4,2334,0
TX903696,14,45.04,Electrónica,0,1,4,1835,0
TX903697,10,20.96,Electrónica,0,1,1,1393,0
TX903698,0,16.26,Ropa,0,0,4,2127,0
TX903699,21,19.32,Electrónica,0,0,1,1928,0
TX903700,4,48.18,Restauración,0,0,2,807,0
TX903701,12,8.78,Viajes,0,0,3,1838,0
TX903702,2,15.25,Restauración,0,0,3,54,0
TX903703,7,280.45,Retirada de efectivo,0,1,1,2146,0
TX903704,4,231.66,Alimentación,0,0,3,1181,0
TX903705,15,45.35,Alimentación,0,0,1,115,0
TX903706,3,21.42,Viajes,0,1,4,949,0
TX903707,3,69.37,Alimentación,0,0,3,2482,0
TX903708,8,11.94,Retirada de efectivo,0,1,3,1977,0
TX903709,18,155.94,Electrónica,0,0,1,1382,0
TX903710,16,207.64,Electrónica,0,0,2,1510,0
TX903711,9,75.5,Ropa,0,0,2,2116,0
TX903712,6,24.42,Restauración,0,1,1,399,0
TX903713,13,8.96,Viajes,0,0,2,1563,0
TX903714,9,6.84,Retirada de efectivo,0,0,2,531,0
TX903715,16,60.25,Alimentación,0,0,1,607,0
TX903716,2,36.73,Ropa,0,0,5,1587,0
TX903717,8,75.04,Ropa,0,0,4,1747,0
TX903718,2,44.2,Restauración,0,0,2,1910,0
TX903719,16,231.03,Retirada de efectivo,0,0,1,1465,0
TX903720,9,51.84,Alimentación,0,1,2,1592,0
TX903721,0,9.67,Restauración,0,0,1,685,0
TX903722,11,13.82,Viajes,0,0,2,1033,0
TX903723,14,135.98,Viajes,0,0,4,2147,0
TX903724,17,32.58,Viajes,1,0,1,1798,0
TX903725,4,34.94,Alimentación,0,1,1,183,0
TX903726,4,5.99,Alimentación,0,0,1,2439,0
TX903727,15,12.87,Retirada de efectivo,1,0,4,2402,0
TX903728,8,234.87,Viajes,0,0,4,1873,0
TX903729,10,56.79,Ropa,0,0,1,2029,0
TX903730,13,62.44,Alimentación,0,1,2,2260,0
TX903731,10,11.69,Retirada de efectivo,0,0,0,645,0
TX903732,17,9.01,Alimentación,0,1,2,2495,0
TX903733,5,19.69,Alimentación,0,0,7,2028,0
TX903734,18,38.05,Ropa,0,1,3,1834,0
TX903735,2,11.55,Suscripciones,0,0,0,1461,0
TX903736,19,21.07,Retirada de efectivo,0,0,1,2054,0
TX903737,4,31.05,Retirada de efectivo,0,0,2,2032,0
TX903738,21,3.74,Ropa,0,0,2,318,0
TX903739,12,50.69,Alimentación,0,0,2,840,0
TX903740,13,7.77,Retirada de efectivo,0,0,5,2228,0
TX903741,18,79.02,Alimentación,0,0,2,1542,0
TX903742,1,12.39,Retirada de efectivo,0,0,5,1022,1
TX903743,13,5.42,Viajes,0,0,1,622,0
TX903744,13,5.45,Electrónica,0,0,0,1329,0
TX903745,1,4.54,Viajes,0,0,2,676,0
TX903746,1,6.51,Ropa,0,0,2,832,0
TX903747,7,13.51,Viajes,0,0,0,498,0
TX903748,15,69.25,Suscripciones,0,0,1,507,0
TX903749,12,2.0,Suscripciones,0,0,0,16,0
TX903750,5,8.0,Suscripciones,0,0,1,2350,0
TX903751,22,259.74,Electrónica,1,1,2,1777,0
TX903752,10,14.32,Suscripciones,0,0,1,2512,0
TX903753,3,43.79,Retirada de efectivo,1,0,5,459,0
TX903754,13,43.08,Ropa,0,0,2,1746,0
TX903755,21,11.28,Retirada de efectivo,0,1,0,849,0
TX903756,21,14.44,Electrónica,0,0,0,270,0
TX903757,14,77.04,Suscripciones,0,0,2,2287,0
TX903758,0,128.33,Viajes,1,0,1,1057,0
TX903759,22,4.31,Ropa,0,0,1,2571,0
TX903760,6,87.85,Restauración,0,0,2,687,0
TX903761,22,3.2,Suscripciones,1,1,6,1090,0
TX903762,2,71.56,Electrónica,1,1,3,2193,0
TX903763,18,83.0,Restauración,0,0,3,1789,0
TX903764,17,34.81,Alimentación,0,0,2,1493,0
TX903765,18,21.7,Suscripciones,0,0,4,938,0
TX903766,12,131.0,Suscripciones,0,0,1,649,0
TX903767,20,14.67,Restauración,0,0,2,2516,0
TX903768,8,34.32,Alimentación,0,0,1,1593,0
TX903769,8,11.87,Alimentación,0,0,4,510,0
TX903770,4,117.32,Restauración,0,0,1,1705,0
TX903771,1,24.89,Electrónica,0,0,5,610,0
TX903772,19,51.69,Viajes,0,1,5,1591,0
TX903773,23,2.02,Alimentación,0,0,3,319,0
TX903774,17,14.67,Electrónica,0,0,6,1555,0
TX903775,8,9.74,Electrónica,0,1,4,2133,0
TX903776,2,9.06,Viajes,0,0,1,554,0
TX903777,1,56.76,Alimentación,0,0,2,2179,0
TX903778,11,8.01,Electrónica,0,1,3,404,0
TX903779,4,24.73,Viajes,0,0,5,126,0
TX903780,19,262.56,Suscripciones,0,0,1,821,0
TX903781,3,22.02,Viajes,0,0,3,2419,0
TX903782,1,5.22,Retirada de efectivo,1,0,1,113,0
TX903783,15,84.28,Alimentación,1,0,4,394,1
TX903784,15,14.58,Ropa,0,0,4,479,0
TX903785,12,20.26,Electrónica,1,0,4,645,0
TX903786,15,5.32,Alimentación,0,0,3,2514,0
TX903787,19,116.78,Ropa,0,1,1,2590,0
TX903788,11,91.22,Restauración,0,0,2,109,0
TX903789,8,58.31,Alimentación,0,0,1,1311,0
TX903790,12,122.24,Alimentación,0,0,1,1709,0
TX903791,3,42.22,Ropa,0,0,1,1425,0
TX903792,23,8.59,Ropa,0,0,5,1068,0
TX903793,8,8.07,Electrónica,0,0,3,469,0
TX903794,21,23.9,Retirada de efectivo,0,0,0,468,0
TX903795,5,26.81,Retirada de efectivo,0,0,1,1801,0
TX903796,8,22.59,Suscripciones,0,0,1,1565,0
TX903797,21,2.6,Retirada de efectivo,0,1,5,1395,0
TX903798,9,34.43,Viajes,0,1,1,1192,0
TX903799,4,5.15,Alimentación,0,1,3,365,0
TX903800,0,63.44,Retirada de efectivo,0,0,2,2273,0
TX903801,15,6.08,Viajes,0,1,2,1137,0
TX903802,7,73.09,Suscripciones,0,0,2,1342,0
TX903803,9,30.64,Retirada de efectivo,0,0,1,56,0
TX903804,5,9.26,Viajes,0,0,3,395,0
TX903805,5,41.22,Viajes,0,0,4,971,0
TX903806,23,114.69,Viajes,0,0,2,1945,0
TX903807,3,34.9,Ropa,0,0,1,1717,0
TX903808,20,7.66,Ropa,0,0,3,2569,0
TX903809,22,14.89,Viajes,0,1,5,1431,0
TX903810,7,15.97,Restauración,1,0,1,2137,0
TX903811,18,10.45,Viajes,0,0,5,1091,0
TX903812,7,3.64,Restauración,0,0,2,617,0
TX903813,20,197.29,Alimentación,0,0,2,1111,0
TX903814,15,10.89,Electrónica,0,0,2,731,0
TX903815,15,3.68,Ropa,0,0,3,2378,0
TX903816,11,5.92,Viajes,0,0,1,100,0
TX903817,3,9.9,Retirada de efectivo,0,0,2,761,0
TX903818,23,2.0,Retirada de efectivo,0,0,2,1164,0
TX903819,16,56.96,Alimentación,0,0,1,907,0
TX903820,0,45.69,Suscripciones,0,0,7,952,0
TX903821,14,30.55,Retirada de efectivo,0,0,1,2431,0
TX903822,17,6.14,Viajes,0,0,1,2030,0
TX903823,13,58.82,Restauración,0,0,2,2026,0
TX903824,14,17.31,Suscripciones,0,0,2,128,0
TX903825,0,109.35,Viajes,0,0,4,2140,0
TX903826,14,2.3,Suscripciones,0,0,3,709,0
TX903827,6,8.74,Restauración,0,0,4,1548,0
TX903828,20,7.34,Ropa,0,0,0,303,0
TX903829,22,6.07,Viajes,0,0,1,1263,0
TX903830,19,43.01,Suscripciones,0,0,0,974,0
TX903831,10,90.66,Restauración,0,0,4,774,0
TX903832,5,56.15,Suscripciones,0,0,5,1020,0
TX903833,23,24.7,Viajes,0,0,3,1845,0
TX903834,19,32.63,Suscripciones,0,1,3,1067,0
TX903835,9,44.69,Suscripciones,0,0,2,477,0
TX903836,10,9.06,Viajes,0,0,3,2320,0
TX903837,15,30.29,Suscripciones,1,1,3,850,0
TX903838,5,20.81,Retirada de efectivo,0,0,3,1262,0
TX903839,21,3.62,Restauración,0,0,3,1810,0
TX903840,23,276.34,Restauración,0,1,1,1630,0
TX903841,6,36.97,Suscripciones,0,1,1,75,1
TX903842,12,7.97,Alimentación,1,0,3,559,0
TX903843,7,14.69,Suscripciones,0,1,2,465,0
TX903844,14,42.96,Retirada de efectivo,0,0,1,577,0
TX903845,11,32.52,Alimentación,0,0,3,1896,0
TX903846,22,20.31,Viajes,0,0,1,2060,0
TX903847,13,126.25,Alimentación,0,1,3,1198,0
TX903848,16,17.17,Electrónica,0,0,4,188,0
TX903849,7,57.84,Restauración,0,0,3,1906,0
TX903850,7,76.53,Restauración,1,0,4,2397,0
TX903851,0,66.85,Restauración,1,1,2,2545,1
TX903852,4,17.21,Ropa,0,0,1,2497,0
TX903853,2,5.85,Electrónica,1,0,3,1091,0
TX903854,21,2.13,Viajes,0,0,3,91,0
TX903855,10,25.05,Alimentación,0,0,2,1690,0
TX903856,9,31.86,Retirada de efectivo,0,0,1,645,0
TX903857,14,10.7,Electrónica,0,0,4,2583,0
TX903858,12,27.55,Restauración,0,0,1,39,0
TX903859,22,71.86,Restauración,0,0,2,809,0
TX903860,12,7.61,Electrónica,0,1,2,1061,0
TX903861,3,10.78,Retirada de efectivo,0,0,3,619,0
TX903862,11,4.03,Retirada de efectivo,0,0,5,2078,0
TX903863,19,14.34,Restauración,0,0,2,1189,0
TX903864,16,47.39,Retirada de efectivo,0,0,1,560,0
TX903865,13,14.69,Ropa,0,0,4,1564,0
TX903866,7,21.12,Suscripciones,0,1,4,1118,0
TX903867,22,6.47,Electrónica,0,0,3,2155,0
TX903868,3,109.39,Viajes,0,1,3,351,1
TX903869,5,63.16,Retirada de efectivo,0,0,2,1526,0
TX903870,2,7.81,Suscripciones,0,0,0,402,0
TX903871,15,28.29,Ropa,0,0,2,551,0
TX903872,16,41.34,Suscripciones,0,0,1,660,0
TX903873,15,216.54,Restauración,0,0,3,2190,0
TX903874,22,62.78,Ropa,0,1,1,1011,0
TX903875,18,87.04,Viajes,0,0,1,1054,0
TX903876,3,22.45,Electrónica,1,0,3,290,0
TX903877,9,25.18,Ropa,0,0,3,539,0
TX903878,2,33.93,Restauración,0,1,5,303,1
TX903879,6,15.58,Alimentación,0,0,2,189,0
TX903880,6,81.22,Viajes,0,0,3,375,0
TX903881,13,17.83,Restauración,0,0,3,2475,0
TX903882,9,39.38,Suscripciones,0,0,2,1780,0
TX903883,12,5.86,Viajes,0,0,1,101,0
TX903884,19,8.61,Restauración,0,1,3,1426,0
TX903885,21,12.15,Ropa,0,0,5,874,0
TX903886,17,38.08,Ropa,0,0,4,2246,0
TX903887,23,86.8,Electrónica,0,1,5,500,0
TX903888,10,6.22,Retirada de efectivo,0,0,4,1628,0
TX903889,22,12.92,Retirada de efectivo,0,0,3,577,0
TX903890,12,33.98,Retirada de efectivo,0,0,2,2360,0
TX903891,18,34.93,Ropa,0,0,4,2032,0
TX903892,22,124.93,Electrónica,0,0,3,1628,0
TX903893,17,46.78,Suscripciones,0,0,3,129,0
TX903894,14,28.27,Alimentación,0,0,4,2142,0
TX903895,6,26.88,Electrónica,0,0,0,2020,0
TX903896,8,56.58,Retirada de efectivo,1,0,3,1182,0
TX903897,7,705.78,Ropa,1,0,2,1490,0
TX903898,12,60.23,Ropa,0,0,5,1749,0
TX903899,13,108.92,Restauración,0,0,3,445,0
TX903900,20,78.6,Restauración,0,0,2,2437,0
TX903901,1,26.7,Viajes,0,0,0,69,0
TX903902,4,3.23,Restauración,0,0,4,74,0
TX903903,22,15.78,Electrónica,0,0,2,2071,0
TX903904,10,27.06,Restauración,0,0,0,57,0
TX903905,21,45.67,Alimentación,0,0,3,1054,0
TX903906,10,57.31,Suscripciones,0,0,3,892,0
TX903907,11,53.66,Retirada de efectivo,1,0,3,10,0
TX903908,2,2.0,Suscripciones,0,0,3,1747,0
TX903909,13,22.91,Retirada de efectivo,1,0,4,1733,1
TX903910,20,18.44,Suscripciones,0,0,5,530,0
TX903911,15,7.35,Alimentación,1,0,3,1267,0
TX903912,11,33.48,Electrónica,0,0,1,1391,0
TX903913,16,40.92,Retirada de efectivo,0,0,3,820,0
TX903914,5,9.9,Restauración,0,0,0,1405,0
TX903915,7,65.38,Restauración,0,0,3,2243,0
TX903916,11,4.32,Suscripciones,1,1,7,1056,0
TX903917,0,9.48,Electrónica,0,0,2,1552,0
TX903918,1,64.37,Suscripciones,0,0,1,1196,0
TX903919,19,53.4,Restauración,0,0,3,2163,0
TX903920,5,62.32,Electrónica,0,0,1,1304,0
TX903921,16,40.69,Suscripciones,0,0,1,1143,0
TX903922,0,22.79,Viajes,0,0,2,2440,0
TX903923,5,10.96,Viajes,0,0,4,1675,0
TX903924,1,18.91,Viajes,0,1,4,1952,0
TX903925,9,180.31,Restauración,0,0,2,2273,0
TX903926,11,198.48,Suscripciones,0,0,2,1469,0
TX903927,2,17.55,Electrónica,0,0,3,2098,0
TX903928,19,177.13,Suscripciones,0,0,0,1969,0
TX903929,4,470.72,Ropa,0,0,4,2307,0
TX903930,6,5.7,Suscripciones,0,0,2,2549,0
TX903931,20,22.86,Electrónica,0,0,3,1857,0
TX903932,17,8.39,Viajes,0,0,4,910,0
TX903933,23,179.85,Restauración,0,0,5,190,0
TX903934,6,8.26,Suscripciones,0,0,0,2427,0
TX903935,1,18.01,Retirada de efectivo,0,1,0,500,0
TX903936,17,35.46,Retirada de efectivo,0,1,2,2422,0
TX903937,12,23.11,Suscripciones,1,0,2,1920,0
TX903938,19,7.47,Ropa,0,0,1,615,0
TX903939,22,10.45,Retirada de efectivo,1,0,5,1979,0
TX903940,1,11.78,Alimentación,0,0,1,2524,0
TX903941,18,6.7,Ropa,0,0,0,2318,0
TX903942,18,50.63,Restauración,0,0,3,1985,0
TX903943,12,45.67,Alimentación,0,0,2,1699,0
TX903944,19,15.81,Electrónica,0,0,1,1546,0
TX903945,22,17.93,Alimentación,0,1,3,1323,0
TX903946,21,14.7,Electrónica,0,1,1,925,0
TX903947,13,5.4,Viajes,1,0,1,1445,0
TX903948,4,24.89,Electrónica,0,0,3,2334,0
TX903949,23,41.72,Retirada de efectivo,0,0,4,1922,0
TX903950,20,5.22,Retirada de efectivo,0,0,2,1616,0
TX903951,4,10.21,Electrónica,0,1,1,269,0
TX903952,5,122.89,Restauración,0,0,0,1786,0
TX903953,0,52.34,Viajes,0,0,6,2293,0
TX903954,14,24.42,Viajes,0,0,2,1473,0
TX903955,6,27.02,Retirada de efectivo,0,0,3,2216,0
TX903956,3,20.16,Alimentación,0,0,1,2598,0
TX903957,18,74.5,Restauración,0,0,3,699,0
TX903958,17,12.17,Electrónica,0,0,0,1266,0
TX903959,1,13.48,Restauración,0,1,5,533,0
TX903960,6,17.65,Viajes,0,0,3,818,0
TX903961,18,34.96,Electrónica,0,0,4,2268,0
TX903962,3,128.28,Retirada de efectivo,0,0,1,367,0
TX903963,14,3.45,Suscripciones,0,0,4,182,0
TX903964,11,22.76,Electrónica,0,0,1,1312,0
TX903965,11,8.04,Alimentación,0,0,1,293,0
TX903966,4,67.62,Suscripciones,0,0,2,722,0
TX903967,16,7.83,Suscripciones,0,0,2,2131,0
TX903968,0,127.85,Viajes,0,0,2,374,0
TX903969,6,43.01,Electrónica,0,0,1,2576,0
TX903970,12,129.79,Ropa,0,0,2,2050,0
TX903971,21,23.52,Ropa,0,0,0,368,0
TX903972,18,14.03,Suscripciones,0,0,3,2378,0
TX903973,9,40.79,Viajes,0,0,2,2591,0
TX903974,16,22.53,Restauración,0,0,2,2298,0
TX903975,0,23.62,Alimentación,0,0,2,1095,0
TX903976,6,110.09,Viajes,0,0,2,1441,0
TX903977,1,8.42,Retirada de efectivo,0,0,2,153,0
TX903978,6,43.66,Alimentación,0,0,0,459,0
TX903979,1,86.19,Electrónica,0,1,2,56,0
TX903980,15,16.61,Retirada de efectivo,0,0,0,701,0
TX903981,13,183.18,Retirada de efectivo,0,0,4,1324,0
TX903982,18,4.08,Restauración,0,0,0,1322,0
TX903983,9,16.75,Viajes,0,0,1,2482,0
TX903984,21,10.41,Alimentación,0,0,1,148,0
TX903985,13,3.06,Restauración,0,0,4,1120,0
TX903986,8,62.01,Electrónica,0,0,2,936,0
TX903987,9,114.25,Viajes,0,0,5,2125,0
TX903988,8,48.25,Ropa,0,0,3,1798,0
TX903989,23,70.76,Alimentación,0,0,5,873,0
TX903990,4,27.27,Suscripciones,0,0,3,2538,0
TX903991,18,4.88,Viajes,0,0,2,1928,0
TX903992,21,13.57,Suscripciones,0,1,4,5,0
TX903993,3,24.23,Viajes,0,1,3,313,0
TX903994,12,15.47,Restauración,0,0,2,873,0
TX903995,16,58.64,Electrónica,0,0,1,2222,0
TX903996,12,2.15,Alimentación,0,0,1,2154,0
TX903997,4,540.15,Suscripciones,0,0,1,2579,0
TX903998,14,11.93,Electrónica,0,0,4,2513,0
TX903999,19,75.66,Alimentación,0,0,1,1762,0
TX904000,17,24.21,Alimentación,0,0,3,111,0
TX904001,22,9.26,Electrónica,0,0,1,1813,0
TX904002,18,20.77,Restauración,0,0,3,643,0
TX904003,10,31.57,Ropa,0,0,3,1639,0
TX904004,20,443.31,Restauración,0,0,4,309,0
TX904005,12,11.3,Viajes,0,0,0,1008,0
TX904006,2,28.04,Viajes,0,0,4,2286,0
TX904007,22,10.74,Retirada de efectivo,0,1,1,1472,0
TX904008,22,48.53,Suscripciones,0,0,4,1785,0
TX904009,0,8.78,Viajes,1,0,2,11,0
TX904010,2,36.96,Viajes,0,0,0,2113,0
TX904011,16,9.06,Electrónica,0,0,1,1578,0
TX904012,8,28.09,Retirada de efectivo,0,0,0,683,0
TX904013,15,9.38,Alimentación,0,0,3,732,0
TX904014,5,31.72,Alimentación,0,0,1,2340,0
TX904015,6,7.38,Ropa,0,1,1,2384,0
TX904016,7,259.6,Retirada de efectivo,0,0,4,1852,0
TX904017,0,24.16,Restauración,0,0,1,1566,0
TX904018,3,2.5,Restauración,0,0,4,1530,0
TX904019,15,127.68,Retirada de efectivo,0,0,1,1347,0
TX904020,0,11.63,Alimentación,1,0,2,648,0
TX904021,12,135.43,Viajes,0,0,2,2056,0
TX904022,14,12.05,Suscripciones,0,1,2,1023,1
TX904023,2,4.68,Alimentación,1,0,1,2137,0
TX904024,5,15.5,Electrónica,0,0,5,1184,0
TX904025,7,29.26,Viajes,0,0,3,792,0
TX904026,1,4.53,Restauración,0,0,6,1234,0
TX904027,10,26.82,Retirada de efectivo,0,0,1,2506,0
TX904028,16,25.5,Electrónica,0,0,1,899,0
TX904029,17,6.77,Restauración,0,1,1,19,0
TX904030,2,4.51,Viajes,0,0,1,2254,0
TX904031,15,24.38,Restauración,0,0,2,1942,0
TX904032,20,91.93,Ropa,0,0,0,376,0
TX904033,5,16.87,Alimentación,0,0,2,1803,0
TX904034,22,47.0,Viajes,0,1,1,120,0
TX904035,12,20.0,Alimentación,0,0,3,1308,0
TX904036,12,30.25,Ropa,0,0,4,2510,0
TX904037,20,106.2,Restauración,0,0,1,1401,0
TX904038,1,24.86,Suscripciones,0,0,3,2153,0
TX904039,22,37.96,Alimentación,0,0,1,11,0
TX904040,16,3.57,Electrónica,0,0,4,2275,0
TX904041,0,8.1,Electrónica,0,0,0,741,0
TX904042,22,5.22,Electrónica,0,0,3,1404,0
TX904043,1,36.76,Electrónica,0,0,3,2200,0
TX904044,0,10.47,Viajes,1,0,3,2134,0
TX904045,17,50.96,Alimentación,0,0,1,288,0
TX904046,10,8.72,Suscripciones,0,0,0,2584,0
TX904047,21,11.81,Viajes,0,0,4,498,0
TX904048,2,59.82,Electrónica,0,0,0,1964,0
TX904049,20,25.82,Retirada de efectivo,0,1,5,65,1
TX904050,0,16.18,Suscripciones,0,0,3,2301,0
TX904051,22,28.95,Ropa,0,1,5,682,0
TX904052,23,51.36,Retirada de efectivo,0,0,1,1379,0
TX904053,13,7.62,Ropa,1,0,2,455,0
TX904054,16,11.59,Retirada de efectivo,0,0,3,484,0
TX904055,18,51.96,Retirada de efectivo,0,0,4,2236,0
TX904056,0,6.61,Viajes,0,0,3,385,0
TX904057,3,100.44,Restauración,0,0,1,2355,0
TX904058,2,22.72,Electrónica,0,0,2,736,0
TX904059,8,26.41,Retirada de efectivo,0,0,1,2532,0
TX904060,5,59.73,Viajes,0,0,1,2319,0
TX904061,9,26.91,Suscripciones,0,0,3,747,0
TX904062,10,4.67,Restauración,0,0,2,2480,0
TX904063,4,19.54,Suscripciones,1,0,1,2126,0
TX904064,5,31.4,Suscripciones,1,0,8,2312,0
TX904065,13,60.36,Viajes,0,0,2,1466,0
TX904066,8,6.43,Viajes,0,0,2,1576,0
TX904067,16,8.91,Viajes,0,0,3,1169,0
TX904068,8,5.49,Retirada de efectivo,0,0,2,850,0
TX904069,22,20.83,Retirada de efectivo,1,0,0,1120,1
TX904070,20,18.47,Electrónica,0,0,2,2133,0
TX904071,17,9.19,Retirada de efectivo,0,0,3,1098,0
TX904072,13,29.26,Alimentación,0,0,4,2436,0
TX904073,22,2.47,Suscripciones,0,0,2,379,0
TX904074,6,16.47,Suscripciones,0,0,1,991,0
TX904075,4,53.65,Viajes,0,0,5,1966,0
TX904076,10,49.27,Suscripciones,0,0,1,2419,0
TX904077,22,108.99,Restauración,0,1,0,262,0
TX904078,14,71.99,Electrónica,0,0,1,1176,0
TX904079,1,30.84,Restauración,0,1,3,2477,0
TX904080,0,5.99,Alimentación,0,0,4,1934,0
TX904081,16,14.27,Restauración,0,0,4,1662,0
TX904082,10,14.68,Restauración,0,0,3,2396,0
TX904083,1,98.41,Retirada de efectivo,0,0,0,795,0
TX904084,1,72.09,Ropa,0,0,1,1047,0
TX904085,2,8.09,Electrónica,0,0,0,63,0
TX904086,10,312.02,Electrónica,0,1,1,2259,0
TX904087,12,20.49,Electrónica,0,0,2,2339,0
TX904088,16,12.51,Ropa,0,0,3,1079,0
TX904089,3,13.12,Ropa,0,0,3,2538,0
TX904090,23,5.04,Retirada de efectivo,0,0,2,1420,0
TX904091,16,10.52,Restauración,0,0,0,1881,0
TX904092,21,179.76,Viajes,0,0,5,2150,0
TX904093,18,79.21,Ropa,0,0,2,2350,0
TX904094,9,30.67,Suscripciones,0,0,1,2300,0
TX904095,5,93.56,Viajes,0,0,2,461,0
TX904096,0,16.7,Suscripciones,0,0,1,2320,0
TX904097,3,42.5,Restauración,0,0,2,1575,0
TX904098,19,50.26,Electrónica,0,0,2,2499,0
TX904099,1,149.01,Ropa,0,0,2,2240,1
TX904100,6,59.03,Retirada de efectivo,1,0,4,2065,0
TX904101,9,5.17,Electrónica,0,0,5,1560,0
TX904102,14,108.74,Suscripciones,0,0,3,2577,0
TX904103,8,19.62,Retirada de efectivo,0,0,1,15,0
TX904104,7,12.27,Viajes,0,0,4,2060,0
TX904105,1,2.0,Viajes,0,1,2,789,0
TX904106,12,3.82,Electrónica,0,0,1,1698,0
TX904107,15,35.64,Alimentación,0,0,1,20,0
TX904108,5,12.31,Suscripciones,0,0,1,1939,0
TX904109,8,7.79,Ropa,0,0,1,2049,0
TX904110,20,32.76,Restauración,0,0,1,1853,0
TX904111,4,24.59,Retirada de efectivo,0,0,1,1612,0
TX904112,22,16.85,Alimentación,0,0,6,5,0
TX904113,3,2.6,Electrónica,0,0,2,2008,0
TX904114,23,12.81,Alimentación,0,0,0,139,0
TX904115,6,5.98,Suscripciones,0,1,1,1933,0
TX904116,14,36.4,Restauración,0,0,2,554,0
TX904117,18,11.9,Alimentación,0,1,3,2086,0
TX904118,2,9.95,Suscripciones,0,0,1,1250,0
TX904119,17,235.13,Viajes,0,0,1,946,0
TX904120,5,10.12,Ropa,0,0,1,2028,0
TX904121,13,41.54,Electrónica,1,0,3,1971,0
TX904122,9,3.05,Alimentación,0,0,3,1794,0
TX904123,5,28.83,Electrónica,0,1,3,903,0
TX904124,17,43.77,Suscripciones,0,0,0,647,0
TX904125,16,9.58,Viajes,0,0,5,2384,0
TX904126,3,21.14,Retirada de efectivo,0,0,2,2150,0
TX904127,2,23.48,Viajes,0,0,1,1050,0
TX904128,9,42.16,Alimentación,0,0,2,2173,0
TX904129,5,48.19,Retirada de efectivo,0,0,0,2086,0
TX904130,7,40.3,Retirada de efectivo,0,0,3,2393,0
TX904131,4,28.25,Viajes,0,0,2,145,0
TX904132,22,10.61,Retirada de efectivo,0,0,3,1146,0
TX904133,0,5.18,Electrónica,0,0,3,2404,0
TX904134,15,234.01,Electrónica,0,1,3,1420,0
TX904135,18,36.83,Electrónica,0,0,0,454,0
TX904136,7,7.13,Alimentación,0,0,2,2182,0
TX904137,8,161.53,Viajes,0,0,4,772,0
TX904138,6,5.89,Electrónica,0,0,0,2578,0
TX904139,13,23.43,Alimentación,0,0,0,1779,0
TX904140,22,16.8,Retirada de efectivo,0,1,2,1119,0
TX904141,21,56.01,Restauración,0,0,2,2065,0
TX904142,15,20.51,Retirada de efectivo,0,0,1,2537,0
TX904143,5,15.62,Ropa,0,1,1,1221,0
TX904144,14,63.06,Electrónica,0,0,1,2372,0
TX904145,10,8.16,Retirada de efectivo,0,0,2,1407,0
TX904146,2,10.9,Ropa,0,1,4,120,0
TX904147,8,14.81,Retirada de efectivo,0,0,2,913,0
TX904148,6,19.69,Electrónica,0,0,1,518,0
TX904149,12,2.24,Suscripciones,0,0,1,1094,0
TX904150,1,32.43,Viajes,0,0,2,559,0
TX904151,15,14.53,Suscripciones,0,0,0,1890,0
TX904152,5,262.02,Suscripciones,0,0,1,79,0
TX904153,20,3.7,Restauración,0,0,4,1402,0
TX904154,0,11.44,Restauración,0,0,5,1302,0
TX904155,18,4.03,Restauración,0,0,0,2431,0
TX904156,23,30.86,Restauración,0,0,0,197,0
TX904157,10,65.29,Restauración,1,0,1,91,0
TX904158,1,103.99,Alimentación,0,0,2,643,0
TX904159,14,78.61,Retirada de efectivo,0,0,1,877,0
TX904160,9,12.9,Retirada de efectivo,0,0,1,734,0
TX904161,21,27.38,Restauración,0,0,4,271,0
TX904162,10,8.43,Suscripciones,1,0,1,1552,0
TX904163,4,107.06,Restauración,0,0,3,504,0
TX904164,13,20.62,Viajes,0,0,1,2490,0
TX904165,2,120.82,Viajes,0,0,0,1262,0
TX904166,1,21.61,Suscripciones,0,0,3,172,0
TX904167,2,40.39,Suscripciones,0,0,1,934,0
TX904168,9,13.01,Suscripciones,0,0,2,1464,0
TX904169,19,31.64,Electrónica,0,1,3,1707,0
TX904170,13,57.8,Suscripciones,0,0,3,2412,0
TX904171,14,17.66,Suscripciones,0,0,0,741,0
TX904172,6,12.34,Suscripciones,0,0,3,2566,0
TX904173,3,20.03,Viajes,0,0,3,1714,0
TX904174,22,14.39,Suscripciones,0,0,7,686,0
TX904175,4,38.47,Suscripciones,0,0,1,1845,0
TX904176,13,196.91,Ropa,1,0,5,673,0
TX904177,10,3.14,Suscripciones,0,0,3,2085,0
TX904178,6,5.58,Retirada de efectivo,0,0,4,603,0
TX904179,12,25.1,Ropa,0,0,1,1961,0
TX904180,9,43.25,Electrónica,0,0,1,477,0
TX904181,21,5.38,Restauración,0,0,4,420,0
TX904182,23,77.78,Viajes,0,1,1,1357,0
TX904183,11,67.37,Ropa,0,0,2,478,0
TX904184,18,124.74,Viajes,0,0,4,691,0
TX904185,4,37.09,Electrónica,0,0,3,1355,0
TX904186,5,98.9,Retirada de efectivo,0,0,1,1270,0
TX904187,22,61.93,Viajes,0,1,4,1753,0
TX904188,17,131.62,Suscripciones,0,0,1,347,0
TX904189,15,13.71,Restauración,0,0,5,1880,0
TX904190,12,57.98,Alimentación,0,1,2,2192,0
TX904191,23,14.87,Alimentación,0,0,2,801,0
TX904192,5,23.18,Retirada de efectivo,0,1,0,661,0
TX904193,0,2.0,Restauración,0,0,2,1830,0
TX904194,2,17.26,Restauración,1,1,1,2039,0
TX904195,13,32.25,Alimentación,0,0,4,2166,0
TX904196,10,26.87,Alimentación,0,0,2,268,0
TX904197,0,43.67,Viajes,0,0,2,1858,0
TX904198,21,56.63,Retirada de efectivo,0,1,2,1246,0
TX904199,1,11.05,Electrónica,0,0,1,197,0
TX904200,2,133.34,Ropa,0,0,3,2231,0
TX904201,7,3.86,Ropa,0,0,3,810,0
TX904202,4,34.6,Ropa,0,1,1,187,1
TX904203,17,2.0,Ropa,0,0,4,2336,0
TX904204,8,116.92,Alimentación,0,0,5,1144,0
TX904205,15,11.26,Restauración,0,0,2,919,0
TX904206,8,155.59,Alimentación,0,0,3,1672,0
TX904207,20,3.01,Ropa,0,0,4,1424,0
TX904208,22,188.26,Electrónica,0,0,5,2012,0
TX904209,11,20.69,Suscripciones,0,0,0,2317,0
TX904210,3,14.4,Restauración,0,0,4,1639,0
TX904211,21,17.24,Alimentación,0,0,1,195,0
TX904212,6,111.68,Electrónica,0,0,4,914,0
TX904213,4,4.03,Ropa,0,0,3,1074,0
TX904214,20,51.73,Restauración,0,0,0,819,0
TX904215,4,72.28,Suscripciones,0,0,3,1146,0
TX904216,17,23.16,Alimentación,0,1,0,2041,0
TX904217,0,16.11,Ropa,0,0,3,1993,0
TX904218,5,22.33,Ropa,1,0,2,402,0
TX904219,7,15.29,Alimentación,0,0,1,1243,0
TX904220,1,7.38,Ropa,0,0,1,244,0
TX904221,8,45.76,Electrónica,1,0,2,1295,0
TX904222,7,53.69,Alimentación,0,0,3,706,0
TX904223,8,19.67,Alimentación,0,0,2,1673,0
TX904224,6,17.66,Alimentación,0,0,0,1832,0
TX904225,14,40.69,Ropa,0,0,1,1695,0
TX904226,11,27.76,Suscripciones,1,0,2,1787,0
TX904227,8,8.97,Retirada de efectivo,0,0,2,746,0
TX904228,23,2.6,Electrónica,0,1,1,1454,0
TX904229,11,19.55,Restauración,0,1,2,1138,0
TX904230,12,13.85,Retirada de efectivo,1,0,3,624,0
TX904231,21,6.29,Electrónica,0,0,2,1318,0
TX904232,19,78.89,Alimentación,0,0,5,703,0
TX904233,9,5.36,Ropa,0,0,2,2392,0
TX904234,3,10.24,Restauración,0,1,2,1520,0
TX904235,12,67.29,Ropa,0,0,2,527,0
TX904236,10,64.36,Retirada de efectivo,0,0,3,172,0
TX904237,4,3.14,Ropa,0,0,3,1905,0
TX904238,4,21.75,Restauración,0,0,0,2435,0
TX904239,4,11.08,Viajes,0,0,1,1849,0
TX904240,12,187.53,Electrónica,0,0,1,2428,0
TX904241,17,179.15,Alimentación,0,0,3,417,0
TX904242,14,11.43,Retirada de efectivo,0,1,5,181,0
TX904243,10,12.27,Alimentación,0,0,2,116,0
TX904244,0,26.44,Electrónica,0,0,3,2397,0
TX904245,18,78.42,Restauración,0,0,2,74,0
TX904246,20,48.5,Viajes,0,0,2,1074,0
TX904247,0,7.31,Alimentación,0,1,5,1069,0
TX904248,12,80.75,Suscripciones,0,0,3,1284,0
TX904249,6,17.04,Retirada de efectivo,1,0,6,209,0
TX904250,19,6.28,Electrónica,0,1,2,1314,0
TX904251,13,137.94,Retirada de efectivo,0,0,0,2078,0
TX904252,6,102.15,Viajes,0,0,3,1831,0
TX904253,18,7.1,Alimentación,0,0,4,2326,0
TX904254,1,52.94,Ropa,0,0,2,2544,0
TX904255,1,102.76,Restauración,0,0,1,242,0
TX904256,2,75.51,Restauración,0,0,6,1414,0
TX904257,23,12.7,Electrónica,0,0,3,2331,0
TX904258,4,7.84,Viajes,0,0,1,1405,0
TX904259,4,14.6,Electrónica,0,0,0,640,0
TX904260,20,12.53,Restauración,0,0,3,2446,0
TX904261,17,2.0,Restauración,0,0,2,925,0
TX904262,2,37.62,Retirada de efectivo,0,0,2,1694,0
TX904263,16,5.98,Ropa,0,0,5,1152,0
TX904264,10,16.17,Ropa,0,0,0,428,0
TX904265,13,61.27,Ropa,0,0,4,1710,0
TX904266,9,66.07,Retirada de efectivo,0,0,0,2468,0
TX904267,4,53.84,Suscripciones,0,1,1,995,0
TX904268,22,68.44,Electrónica,0,1,1,249,0
TX904269,7,64.74,Restauración,0,0,0,1111,0
TX904270,8,78.54,Electrónica,0,0,3,2510,0
TX904271,20,19.04,Alimentación,0,0,1,814,0
TX904272,2,18.95,Restauración,0,0,1,2244,0
TX904273,18,3.74,Viajes,0,0,1,230,0
TX904274,18,19.01,Suscripciones,0,0,2,501,0
TX904275,17,4.11,Ropa,0,0,1,2405,0
TX904276,4,8.36,Alimentación,0,0,4,337,0
TX904277,7,134.78,Retirada de efectivo,1,1,2,1585,0
TX904278,6,7.71,Ropa,0,0,3,1475,0
TX904279,1,35.99,Restauración,0,1,0,2471,0
TX904280,15,3.38,Viajes,0,0,5,2439,0
TX904281,14,124.82,Retirada de efectivo,0,0,3,424,0
TX904282,2,120.5,Ropa,0,0,1,1233,0
TX904283,14,4.3,Ropa,0,0,1,1653,0
TX904284,3,84.72,Alimentación,0,0,1,1750,0
TX904285,8,11.01,Electrónica,0,0,1,2337,0
TX904286,19,7.21,Electrónica,0,0,2,457,0
TX904287,7,15.72,Restauración,0,1,3,2167,0
TX904288,8,21.42,Alimentación,0,0,0,130,0
TX904289,9,111.88,Retirada de efectivo,0,0,1,1644,0
TX904290,1,17.86,Retirada de efectivo,0,0,2,1041,0
TX904291,13,43.1,Retirada de efectivo,0,0,0,2165,0
TX904292,22,31.22,Ropa,1,0,0,401,0
TX904293,9,11.69,Restauración,0,0,3,1758,0
TX904294,21,7.75,Viajes,0,0,3,107,0
TX904295,18,67.06,Electrónica,1,1,2,1615,1
TX904296,16,337.69,Suscripciones,0,0,1,29,0
TX904297,1,16.98,Viajes,0,0,2,1894,0
TX904298,13,8.39,Viajes,0,0,3,1097,0
TX904299,22,21.16,Alimentación,0,0,2,420,0
TX904300,1,80.48,Ropa,0,0,3,975,0
TX904301,12,14.74,Ropa,0,0,5,403,0
TX904302,7,8.47,Suscripciones,1,0,4,1798,0
TX904303,17,16.99,Electrónica,0,1,6,1146,0
TX904304,4,20.9,Viajes,0,0,5,1668,0
TX904305,17,21.49,Restauración,0,0,1,2208,0
TX904306,2,80.25,Restauración,0,0,0,1609,0
TX904307,21,57.23,Retirada de efectivo,1,0,3,2462,0
TX904308,16,28.13,Suscripciones,0,0,0,1618,0
TX904309,15,3.37,Restauración,1,0,2,919,0
TX904310,23,2.0,Restauración,0,0,2,549,0
TX904311,7,21.09,Retirada de efectivo,0,1,3,409,0
TX904312,6,22.77,Alimentación,0,0,3,2178,0
TX904313,5,57.35,Ropa,0,0,1,2341,0
TX904314,7,171.2,Alimentación,0,0,2,50,0
TX904315,2,18.03,Retirada de efectivo,0,0,2,1162,0
TX904316,13,12.53,Suscripciones,0,0,0,845,0
TX904317,14,5.23,Electrónica,1,0,1,1771,0
TX904318,3,88.9,Ropa,0,0,2,382,0
TX904319,17,14.2,Restauración,0,0,0,2148,0
TX904320,17,19.91,Electrónica,0,0,2,1929,0
TX904321,5,54.52,Restauración,0,1,2,2285,0
TX904322,13,6.13,Alimentación,0,0,3,1297,0
TX904323,8,8.41,Viajes,0,0,2,575,0
TX904324,23,13.61,Viajes,0,0,3,480,0
TX904325,11,6.71,Suscripciones,0,0,4,992,0
TX904326,16,4.61,Viajes,0,0,2,534,0
TX904327,2,29.5,Alimentación,0,0,0,332,0
TX904328,11,38.13,Restauración,1,0,2,1118,0
TX904329,19,45.45,Electrónica,0,0,2,2046,0
TX904330,0,76.33,Viajes,1,0,3,591,0
TX904331,4,85.32,Viajes,1,1,1,1726,0
TX904332,16,20.01,Suscripciones,0,0,2,685,0
TX904333,19,32.89,Restauración,0,1,1,2004,0
TX904334,12,57.33,Restauración,0,0,4,2306,0
TX904335,8,29.57,Restauración,0,0,2,1216,0
TX904336,1,72.82,Viajes,0,0,4,961,0
TX904337,7,9.55,Alimentación,0,0,1,232,0
TX904338,6,29.15,Electrónica,1,0,6,398,0
TX904339,11,192.56,Restauración,1,0,1,1234,0
TX904340,9,9.8,Viajes,0,0,0,909,0
TX904341,8,9.1,Viajes,0,0,2,777,0
TX904342,16,19.51,Ropa,0,0,2,2352,0
TX904343,3,49.23,Ropa,0,0,5,2376,0
TX904344,17,2.2,Alimentación,0,1,4,880,0
TX904345,5,4.86,Restauración,1,0,1,2025,0
TX904346,21,184.32,Ropa,1,1,2,1253,0
TX904347,19,145.47,Restauración,0,0,1,1243,0
TX904348,0,53.94,Ropa,0,1,1,282,0
TX904349,2,65.21,Ropa,0,0,4,2325,0
TX904350,13,20.16,Alimentación,1,0,3,188,0
TX904351,0,21.46,Alimentación,0,0,4,232,0
TX904352,19,18.93,Suscripciones,0,1,2,1058,0
TX904353,7,9.14,Ropa,0,0,2,2068,0
TX904354,20,6.84,Ropa,0,0,5,85,0
TX904355,18,34.89,Retirada de efectivo,0,0,6,26,0
TX904356,16,7.4,Viajes,0,1,3,2445,0
TX904357,4,14.07,Alimentación,0,0,1,1611,0
TX904358,23,27.53,Ropa,0,0,3,103,0
TX904359,23,5.63,Restauración,0,0,4,205,0
TX904360,21,126.15,Alimentación,0,0,4,1266,0
TX904361,16,11.56,Retirada de efectivo,1,1,2,345,0
TX904362,7,26.52,Viajes,1,0,2,909,0
TX904363,16,41.03,Restauración,1,1,1,846,0
TX904364,17,101.19,Electrónica,0,0,2,186,0
TX904365,19,91.7,Retirada de efectivo,1,0,2,1284,1
TX904366,5,76.63,Ropa,0,0,5,1216,0
TX904367,22,9.07,Restauración,0,0,0,1339,0
TX904368,14,12.17,Viajes,0,0,1,615,0
TX904369,5,6.69,Electrónica,0,0,4,1917,0
TX904370,5,45.74,Viajes,0,0,2,1711,0
TX904371,2,11.79,Electrónica,0,0,2,2255,0
TX904372,12,5.29,Ropa,0,1,1,36,0
TX904373,2,3.93,Restauración,0,0,1,2289,0
TX904374,13,101.55,Viajes,0,1,5,2009,0
TX904375,3,2.0,Retirada de efectivo,0,1,1,1683,0
TX904376,23,283.68,Viajes,0,1,1,369,0
TX904377,5,73.06,Alimentación,0,1,0,2438,0
TX904378,3,9.49,Viajes,0,0,3,1631,0
TX904379,7,17.71,Ropa,0,0,1,1346,0
TX904380,10,27.25,Electrónica,0,0,1,2515,0
TX904381,13,24.82,Viajes,0,0,3,1749,0
TX904382,19,16.48,Alimentación,0,1,5,1629,0
TX904383,19,19.97,Viajes,0,0,1,418,0
TX904384,20,105.34,Viajes,0,0,3,1395,0
TX904385,8,91.29,Alimentación,0,0,3,2581,0
TX904386,4,78.98,Viajes,0,0,2,1214,0
TX904387,11,70.22,Restauración,0,0,3,2337,0
TX904388,0,9.43,Restauración,0,0,2,1398,0
TX904389,19,10.07,Viajes,0,0,3,811,0
TX904390,0,20.87,Alimentación,0,0,2,1151,0
TX904391,13,21.68,Suscripciones,0,0,0,890,0
TX904392,21,11.99,Viajes,0,0,4,1499,0
TX904393,21,45.43,Retirada de efectivo,0,0,0,1634,0
TX904394,8,51.2,Alimentación,0,1,3,1716,0
TX904395,3,6.13,Restauración,0,0,1,1468,0
TX904396,18,73.69,Retirada de efectivo,0,0,2,275,0
TX904397,8,26.87,Electrónica,0,1,3,265,0
TX904398,1,44.41,Retirada de efectivo,0,0,0,2560,0
TX904399,12,89.12,Alimentación,1,0,1,622,0
TX904400,3,63.91,Alimentación,0,0,3,1872,0
TX904401,16,49.36,Suscripciones,0,0,1,1974,0
TX904402,5,75.29,Electrónica,0,0,3,1857,0
TX904403,11,16.16,Ropa,0,0,2,1669,0
TX904404,19,72.85,Viajes,1,1,2,1217,0
TX904405,23,8.05,Suscripciones,0,1,1,66,0
TX904406,0,15.29,Ropa,0,0,3,678,0
TX904407,14,3.38,Suscripciones,0,0,1,1333,0
TX904408,15,111.19,Ropa,0,1,2,151,0
TX904409,1,20.28,Suscripciones,0,0,3,257,0
TX904410,9,12.96,Ropa,0,0,1,1410,0
TX904411,0,29.39,Viajes,0,0,2,1866,0
TX904412,16,26.92,Alimentación,0,0,2,395,0
TX904413,16,2.53,Ropa,0,0,2,772,0
TX904414,21,33.5,Viajes,0,0,0,170,1
TX904415,12,115.87,Restauración,0,0,1,2399,0
TX904416,20,33.13,Retirada de efectivo,0,0,3,2437,0
TX904417,7,15.17,Restauración,0,0,2,1627,0
TX904418,10,19.81,Restauración,0,1,4,2426,0
TX904419,13,27.75,Retirada de efectivo,0,0,3,1905,0
TX904420,7,49.03,Alimentación,0,0,1,1480,0
TX904421,19,32.83,Retirada de efectivo,1,0,0,1544,0
TX904422,5,5.64,Viajes,0,0,1,1043,0
TX904423,5,22.98,Viajes,0,1,2,943,0
TX904424,13,65.65,Retirada de efectivo,1,0,2,963,0
TX904425,16,30.53,Retirada de efectivo,0,1,2,2454,0
TX904426,5,4.24,Ropa,0,0,3,838,0
TX904427,16,17.87,Ropa,0,0,3,1551,0
TX904428,22,10.74,Viajes,0,1,6,1335,0
TX904429,10,23.88,Restauración,0,0,2,546,0
TX904430,20,32.39,Ropa,0,1,3,675,0
TX904431,10,19.59,Viajes,0,0,4,1810,0
TX904432,5,14.73,Viajes,0,0,2,820,0
TX904433,16,110.01,Alimentación,0,0,5,547,0
TX904434,1,13.49,Electrónica,1,0,1,1991,0
TX904435,4,24.1,Viajes,0,1,5,498,0
TX904436,20,3.38,Restauración,0,0,2,2122,0
TX904437,16,73.03,Electrónica,0,0,3,495,0
TX904438,4,16.38,Viajes,0,0,1,2121,0
TX904439,22,9.97,Restauración,0,0,2,54,0
TX904440,16,5.31,Electrónica,0,0,4,208,0
TX904441,19,20.2,Suscripciones,0,0,4,1716,0
TX904442,3,110.76,Viajes,0,1,3,2426,0
TX904443,7,55.46,Suscripciones,0,0,3,239,0
TX904444,11,19.5,Retirada de efectivo,0,0,3,163,0
TX904445,20,12.43,Viajes,0,0,0,2330,0
TX904446,14,113.43,Ropa,0,0,0,1155,0
TX904447,1,9.5,Electrónica,0,0,5,1947,0
TX904448,20,29.26,Suscripciones,0,0,5,21,0
TX904449,16,21.04,Suscripciones,0,0,4,1673,0
TX904450,16,137.66,Electrónica,0,1,0,75,0
TX904451,4,20.91,Restauración,0,0,2,367,0
TX904452,0,334.89,Suscripciones,1,0,2,1071,0
TX904453,8,33.4,Electrónica,0,0,2,1744,0
TX904454,8,5.99,Suscripciones,0,0,2,1726,0
TX904455,4,75.93,Alimentación,0,0,2,1700,0
TX904456,11,127.63,Suscripciones,0,1,2,2423,0
TX904457,8,31.31,Ropa,0,0,1,1089,0
TX904458,0,63.92,Ropa,0,0,2,112,0
TX904459,22,240.71,Suscripciones,0,0,2,2405,0
TX904460,10,50.99,Retirada de efectivo,0,0,3,472,0
TX904461,15,4.45,Suscripciones,0,1,4,769,0
TX904462,17,8.6,Electrónica,0,0,0,1625,0
TX904463,9,24.51,Suscripciones,0,0,3,507,0
TX904464,0,18.94,Suscripciones,0,1,2,2445,0
TX904465,19,10.1,Alimentación,0,0,1,1884,0
TX904466,6,96.66,Suscripciones,1,0,0,2194,0
TX904467,8,17.01,Electrónica,0,0,4,1884,0
TX904468,16,252.13,Suscripciones,1,1,1,547,0
TX904469,0,18.07,Viajes,0,0,1,2041,0
TX904470,3,53.1,Retirada de efectivo,0,0,2,882,0
TX904471,0,151.32,Retirada de efectivo,0,0,2,1049,0
TX904472,5,59.26,Viajes,1,0,0,1359,0
TX904473,14,40.77,Retirada de efectivo,0,0,1,2160,0
TX904474,9,75.38,Electrónica,0,0,4,788,0
TX904475,17,85.15,Electrónica,0,0,1,244,0
TX904476,5,40.15,Electrónica,0,0,0,5,0
TX904477,6,43.44,Retirada de efectivo,0,0,5,2413,0
TX904478,4,81.22,Restauración,0,0,2,602,0
TX904479,4,21.35,Ropa,0,0,2,2286,0
TX904480,8,10.1,Electrónica,0,1,0,2037,0
TX904481,15,212.48,Suscripciones,0,0,1,620,0
TX904482,20,25.03,Alimentación,0,1,2,1678,0
TX904483,11,9.49,Suscripciones,0,0,7,298,0
TX904484,15,43.25,Viajes,0,0,5,2452,0
TX904485,16,3.95,Restauración,0,0,2,372,0
TX904486,8,47.69,Ropa,0,0,2,82,0
TX904487,4,19.1,Electrónica,0,0,4,2387,0
TX904488,10,2.9,Retirada de efectivo,0,0,3,2566,0
TX904489,20,26.6,Electrónica,0,0,1,626,0
TX904490,4,8.82,Viajes,0,1,1,263,0
TX904491,10,31.52,Viajes,0,0,3,935,0
TX904492,16,17.53,Alimentación,1,0,2,107,0
TX904493,23,9.17,Electrónica,0,0,2,2249,0
TX904494,20,42.17,Electrónica,0,1,2,652,0
TX904495,23,4.82,Viajes,0,0,3,635,0
TX904496,23,9.64,Suscripciones,0,0,1,48,0
TX904497,23,26.79,Viajes,0,0,5,2380,0
TX904498,2,23.4,Suscripciones,0,0,2,462,0
TX904499,4,14.25,Suscripciones,0,0,3,198,0
TX904500,20,9.36,Viajes,0,0,5,726,0
TX904501,10,9.1,Electrónica,0,0,4,96,0
TX904502,21,47.98,Retirada de efectivo,0,0,5,1715,0
TX904503,3,29.13,Ropa,0,0,4,1650,0
TX904504,14,70.38,Electrónica,0,0,2,1233,0
TX904505,10,5.14,Restauración,0,0,2,1170,0
TX904506,10,48.74,Viajes,0,1,2,2420,0
TX904507,7,23.91,Suscripciones,0,0,1,2128,0
TX904508,2,17.54,Restauración,0,0,1,604,0
TX904509,9,28.19,Suscripciones,1,0,4,389,0
TX904510,4,31.13,Restauración,0,1,1,1462,0
TX904511,22,25.33,Ropa,0,0,1,196,0
TX904512,21,6.65,Viajes,0,0,3,1608,0
TX904513,20,11.55,Electrónica,0,0,3,1597,0
TX904514,11,34.08,Suscripciones,1,0,3,1973,0
TX904515,4,27.02,Ropa,0,0,2,2347,0
TX904516,13,10.01,Retirada de efectivo,0,1,3,1157,0
TX904517,6,64.38,Retirada de efectivo,1,1,3,1549,0
TX904518,6,25.55,Alimentación,0,0,2,2329,0
TX904519,23,37.32,Ropa,0,1,3,2203,0
TX904520,11,118.27,Alimentación,0,0,2,44,0
TX904521,2,34.71,Viajes,1,0,2,1776,0
TX904522,23,15.56,Ropa,0,0,1,483,0
TX904523,3,3.51,Suscripciones,0,0,1,354,0
TX904524,8,6.56,Restauración,0,0,2,1821,0
TX904525,11,5.6,Electrónica,0,0,3,1407,0
TX904526,4,4.4,Electrónica,1,0,2,2438,0
TX904527,21,22.55,Electrónica,0,0,3,302,0
TX904528,2,2.0,Ropa,1,0,1,2215,0
TX904529,2,20.17,Alimentación,0,0,1,1741,0
TX904530,19,23.43,Alimentación,0,0,2,2388,0
TX904531,9,31.62,Ropa,0,0,1,852,0
TX904532,9,43.79,Alimentación,0,1,1,1112,0
TX904533,4,35.14,Restauración,0,0,2,2318,0
TX904534,1,47.61,Ropa,0,1,0,2574,0
TX904535,1,9.62,Alimentación,0,0,1,227,0
TX904536,1,12.81,Alimentación,0,0,2,1232,0
TX904537,10,626.16,Alimentación,0,0,5,2078,0
TX904538,6,66.64,Retirada de efectivo,0,0,1,280,0
TX904539,19,76.02,Ropa,0,0,1,1461,0
TX904540,18,4.32,Electrónica,0,0,3,2086,0
TX904541,15,90.06,Viajes,0,0,2,269,0
TX904542,6,3.03,Ropa,1,0,1,1107,0
TX904543,17,3.63,Retirada de efectivo,0,0,4,761,0
TX904544,5,60.5,Electrónica,0,0,3,35,0
TX904545,20,136.58,Electrónica,1,1,1,615,0
TX904546,9,6.29,Suscripciones,0,1,1,300,0
TX904547,5,6.61,Retirada de efectivo,0,0,3,578,0
TX904548,16,13.38,Alimentación,0,0,1,2071,0
TX904549,21,2.0,Electrónica,0,0,6,1849,0
TX904550,12,30.19,Viajes,0,0,2,2026,0
TX904551,4,43.85,Ropa,0,0,3,340,0
TX904552,14,10.96,Viajes,0,0,5,1626,0
TX904553,21,2.0,Alimentación,0,0,1,104,0
TX904554,17,10.48,Alimentación,0,0,3,109,0
TX904555,16,104.67,Ropa,0,1,4,928,0
TX904556,14,58.33,Suscripciones,0,0,4,619,0
TX904557,7,23.03,Retirada de efectivo,0,0,1,504,0
TX904558,2,21.49,Suscripciones,0,0,2,184,0
TX904559,13,16.57,Electrónica,0,0,2,1662,0
TX904560,20,61.27,Viajes,0,0,4,961,0
TX904561,5,55.48,Suscripciones,0,0,2,1556,0
TX904562,7,5.35,Ropa,0,0,1,1753,0
TX904563,20,17.86,Alimentación,1,1,0,452,0
TX904564,1,14.67,Electrónica,0,0,2,549,0
TX904565,18,84.9,Restauración,1,0,3,2572,0
TX904566,0,80.53,Restauración,1,0,2,2221,0
TX904567,7,10.09,Suscripciones,1,0,3,1304,0
TX904568,5,43.09,Retirada de efectivo,0,0,3,731,0
TX904569,8,50.79,Electrónica,0,0,3,1207,0
TX904570,20,21.87,Viajes,0,0,1,2569,0
TX904571,18,25.54,Viajes,0,0,2,583,0
TX904572,5,108.08,Viajes,0,1,1,2343,0
TX904573,3,13.93,Viajes,0,0,3,1436,0
TX904574,10,92.87,Viajes,0,0,5,632,0
TX904575,20,81.31,Suscripciones,0,0,1,776,0
TX904576,2,31.82,Retirada de efectivo,0,0,1,857,0
TX904577,2,9.92,Ropa,0,1,2,1535,0
TX904578,0,42.84,Ropa,0,0,3,1030,0
TX904579,17,33.53,Electrónica,0,0,0,1649,0
TX904580,8,3.89,Alimentación,0,0,1,1622,0
TX904581,16,47.12,Restauración,0,0,1,2293,0
TX904582,5,11.75,Alimentación,0,0,1,597,0
TX904583,0,42.09,Alimentación,0,0,1,2526,0
TX904584,19,109.55,Electrónica,0,0,3,2583,0
TX904585,14,3.22,Restauración,0,0,3,720,0
TX904586,16,7.5,Suscripciones,0,1,0,1872,0
TX904587,18,6.38,Retirada de efectivo,0,0,0,2211,0
TX904588,12,8.2,Ropa,0,0,4,614,0
TX904589,19,28.07,Retirada de efectivo,0,0,2,1251,0
TX904590,1,15.1,Restauración,1,1,0,1778,0
TX904591,12,4.4,Ropa,0,1,0,2124,0
TX904592,21,3.96,Retirada de efectivo,0,0,2,2087,0
TX904593,9,2.0,Electrónica,0,0,1,1478,0
TX904594,15,47.14,Restauración,0,0,1,1621,0
TX904595,21,10.92,Alimentación,0,0,1,1164,0
TX904596,11,5.83,Suscripciones,0,0,1,584,0
TX904597,22,10.45,Electrónica,0,0,2,849,0
TX904598,5,23.18,Viajes,0,0,4,1949,0
TX904599,3,12.38,Viajes,0,1,0,1433,0
TX904600,2,61.35,Ropa,0,0,1,1403,0
TX904601,16,34.03,Alimentación,0,0,1,1442,0
TX904602,16,16.86,Ropa,0,0,2,234,0
TX904603,1,6.58,Retirada de efectivo,0,0,3,1035,0
TX904604,5,76.77,Electrónica,0,1,1,1104,0
TX904605,19,50.43,Electrónica,0,1,0,1320,0
TX904606,0,2.49,Viajes,0,0,4,68,0
TX904607,1,60.93,Restauración,0,0,4,717,0
TX904608,22,42.88,Alimentación,0,0,3,2417,0
TX904609,5,39.34,Electrónica,0,0,0,656,0
TX904610,9,51.69,Retirada de efectivo,0,0,1,1676,0
TX904611,15,31.97,Retirada de efectivo,0,0,0,2000,0
TX904612,22,123.47,Retirada de efectivo,0,0,3,2073,0
TX904613,19,18.65,Retirada de efectivo,0,1,1,713,0
TX904614,17,2.0,Retirada de efectivo,0,0,1,1903,0
TX904615,20,40.62,Retirada de efectivo,0,0,4,1024,0
TX904616,20,69.73,Restauración,0,1,1,1718,0
TX904617,2,24.03,Alimentación,0,1,0,1704,0
TX904618,3,12.24,Suscripciones,0,0,2,2421,0
TX904619,16,73.13,Restauración,0,0,4,1819,0
TX904620,14,31.61,Alimentación,0,0,1,2313,0
TX904621,9,2.68,Restauración,0,0,0,980,0
TX904622,12,16.37,Viajes,0,0,3,1710,0
TX904623,7,6.04,Restauración,1,0,2,1441,0
TX904624,2,25.8,Restauración,0,1,7,1224,0
TX904625,7,8.67,Restauración,0,0,2,2352,0
TX904626,0,141.99,Restauración,1,1,2,2238,0
TX904627,4,2.75,Alimentación,0,0,4,2189,0
TX904628,9,270.82,Suscripciones,0,0,2,156,0
TX904629,5,317.62,Ropa,0,0,2,2143,0
TX904630,19,11.08,Alimentación,0,0,2,1666,0
TX904631,12,11.27,Electrónica,0,0,3,2130,0
TX904632,23,51.32,Viajes,1,0,2,1433,0
TX904633,18,98.41,Retirada de efectivo,0,0,4,2242,0
TX904634,19,8.96,Ropa,0,0,1,679,0
TX904635,2,13.91,Restauración,0,0,2,1885,0
TX904636,13,135.16,Viajes,0,0,5,90,0
TX904637,8,50.65,Suscripciones,0,0,3,2341,0
TX904638,23,20.26,Viajes,0,0,1,1317,0
TX904639,5,18.69,Retirada de efectivo,0,0,2,407,0
TX904640,17,169.16,Restauración,1,0,1,2347,0
TX904641,6,18.0,Retirada de efectivo,1,0,2,2384,0
TX904642,3,9.61,Viajes,1,0,2,499,1
TX904643,23,32.64,Suscripciones,0,0,2,1592,0
TX904644,23,51.7,Ropa,0,0,3,1569,0
TX904645,19,8.1,Restauración,0,0,4,1231,0
TX904646,22,30.01,Retirada de efectivo,0,0,3,2059,0
TX904647,3,23.15,Ropa,0,0,3,1519,0
TX904648,21,39.41,Alimentación,0,0,1,816,0
TX904649,22,90.82,Suscripciones,0,0,2,1067,0
TX904650,17,33.53,Restauración,1,0,3,1573,0
TX904651,11,62.25,Electrónica,0,0,0,1710,0
TX904652,19,11.04,Ropa,0,0,1,2549,0
TX904653,22,27.69,Retirada de efectivo,0,0,1,1509,0
TX904654,23,7.95,Ropa,1,0,2,90,0
TX904655,2,6.98,Electrónica,1,0,3,1668,0
TX904656,1,57.85,Alimentación,1,0,2,1811,0
TX904657,6,22.3,Alimentación,0,1,2,1653,0
TX904658,23,45.75,Viajes,0,1,1,1967,0
TX904659,9,18.75,Suscripciones,0,0,3,121,0
TX904660,14,8.9,Ropa,0,0,1,1881,0
TX904661,18,297.95,Retirada de efectivo,0,0,3,2285,1
TX904662,15,8.78,Viajes,1,0,4,877,0
TX904663,9,16.86,Retirada de efectivo,0,0,3,676,0
TX904664,5,267.25,Electrónica,0,0,3,1160,0
TX904665,5,19.46,Electrónica,0,0,3,552,0
TX904666,10,17.65,Suscripciones,0,0,2,799,0
TX904667,13,17.53,Electrónica,0,0,1,514,0
TX904668,19,3.24,Retirada de efectivo,0,1,7,331,0
TX904669,23,9.83,Electrónica,0,0,2,2066,0
TX904670,7,56.61,Alimentación,0,0,2,2388,0
TX904671,15,11.69,Ropa,1,0,4,1331,0
TX904672,8,2.32,Ropa,0,1,3,2125,0
TX904673,8,5.27,Ropa,0,0,3,38,0
TX904674,12,42.85,Suscripciones,0,0,0,1515,0
TX904675,18,20.5,Electrónica,0,0,0,1106,0
TX904676,6,268.52,Suscripciones,0,0,3,1451,0
TX904677,0,5.13,Suscripciones,0,0,1,572,0
TX904678,14,24.66,Restauración,0,0,2,2221,0
TX904679,1,13.25,Suscripciones,0,0,5,1903,0
TX904680,23,18.8,Ropa,0,0,1,2198,0
TX904681,4,4.48,Restauración,0,0,1,547,0
TX904682,11,9.2,Restauración,0,0,2,2372,0
TX904683,9,85.01,Viajes,0,0,0,2152,0
TX904684,20,18.37,Viajes,0,1,2,1166,0
TX904685,18,85.16,Ropa,0,0,3,2551,0
TX904686,19,16.28,Retirada de efectivo,0,0,4,40,0
TX904687,22,40.8,Alimentación,0,0,1,2130,0
TX904688,12,13.94,Viajes,0,0,0,347,0
TX904689,18,19.21,Restauración,0,0,0,1098,0
TX904690,15,8.19,Suscripciones,0,0,3,85,0
TX904691,13,27.53,Ropa,0,0,1,1795,0
TX904692,6,170.03,Ropa,1,0,3,1303,0
TX904693,19,29.14,Restauración,0,0,2,191,0
TX904694,10,142.0,Viajes,0,0,0,67,0
TX904695,0,49.69,Electrónica,0,0,1,2203,0
TX904696,14,27.82,Alimentación,0,0,1,258,0
TX904697,18,7.52,Suscripciones,0,0,0,301,0
TX904698,5,14.49,Ropa,0,0,3,1592,0
TX904699,16,63.92,Retirada de efectivo,0,0,3,1744,0
TX904700,20,5.73,Viajes,0,0,0,750,0
TX904701,9,17.21,Electrónica,0,0,2,1956,0
TX904702,17,51.39,Electrónica,0,0,0,365,0
TX904703,8,30.3,Suscripciones,0,1,1,2286,0
TX904704,20,599.3,Alimentación,0,0,3,617,0
TX904705,6,46.95,Alimentación,0,0,0,1792,0
TX904706,2,25.07,Alimentación,1,1,1,162,0
TX904707,19,13.54,Electrónica,1,0,2,2102,0
TX904708,11,13.36,Viajes,1,0,2,2095,0
TX904709,2,14.78,Alimentación,0,0,4,1606,0
TX904710,7,37.19,Viajes,0,0,1,932,0
TX904711,3,518.11,Ropa,0,1,3,2051,0
TX904712,3,19.48,Ropa,0,0,3,1612,0
TX904713,13,25.89,Retirada de efectivo,0,0,1,1747,0
TX904714,22,18.43,Restauración,0,0,2,153,0
TX904715,11,16.77,Alimentación,0,0,3,1068,0
TX904716,8,4.39,Electrónica,0,0,3,2221,0
TX904717,12,10.78,Viajes,0,0,0,2107,0
TX904718,9,12.9,Ropa,0,0,3,2284,0
TX904719,14,141.33,Electrónica,1,0,0,1687,0
TX904720,20,5.97,Retirada de efectivo,0,0,2,689,0
TX904721,19,26.66,Restauración,0,1,1,1526,0
TX904722,23,50.88,Ropa,0,0,0,665,0
TX904723,2,30.7,Retirada de efectivo,0,0,1,2187,0
TX904724,5,7.26,Viajes,0,0,3,1219,0
TX904725,22,21.23,Suscripciones,0,0,2,2502,0
TX904726,8,2.0,Ropa,0,0,6,2052,0
TX904727,12,76.21,Restauración,0,0,2,1294,0
TX904728,3,39.8,Electrónica,0,1,3,2128,0
TX904729,22,7.24,Alimentación,1,1,1,1878,0
TX904730,22,76.77,Viajes,0,0,4,858,0
TX904731,13,19.25,Suscripciones,0,0,2,915,0
TX904732,17,35.41,Ropa,0,1,0,413,0
TX904733,10,25.13,Restauración,0,1,4,413,0
TX904734,0,15.61,Restauración,0,0,1,1674,0
TX904735,13,11.42,Alimentación,0,1,3,2402,0
TX904736,9,97.68,Electrónica,0,0,0,2472,0
TX904737,2,21.32,Viajes,0,0,2,795,0
TX904738,1,12.48,Restauración,0,0,5,1145,0
TX904739,5,17.69,Retirada de efectivo,0,0,2,1278,0
TX904740,16,34.83,Retirada de efectivo,0,0,2,2321,0
TX904741,14,29.72,Ropa,0,0,1,1061,0
TX904742,0,66.37,Viajes,0,0,4,947,0
TX904743,0,38.51,Retirada de efectivo,0,0,4,2509,0
TX904744,4,29.62,Viajes,0,0,4,2275,0
TX904745,8,37.83,Retirada de efectivo,0,0,1,103,0
TX904746,2,51.28,Electrónica,0,0,3,1287,0
TX904747,10,5.0,Suscripciones,0,0,1,2589,0
TX904748,10,16.44,Ropa,0,0,2,1583,0
TX904749,13,5.41,Viajes,0,0,1,921,0
TX904750,17,10.08,Suscripciones,0,0,0,1138,0
TX904751,18,20.04,Retirada de efectivo,0,0,1,1740,0
TX904752,8,19.05,Suscripciones,0,0,2,1576,0
TX904753,12,15.34,Electrónica,0,0,1,2399,0
TX904754,3,14.63,Electrónica,0,0,4,323,0
TX904755,6,6.24,Electrónica,0,0,5,1572,0
TX904756,3,8.8,Ropa,0,0,5,1047,0
TX904757,7,2.7,Restauración,0,0,0,1510,0
TX904758,3,11.68,Restauración,0,1,2,1484,0
TX904759,22,18.86,Viajes,0,0,1,296,0
TX904760,5,18.93,Suscripciones,0,0,1,1787,0
TX904761,0,57.19,Restauración,0,0,3,1037,0
TX904762,2,66.29,Ropa,0,0,1,2501,0
TX904763,23,16.54,Ropa,0,0,2,1815,0
TX904764,22,14.69,Retirada de efectivo,0,0,3,757,0
TX904765,11,135.53,Suscripciones,0,0,2,564,0
TX904766,3,22.24,Ropa,0,0,3,2327,0
TX904767,3,15.67,Alimentación,0,0,0,1199,0
TX904768,23,31.28,Ropa,0,0,3,2511,0
TX904769,9,70.12,Restauración,0,0,3,1958,0
TX904770,14,46.14,Restauración,0,1,4,1350,0
TX904771,0,38.48,Ropa,0,0,5,960,0
TX904772,13,22.33,Viajes,1,0,1,1469,0
TX904773,3,15.38,Restauración,0,1,1,927,0
TX904774,6,355.74,Suscripciones,0,0,1,1950,0
TX904775,20,2.0,Electrónica,0,0,4,1111,0
TX904776,8,16.26,Alimentación,0,0,5,1811,0
TX904777,12,28.79,Restauración,0,1,2,2215,0
TX904778,21,14.02,Retirada de efectivo,0,1,3,1219,0
TX904779,5,8.05,Suscripciones,0,0,1,187,0
TX904780,1,11.0,Viajes,0,1,1,1915,0
TX904781,5,12.32,Viajes,1,0,0,2487,0
TX904782,15,52.71,Alimentación,0,0,3,2424,0
TX904783,14,21.26,Ropa,0,0,1,1095,0
TX904784,6,15.66,Electrónica,0,0,1,1675,0
TX904785,17,34.21,Retirada de efectivo,0,1,1,1893,0
TX904786,22,3.49,Restauración,0,1,1,1888,0
TX904787,10,14.3,Electrónica,0,0,2,2174,0
TX904788,22,9.29,Alimentación,1,0,1,2171,0
TX904789,17,16.3,Restauración,0,0,1,2180,0
TX904790,2,6.2,Retirada de efectivo,0,0,0,1149,0
TX904791,19,58.66,Restauración,0,1,1,272,0
TX904792,6,8.53,Electrónica,0,0,2,878,0
TX904793,8,5.05,Electrónica,0,0,3,916,0
TX904794,18,14.18,Suscripciones,0,0,4,2350,0
TX904795,11,14.77,Ropa,0,0,3,152,0
TX904796,10,32.52,Viajes,0,0,1,1538,0
TX904797,11,104.33,Restauración,0,0,1,911,0
TX904798,19,23.93,Electrónica,0,1,1,1671,0
TX904799,17,42.11,Suscripciones,0,0,3,904,0
TX904800,11,11.24,Retirada de efectivo,0,1,0,1016,0
TX904801,20,5.52,Restauración,0,0,2,1904,0
TX904802,12,40.58,Viajes,0,1,0,862,0
TX904803,15,140.27,Restauración,1,0,2,223,0
TX904804,9,14.53,Ropa,0,0,2,429,0
TX904805,22,17.15,Alimentación,0,0,0,1811,0
TX904806,15,60.61,Alimentación,0,0,0,990,0
TX904807,0,49.19,Retirada de efectivo,0,0,2,1412,0
TX904808,6,14.2,Ropa,0,0,2,1201,0
TX904809,16,88.62,Electrónica,1,0,2,1247,0
TX904810,10,8.93,Electrónica,0,0,3,2585,0
TX904811,23,26.89,Viajes,0,0,2,1210,0
TX904812,8,6.73,Suscripciones,0,0,2,806,0
TX904813,20,23.61,Suscripciones,0,0,0,819,0
TX904814,16,40.25,Restauración,0,0,1,2558,0
TX904815,0,13.65,Restauración,0,0,2,1186,0
TX904816,15,19.57,Viajes,0,0,2,2150,0
TX904817,17,27.85,Ropa,1,0,1,1398,0
TX904818,3,32.08,Retirada de efectivo,0,0,5,1227,0
TX904819,7,12.24,Suscripciones,0,0,4,635,0
TX904820,7,147.39,Alimentación,0,0,3,557,0
TX904821,4,24.87,Viajes,0,0,2,666,0
TX904822,14,39.6,Suscripciones,0,0,2,240,0
TX904823,13,5.71,Suscripciones,0,1,1,2316,0
TX904824,14,33.32,Ropa,0,0,0,2312,0
TX904825,12,6.94,Viajes,0,0,3,648,0
TX904826,21,71.5,Retirada de efectivo,0,0,3,902,0
TX904827,15,31.05,Alimentación,0,0,2,42,0
TX904828,9,11.83,Retirada de efectivo,0,1,0,523,0
TX904829,10,21.44,Restauración,0,0,0,35,0
TX904830,3,55.44,Suscripciones,0,1,0,1656,0
TX904831,18,21.43,Alimentación,0,0,2,1392,0
TX904832,15,14.49,Retirada de efectivo,0,1,1,295,0
TX904833,9,40.66,Restauración,0,0,1,163,0
TX904834,21,24.07,Restauración,0,0,0,2354,0
TX904835,8,103.4,Restauración,0,0,1,783,1
TX904836,7,130.42,Suscripciones,0,0,3,1919,0
TX904837,7,4.93,Electrónica,0,1,1,1176,0
TX904838,17,17.08,Restauración,0,1,2,2009,0
TX904839,21,360.12,Alimentación,0,0,2,2357,0
TX904840,14,44.9,Restauración,0,0,2,2537,0
TX904841,16,61.11,Restauración,1,0,3,421,0
TX904842,18,33.97,Electrónica,0,0,4,1723,0
TX904843,5,33.49,Viajes,0,0,3,2320,0
TX904844,2,2.0,Electrónica,0,0,2,1676,0
TX904845,9,45.8,Ropa,1,0,4,412,0
TX904846,16,136.49,Viajes,0,0,3,2433,0
TX904847,20,7.0,Viajes,0,0,3,1245,0
TX904848,14,10.3,Suscripciones,0,0,2,1645,0
TX904849,17,21.63,Restauración,0,0,5,1178,0
TX904850,20,3.91,Retirada de efectivo,0,1,1,1808,0
TX904851,18,15.57,Retirada de efectivo,0,0,0,1331,0
TX904852,4,6.53,Ropa,0,0,0,161,0
TX904853,5,40.65,Electrónica,1,0,3,818,0
TX904854,21,29.9,Viajes,0,0,3,1745,0
TX904855,9,16.87,Viajes,0,1,2,894,0
TX904856,19,14.68,Ropa,0,0,1,1287,0
TX904857,23,26.74,Restauración,0,0,0,399,0
TX904858,6,77.67,Retirada de efectivo,0,0,2,542,0
TX904859,10,13.09,Suscripciones,0,0,2,1741,0
TX904860,22,25.72,Retirada de efectivo,0,0,6,2165,0
TX904861,9,112.18,Ropa,0,0,3,1204,0
TX904862,21,9.89,Alimentación,0,0,2,1023,0
TX904863,7,76.74,Alimentación,0,0,5,1550,0
TX904864,23,18.15,Restauración,0,0,5,1145,0
TX904865,23,182.64,Retirada de efectivo,0,1,2,2425,0
TX904866,2,2.0,Electrónica,0,0,4,1406,0
TX904867,17,10.88,Suscripciones,0,0,5,474,0
TX904868,8,31.23,Restauración,0,0,1,2214,0
TX904869,3,31.25,Restauración,0,0,2,2388,0
TX904870,16,59.33,Retirada de efectivo,0,0,2,649,0
TX904871,9,20.86,Suscripciones,0,0,2,1861,0
TX904872,0,102.32,Retirada de efectivo,0,0,5,1610,0
TX904873,6,57.9,Retirada de efectivo,0,0,3,230,0
TX904874,11,8.23,Restauración,0,1,6,2328,0
TX904875,19,89.28,Retirada de efectivo,0,0,2,2516,0
TX904876,6,36.28,Restauración,0,0,2,1465,0
TX904877,10,51.79,Electrónica,0,0,3,1572,0
TX904878,11,114.07,Suscripciones,0,1,5,539,0
TX904879,7,3.51,Ropa,1,0,1,1598,0
TX904880,20,3.96,Restauración,0,0,1,1496,0
TX904881,22,43.92,Alimentación,0,0,1,1050,0
TX904882,3,2.0,Alimentación,0,0,0,1313,0
TX904883,4,20.44,Viajes,0,0,2,1955,0
TX904884,4,29.98,Viajes,0,0,2,2011,0
TX904885,23,15.89,Viajes,0,0,3,1726,0
TX904886,9,90.16,Ropa,0,0,2,2025,0
TX904887,16,30.35,Viajes,0,0,1,2104,0
TX904888,0,355.58,Alimentación,0,0,2,1695,0
TX904889,6,7.01,Retirada de efectivo,0,0,1,174,0
TX904890,0,56.21,Electrónica,0,0,3,986,0
TX904891,19,53.21,Retirada de efectivo,0,0,3,951,0
TX904892,20,20.24,Suscripciones,0,0,2,1937,0
TX904893,16,41.5,Suscripciones,0,0,4,1903,0
TX904894,20,23.48,Electrónica,0,0,4,521,0
TX904895,19,5.2,Alimentación,0,1,2,1548,1
TX904896,20,30.29,Retirada de efectivo,0,0,5,243,0
TX904897,1,159.79,Retirada de efectivo,0,0,0,766,0
TX904898,6,151.89,Electrónica,1,0,2,224,0
TX904899,4,8.51,Alimentación,0,1,2,1318,0
TX904900,19,27.18,Restauración,0,0,2,1985,0
TX904901,0,120.2,Alimentación,0,0,2,1739,0
TX904902,23,6.37,Retirada de efectivo,0,0,2,602,0
TX904903,18,29.06,Viajes,0,0,2,2054,0
TX904904,8,9.2,Retirada de efectivo,0,0,2,433,0
TX904905,8,73.84,Electrónica,0,0,1,2018,0
TX904906,10,32.91,Ropa,0,0,1,777,0
TX904907,18,10.45,Restauración,0,0,3,2313,0
TX904908,7,15.27,Alimentación,0,0,5,2057,0
TX904909,0,80.25,Alimentación,0,0,2,2553,0
TX904910,13,19.9,Alimentación,0,0,3,2411,0
TX904911,17,9.27,Alimentación,0,0,2,317,0
TX904912,16,51.92,Restauración,0,1,2,1514,0
TX904913,14,33.43,Electrónica,0,0,4,789,0
TX904914,20,23.18,Restauración,0,0,0,2519,0
TX904915,15,15.95,Electrónica,0,0,0,157,0
TX904916,11,33.81,Suscripciones,0,0,2,606,0
TX904917,18,58.01,Suscripciones,1,0,5,2180,1
TX904918,0,9.55,Restauración,0,0,1,206,0
TX904919,12,11.24,Ropa,0,0,1,2595,0
TX904920,13,34.89,Electrónica,1,0,5,1403,0
TX904921,21,22.65,Ropa,0,1,4,2473,0
TX904922,21,24.3,Retirada de efectivo,0,0,0,222,0
TX904923,19,10.85,Restauración,0,0,2,1220,0
TX904924,8,49.16,Alimentación,0,0,3,1064,0
TX904925,0,9.52,Retirada de efectivo,0,0,4,2555,0
TX904926,1,83.86,Alimentación,0,0,0,918,0
TX904927,5,96.73,Ropa,0,1,2,2449,0
TX904928,3,116.87,Alimentación,0,0,1,1232,0
TX904929,12,239.43,Viajes,0,0,4,486,0
TX904930,9,15.52,Ropa,0,0,4,165,0
TX904931,4,98.56,Ropa,1,0,3,1218,0
TX904932,14,12.46,Retirada de efectivo,0,0,2,2207,0
TX904933,18,5.2,Ropa,0,0,1,1260,0
TX904934,15,6.73,Restauración,0,0,3,603,0
TX904935,5,9.99,Electrónica,0,0,5,1085,0
TX904936,2,4.13,Electrónica,0,0,3,1019,0
TX904937,13,225.31,Ropa,0,0,3,414,0
TX904938,11,19.43,Restauración,0,0,5,431,0
TX904939,22,94.75,Ropa,0,1,3,1207,0
TX904940,16,102.02,Alimentación,0,0,2,568,0
TX904941,12,10.73,Electrónica,0,0,3,58,0
TX904942,2,27.75,Electrónica,0,0,3,1172,0
TX904943,6,5.33,Retirada de efectivo,0,0,4,873,0
TX904944,3,38.21,Restauración,0,0,4,2149,0
TX904945,8,46.02,Electrónica,0,1,4,139,0
TX904946,1,155.99,Retirada de efectivo,0,0,4,2480,0
TX904947,11,21.72,Restauración,0,0,1,1712,0
TX904948,2,62.05,Suscripciones,0,0,2,1376,0
TX904949,4,12.26,Retirada de efectivo,0,0,3,1316,0
TX904950,11,142.0,Restauración,0,0,1,1836,0
TX904951,22,51.71,Ropa,0,0,4,998,0
TX904952,21,5.29,Retirada de efectivo,0,0,3,1632,0
TX904953,12,7.35,Viajes,0,0,2,1611,0
TX904954,23,27.2,Viajes,0,1,3,403,0
TX904955,11,31.46,Ropa,0,0,3,1823,0
TX904956,7,14.36,Ropa,0,0,0,1332,0
TX904957,23,30.67,Alimentación,0,1,4,1550,0
TX904958,14,2.29,Viajes,0,1,2,779,0
TX904959,21,9.0,Restauración,0,1,0,2578,0
TX904960,5,9.57,Restauración,0,0,2,440,0
TX904961,4,82.87,Ropa,0,0,1,2145,0
TX904962,20,9.67,Alimentación,0,0,3,1866,0
TX904963,8,2.92,Restauración,1,0,1,536,0
TX904964,10,57.37,Alimentación,0,0,4,2367,0
TX904965,20,68.56,Retirada de efectivo,0,0,1,103,0
TX904966,18,4.5,Suscripciones,0,0,2,1971,0
TX904967,8,21.28,Retirada de efectivo,0,0,5,2354,0
TX904968,1,4.73,Suscripciones,0,0,4,1616,0
TX904969,19,17.72,Ropa,0,1,4,2547,0
TX904970,1,16.26,Suscripciones,0,0,3,2105,0
TX904971,4,113.45,Electrónica,0,0,0,596,0
TX904972,21,87.55,Suscripciones,0,0,4,1091,0
TX904973,10,13.05,Suscripciones,0,0,1,1538,0
TX904974,5,38.99,Electrónica,0,0,3,2189,0
TX904975,13,14.62,Viajes,0,0,7,1921,0
TX904976,20,43.69,Ropa,0,0,5,1696,0
TX904977,6,24.73,Suscripciones,1,0,2,1680,0
TX904978,15,15.09,Ropa,1,0,2,423,0
TX904979,22,81.13,Ropa,0,0,6,892,0
TX904980,23,21.02,Alimentación,0,0,4,1908,0
TX904981,0,177.68,Electrónica,0,0,1,1544,0
TX904982,18,13.46,Alimentación,0,1,2,2387,0
TX904983,18,50.11,Alimentación,1,0,2,1303,0
TX904984,11,8.6,Electrónica,0,0,4,1888,0
TX904985,17,49.43,Retirada de efectivo,0,0,2,1605,0
TX904986,3,152.98,Ropa,0,0,3,1428,0
TX904987,16,55.44,Retirada de efectivo,0,0,1,1576,0
TX904988,10,164.27,Ropa,0,0,2,695,0
TX904989,1,8.07,Restauración,0,0,1,43,0
TX904990,4,50.36,Viajes,0,0,1,1351,0
TX904991,20,20.55,Restauración,0,0,1,1598,0
TX904992,9,7.11,Ropa,0,0,3,96,0
TX904993,2,22.95,Retirada de efectivo,0,0,3,2108,0
TX904994,3,99.17,Ropa,0,1,5,1044,0
TX904995,4,22.97,Ropa,0,0,3,2388,0
TX904996,4,48.37,Suscripciones,0,0,2,1692,0
TX904997,21,9.64,Suscripciones,0,0,2,852,0
TX904998,1,64.95,Retirada de efectivo,0,1,2,352,0
TX904999,11,25.8,Ropa,0,0,0,792,0
TX905000,21,23.0,Retirada de efectivo,0,0,3,276,0
TX905001,6,33.23,Electrónica,1,1,2,23,0
TX905002,12,288.27,Restauración,0,0,2,922,0
TX905003,16,117.72,Electrónica,1,0,0,1843,0
TX905004,2,8.58,Restauración,0,0,1,325,0
TX905005,4,35.58,Alimentación,0,0,1,523,0
TX905006,20,16.56,Electrónica,0,0,1,2472,0
TX905007,11,25.7,Alimentación,0,0,2,1849,0
TX905008,23,15.05,Viajes,0,0,3,224,0
TX905009,6,32.22,Restauración,0,0,1,367,0
TX905010,2,130.76,Ropa,0,1,1,96,0
TX905011,8,5.75,Retirada de efectivo,0,1,3,801,0
TX905012,21,17.03,Electrónica,0,0,2,1183,0
TX905013,20,19.33,Retirada de efectivo,0,1,4,45,0
TX905014,20,10.63,Retirada de efectivo,0,0,3,2314,0
TX905015,5,14.69,Retirada de efectivo,1,1,3,1262,1
TX905016,3,6.83,Electrónica,0,0,5,298,0
TX905017,20,67.54,Restauración,0,0,4,964,0
TX905018,9,5.0,Suscripciones,0,0,1,841,0
TX905019,16,275.79,Ropa,0,0,3,876,0
TX905020,1,19.39,Ropa,0,0,2,742,0
TX905021,22,9.08,Alimentación,0,1,1,1649,0
TX905022,20,7.68,Electrónica,0,0,1,461,0
TX905023,8,47.21,Ropa,0,0,1,2407,0
TX905024,16,17.51,Electrónica,0,0,4,2165,0
TX905025,6,236.85,Ropa,0,0,1,271,0
TX905026,18,15.98,Alimentación,1,0,2,56,1
TX905027,20,76.03,Suscripciones,0,0,5,1943,0
TX905028,14,18.58,Retirada de efectivo,0,0,2,297,0
TX905029,15,10.08,Electrónica,0,1,0,1899,0
TX905030,23,57.02,Viajes,0,1,3,884,0
TX905031,14,121.16,Viajes,0,0,4,1551,0
TX905032,12,7.16,Viajes,1,0,2,388,0
TX905033,16,4.81,Ropa,0,1,0,1059,0
TX905034,9,17.88,Retirada de efectivo,0,0,3,1599,0
TX905035,6,2.0,Retirada de efectivo,0,0,3,1079,0
TX905036,17,27.63,Ropa,0,0,1,2274,0
TX905037,19,7.24,Suscripciones,0,0,2,1898,0
TX905038,9,13.88,Retirada de efectivo,0,0,1,1063,0
TX905039,18,24.1,Electrónica,0,0,1,2200,0
TX905040,1,150.7,Suscripciones,0,0,1,2423,0
TX905041,19,32.52,Electrónica,0,1,2,1198,0
TX905042,13,239.01,Alimentación,0,0,2,2168,0
TX905043,5,74.81,Ropa,0,0,4,2104,0
TX905044,5,37.75,Alimentación,0,0,1,2122,0
TX905045,9,256.96,Alimentación,0,0,3,1880,0
TX905046,20,41.72,Viajes,0,0,0,510,0
TX905047,21,34.32,Viajes,0,0,0,1134,0
TX905048,18,52.78,Electrónica,0,0,1,1044,0
TX905049,9,380.12,Alimentación,0,0,2,149,0
TX905050,8,36.83,Electrónica,0,0,6,1852,0
TX905051,20,23.75,Suscripciones,0,0,2,546,0
TX905052,17,3.44,Electrónica,1,0,0,1656,0
TX905053,0,37.74,Alimentación,0,0,2,2396,0
TX905054,6,8.25,Viajes,0,0,0,2285,0
TX905055,2,3.7,Alimentación,0,1,5,1861,0
TX905056,15,19.02,Viajes,0,0,1,1917,0
TX905057,5,131.25,Electrónica,0,0,2,1593,0
TX905058,2,73.92,Retirada de efectivo,0,0,4,2024,0
TX905059,7,56.52,Alimentación,0,0,2,1621,0
TX905060,18,86.79,Suscripciones,0,0,3,2193,0
TX905061,4,3.54,Viajes,1,0,1,1849,0
TX905062,17,11.21,Viajes,0,0,3,1971,0
TX905063,23,33.46,Restauración,0,0,3,291,0
TX905064,8,7.11,Suscripciones,1,0,0,1262,0
TX905065,0,37.13,Retirada de efectivo,0,0,3,557,0
TX905066,13,15.12,Restauración,0,0,1,2394,0
TX905067,6,136.71,Viajes,0,0,4,1487,0
TX905068,6,4.03,Retirada de efectivo,0,0,1,1988,0
TX905069,12,3.08,Suscripciones,0,0,2,541,0
TX905070,19,77.2,Restauración,0,0,2,1432,0
TX905071,10,29.6,Suscripciones,0,1,1,650,0
TX905072,23,90.74,Alimentación,0,0,3,2472,0
TX905073,14,8.69,Electrónica,0,0,5,643,0
TX905074,1,232.41,Retirada de efectivo,0,0,2,588,0
TX905075,17,59.65,Ropa,0,0,2,985,0
TX905076,8,19.44,Restauración,0,1,1,1329,0
TX905077,4,24.51,Ropa,0,0,1,1440,0
TX905078,22,17.39,Ropa,0,0,2,712,0
TX905079,22,9.95,Restauración,0,0,3,531,0
TX905080,17,17.88,Viajes,0,0,1,1136,0
TX905081,5,31.03,Electrónica,0,0,3,170,0
TX905082,14,20.54,Retirada de efectivo,0,1,1,13,0
TX905083,5,3.97,Suscripciones,0,0,4,1568,0
TX905084,15,67.15,Ropa,0,0,2,1395,0
TX905085,22,2.0,Retirada de efectivo,0,0,1,2269,0
TX905086,13,3.14,Restauración,0,1,3,2404,0
TX905087,23,42.39,Suscripciones,0,0,3,1981,0
TX905088,4,18.04,Suscripciones,0,0,1,141,0
TX905089,8,55.62,Viajes,1,0,7,567,1
TX905090,14,19.34,Alimentación,0,0,3,856,0
TX905091,21,123.35,Ropa,0,0,0,1320,0
TX905092,3,8.67,Retirada de efectivo,0,0,2,404,0
TX905093,12,41.22,Suscripciones,0,0,2,1050,0
TX905094,2,115.55,Restauración,0,0,1,1505,0
TX905095,2,38.97,Electrónica,0,0,1,218,0
TX905096,5,67.05,Viajes,0,0,2,1371,0
TX905097,21,36.13,Ropa,0,0,2,11,0
TX905098,14,60.77,Viajes,0,1,1,1381,0
TX905099,9,7.01,Retirada de efectivo,0,1,0,1897,0
TX905100,8,33.56,Electrónica,1,1,6,2278,0
TX905101,12,19.15,Retirada de efectivo,0,0,2,403,0
TX905102,3,17.27,Ropa,0,0,3,672,0
TX905103,5,2.87,Restauración,0,0,4,1724,0
TX905104,12,58.6,Viajes,0,0,2,841,0
TX905105,7,57.55,Suscripciones,0,1,1,2201,0
TX905106,3,82.71,Suscripciones,0,0,1,347,0
TX905107,2,15.05,Electrónica,0,0,0,37,0
TX905108,12,8.12,Electrónica,0,0,1,1211,0
TX905109,7,69.47,Retirada de efectivo,0,1,0,2426,0
TX905110,1,12.6,Electrónica,0,0,0,138,0
TX905111,7,14.08,Ropa,0,0,2,953,0
TX905112,2,33.96,Electrónica,0,0,1,1744,0
TX905113,4,8.37,Alimentación,1,0,1,1431,0
TX905114,17,11.5,Ropa,0,0,0,456,0
TX905115,23,22.11,Suscripciones,0,0,2,2375,0
TX905116,3,97.64,Viajes,0,0,0,195,0
TX905117,18,11.17,Electrónica,0,0,2,1393,0
TX905118,9,17.16,Alimentación,0,1,2,2186,0
TX905119,19,127.87,Ropa,0,0,2,2420,0
TX905120,17,27.18,Restauración,0,0,2,1164,0
TX905121,20,34.88,Electrónica,0,0,0,577,0
TX905122,18,49.25,Alimentación,0,0,1,527,0
TX905123,4,13.01,Electrónica,0,0,1,1438,0
TX905124,3,112.28,Retirada de efectivo,0,0,5,1126,0
TX905125,6,44.26,Ropa,1,1,4,867,0
TX905126,9,24.65,Restauración,0,1,2,973,0
TX905127,15,17.65,Ropa,1,0,0,484,0
TX905128,7,8.74,Restauración,0,0,1,1542,0
TX905129,0,24.93,Retirada de efectivo,0,0,1,1158,0
TX905130,20,26.82,Ropa,1,0,2,91,0
TX905131,2,16.11,Restauración,0,0,7,536,0
TX905132,1,74.32,Retirada de efectivo,0,0,2,1355,0
TX905133,17,26.48,Ropa,0,0,2,1380,0
TX905134,3,48.18,Ropa,0,0,3,1445,0
TX905135,8,21.93,Suscripciones,0,0,3,1017,0
TX905136,7,58.93,Electrónica,0,1,0,1002,0
TX905137,9,22.49,Retirada de efectivo,0,0,4,1773,0
TX905138,0,44.21,Ropa,0,1,2,1751,0
TX905139,2,3.94,Suscripciones,0,1,2,1701,0
TX905140,1,15.76,Viajes,0,0,5,249,0
TX905141,19,21.78,Retirada de efectivo,0,0,0,2048,0
TX905142,11,54.16,Ropa,0,0,3,1863,0
TX905143,0,20.57,Restauración,0,0,4,1641,0
TX905144,15,14.62,Ropa,0,0,1,1207,0
TX905145,11,39.42,Restauración,0,0,1,174,0
TX905146,7,17.84,Suscripciones,1,0,2,1451,0
TX905147,13,98.79,Viajes,0,0,1,1687,0
TX905148,6,39.34,Retirada de efectivo,0,0,3,1242,0
TX905149,11,25.64,Viajes,0,0,2,1437,0
TX905150,18,10.62,Viajes,0,0,3,737,0
TX905151,12,6.35,Retirada de efectivo,0,0,3,2203,0
TX905152,20,15.67,Suscripciones,0,0,2,1593,0
TX905153,1,45.35,Restauración,0,0,1,981,0
TX905154,10,44.32,Viajes,0,0,2,1853,0
TX905155,12,40.56,Retirada de efectivo,0,0,2,598,0
TX905156,2,19.59,Electrónica,0,0,1,1580,0
TX905157,17,68.13,Suscripciones,0,0,3,1195,0
TX905158,6,15.45,Electrónica,0,0,0,2220,0
TX905159,10,7.63,Ropa,0,0,3,1488,0
TX905160,9,11.11,Electrónica,0,0,2,97,0
TX905161,3,29.87,Retirada de efectivo,0,0,0,2121,0
TX905162,3,25.84,Suscripciones,0,0,3,1141,0
TX905163,17,113.81,Alimentación,0,1,4,2377,0
TX905164,16,75.61,Electrónica,0,0,1,1601,0
TX905165,18,7.38,Suscripciones,0,0,0,1761,0
TX905166,22,12.96,Ropa,0,0,4,2314,0
TX905167,18,24.25,Electrónica,1,0,4,200,0
TX905168,11,6.16,Ropa,0,1,0,1413,0
TX905169,6,14.52,Viajes,0,1,0,289,0
TX905170,14,41.51,Viajes,0,0,3,1928,0
TX905171,5,39.69,Suscripciones,1,0,3,243,0
TX905172,13,39.15,Suscripciones,0,0,2,2567,0
TX905173,22,25.24,Electrónica,0,0,3,2114,0
TX905174,5,112.26,Viajes,0,0,4,2596,0
TX905175,9,5.65,Electrónica,1,0,4,1048,0
TX905176,15,69.78,Alimentación,0,1,2,1061,0
TX905177,20,40.51,Electrónica,0,0,1,2223,0
TX905178,6,30.61,Restauración,0,0,3,1129,0
TX905179,19,24.97,Restauración,0,0,0,232,0
TX905180,19,26.87,Suscripciones,0,0,1,334,0
TX905181,12,2.85,Viajes,1,0,2,2293,0
TX905182,6,17.37,Electrónica,0,1,2,2134,0
TX905183,22,54.52,Restauración,0,0,1,381,0
TX905184,11,5.07,Retirada de efectivo,1,0,0,2520,0
TX905185,5,81.15,Restauración,0,0,2,237,0
TX905186,9,40.74,Electrónica,0,0,1,1322,0
TX905187,10,156.85,Suscripciones,1,0,1,2577,0
TX905188,0,18.45,Suscripciones,0,0,1,84,0
TX905189,23,24.94,Electrónica,0,0,1,2549,0
TX905190,10,18.16,Ropa,0,0,3,816,0
TX905191,12,5.87,Electrónica,0,0,4,14,0
TX905192,22,30.69,Retirada de efectivo,0,1,4,1275,0
TX905193,11,48.68,Suscripciones,0,0,1,6,0
TX905194,22,231.07,Retirada de efectivo,0,1,0,1968,0
TX905195,11,21.72,Restauración,0,0,2,446,0
TX905196,9,8.85,Electrónica,0,0,2,2118,0
TX905197,20,18.67,Retirada de efectivo,0,1,2,1374,0
TX905198,1,15.81,Suscripciones,1,0,0,2226,0
TX905199,12,167.02,Alimentación,1,0,5,658,0
TX905200,5,11.76,Viajes,0,0,1,692,0
TX905201,21,71.04,Alimentación,0,0,3,1936,0
TX905202,9,34.57,Ropa,0,0,0,426,0
TX905203,21,88.71,Viajes,0,0,1,669,0
TX905204,12,16.51,Retirada de efectivo,0,0,3,2247,0
TX905205,2,6.74,Restauración,0,1,3,568,0
TX905206,19,212.95,Restauración,1,0,2,2067,0
TX905207,11,41.98,Ropa,1,0,5,2033,0
TX905208,17,150.6,Electrónica,0,0,0,2002,0
TX905209,21,163.26,Electrónica,0,0,5,83,0
TX905210,3,13.56,Retirada de efectivo,0,0,1,609,0
TX905211,2,47.49,Retirada de efectivo,1,0,0,1801,0
TX905212,20,55.98,Alimentación,0,0,2,1506,0
TX905213,7,25.62,Viajes,0,0,2,1953,0
TX905214,21,64.34,Suscripciones,0,0,0,1376,0
TX905215,9,96.02,Suscripciones,0,0,2,349,0
TX905216,6,11.37,Alimentación,0,1,2,99,0
TX905217,12,168.43,Retirada de efectivo,0,0,1,2364,0
TX905218,22,31.14,Viajes,0,0,0,2430,0
TX905219,17,22.32,Restauración,0,0,3,2074,0
TX905220,19,17.79,Restauración,0,0,1,1933,0
TX905221,21,6.48,Retirada de efectivo,0,0,2,2591,0
TX905222,2,134.77,Electrónica,1,0,0,1692,0
TX905223,20,22.17,Retirada de efectivo,0,0,3,1691,0
TX905224,13,7.19,Electrónica,0,0,2,1682,0
TX905225,4,67.04,Suscripciones,0,1,4,2404,0
TX905226,19,7.57,Alimentación,0,0,2,1492,0
TX905227,23,15.5,Alimentación,0,0,1,2073,0
TX905228,3,27.62,Ropa,0,1,3,2425,0
TX905229,22,2.3,Electrónica,1,0,5,615,0
TX905230,9,53.96,Electrónica,0,0,1,742,0
TX905231,2,34.11,Retirada de efectivo,0,0,3,1847,0
TX905232,20,7.33,Viajes,0,0,2,1390,0
TX905233,12,303.3,Suscripciones,0,0,1,2204,0
TX905234,2,11.66,Ropa,1,0,4,976,0
TX905235,11,2.46,Electrónica,0,0,2,143,1
TX905236,22,17.43,Restauración,0,0,3,1129,0
TX905237,0,12.47,Restauración,0,0,2,1454,0
TX905238,23,34.69,Retirada de efectivo,1,0,2,379,0
TX905239,20,11.68,Retirada de efectivo,1,0,2,1834,0
TX905240,8,23.02,Restauración,0,0,2,166,0
TX905241,18,55.33,Electrónica,1,0,3,464,0
TX905242,8,21.05,Electrónica,0,1,4,1167,0
TX905243,12,9.73,Alimentación,0,0,4,2537,0
TX905244,22,29.57,Electrónica,0,1,1,588,0
TX905245,6,15.32,Alimentación,0,1,5,2132,0
TX905246,19,47.1,Ropa,0,0,1,1189,0
TX905247,7,8.08,Alimentación,0,0,0,680,0
TX905248,8,16.52,Retirada de efectivo,0,1,1,789,0
TX905249,11,37.05,Suscripciones,0,0,4,1967,0
TX905250,5,38.11,Electrónica,0,0,2,653,0
TX905251,2,69.37,Alimentación,0,0,1,619,0
TX905252,4,11.8,Electrónica,0,0,3,106,0
TX905253,20,5.9,Suscripciones,0,0,6,648,0
TX905254,10,159.81,Alimentación,0,0,1,372,0
TX905255,17,8.63,Restauración,0,0,4,2032,0
TX905256,0,13.58,Electrónica,0,0,2,2092,0
TX905257,14,41.74,Alimentación,0,0,5,2391,0
TX905258,11,29.35,Electrónica,0,0,3,572,0
TX905259,4,31.2,Suscripciones,0,1,1,393,0
TX905260,4,8.86,Alimentación,0,0,3,245,0
TX905261,1,11.59,Alimentación,0,0,1,1040,0
TX905262,9,31.05,Retirada de efectivo,0,0,3,2295,0
TX905263,7,55.77,Retirada de efectivo,0,0,3,385,0
TX905264,5,9.91,Ropa,0,0,4,352,0
TX905265,18,19.13,Ropa,0,0,1,490,0
TX905266,3,20.68,Viajes,1,0,2,1488,0
TX905267,0,16.18,Viajes,0,0,4,2319,0
TX905268,18,6.77,Alimentación,0,1,0,615,0
TX905269,5,38.86,Alimentación,0,0,1,2407,0
TX905270,14,8.4,Viajes,0,0,5,2337,0
TX905271,17,64.36,Ropa,0,1,4,401,0
TX905272,16,10.44,Electrónica,1,0,3,2447,0
TX905273,0,179.82,Viajes,0,0,1,2466,0
TX905274,13,40.5,Retirada de efectivo,0,0,3,1929,0
TX905275,7,5.27,Suscripciones,0,1,3,1304,0
TX905276,19,22.78,Restauración,0,0,1,1295,0
TX905277,8,21.04,Restauración,0,0,1,502,0
TX905278,20,19.8,Restauración,0,1,4,1677,0
TX905279,15,142.97,Electrónica,0,0,0,2330,0
TX905280,14,161.11,Alimentación,0,0,7,901,0
TX905281,5,16.79,Alimentación,0,0,1,402,0
TX905282,8,130.73,Restauración,0,0,3,2485,0
TX905283,13,13.23,Ropa,0,0,2,793,0
TX905284,11,7.25,Electrónica,0,1,2,111,0
TX905285,22,71.08,Suscripciones,0,0,4,2206,0
TX905286,22,13.99,Viajes,0,0,2,466,0
TX905287,1,48.29,Restauración,0,0,1,226,0
TX905288,23,38.21,Retirada de efectivo,0,0,0,1165,0
TX905289,1,13.24,Suscripciones,0,0,2,2179,0
TX905290,16,43.04,Retirada de efectivo,0,0,1,1451,0
TX905291,12,133.02,Viajes,0,1,1,510,0
TX905292,4,19.79,Restauración,1,0,0,2390,0
TX905293,22,37.26,Ropa,0,0,1,2197,0
TX905294,19,12.35,Suscripciones,0,0,3,2528,0
TX905295,15,54.52,Restauración,1,0,3,163,0
TX905296,4,7.23,Suscripciones,0,0,7,1665,0
TX905297,3,34.5,Retirada de efectivo,0,0,1,1063,0
TX905298,4,10.73,Restauración,0,0,2,1728,0
TX905299,5,16.49,Restauración,0,0,4,2330,0
TX905300,21,3.22,Alimentación,0,0,1,404,0
TX905301,9,7.92,Retirada de efectivo,0,0,4,266,0
TX905302,1,4.68,Ropa,0,1,4,2260,0
TX905303,4,13.49,Alimentación,0,1,2,1240,0
TX905304,10,34.58,Ropa,0,0,1,2056,0
TX905305,4,9.12,Electrónica,0,1,1,2421,0
TX905306,18,6.75,Retirada de efectivo,0,0,4,221,0
TX905307,3,11.79,Suscripciones,0,0,2,1616,0
TX905308,14,32.77,Alimentación,0,0,0,499,0
TX905309,8,5.49,Alimentación,0,0,1,917,0
TX905310,21,16.37,Suscripciones,0,0,0,1981,0
TX905311,10,113.22,Viajes,0,0,0,855,0
TX905312,10,16.39,Viajes,1,0,5,639,0
TX905313,19,59.04,Restauración,0,0,2,1301,0
TX905314,0,7.18,Viajes,0,0,2,1167,0
TX905315,16,128.86,Alimentación,0,0,0,608,0
TX905316,0,2.08,Retirada de efectivo,0,0,2,1465,0
TX905317,2,2.0,Alimentación,0,1,3,1781,0
TX905318,22,38.67,Viajes,0,0,2,2061,0
TX905319,18,18.33,Restauración,0,0,4,2263,0
TX905320,19,25.54,Retirada de efectivo,0,0,2,1902,0
TX905321,17,11.2,Viajes,0,0,3,2383,0
TX905322,8,49.02,Restauración,0,0,3,2082,0
TX905323,11,4.82,Suscripciones,0,0,2,1903,0
TX905324,0,77.8,Viajes,0,0,1,659,0
TX905325,14,232.24,Restauración,0,0,3,2566,0
TX905326,10,2.85,Retirada de efectivo,0,0,3,2102,0
TX905327,1,49.61,Ropa,0,0,3,2052,0
TX905328,2,190.35,Retirada de efectivo,0,0,2,171,0
TX905329,6,36.05,Retirada de efectivo,0,1,1,2456,0
TX905330,5,14.5,Viajes,0,1,5,2583,0
TX905331,20,8.99,Ropa,0,0,1,1652,0
TX905332,15,35.51,Restauración,0,0,2,1051,0
TX905333,7,47.54,Retirada de efectivo,0,1,3,272,0
TX905334,20,7.82,Electrónica,0,0,1,980,0
TX905335,11,62.28,Restauración,0,0,2,2060,0
TX905336,11,30.11,Viajes,0,0,4,1357,0
TX905337,8,2.0,Electrónica,0,0,0,525,0
TX905338,9,42.86,Suscripciones,0,0,1,1475,0
TX905339,0,2.74,Suscripciones,0,0,1,1256,0
TX905340,20,13.95,Electrónica,0,0,3,1732,0
TX905341,6,92.97,Retirada de efectivo,0,0,2,5,0
TX905342,1,33.53,Alimentación,0,0,3,2227,0
TX905343,5,10.52,Retirada de efectivo,0,0,1,2071,0
TX905344,4,51.0,Viajes,0,0,6,1094,0
TX905345,12,14.4,Alimentación,0,0,0,2388,0
TX905346,23,75.39,Electrónica,0,0,2,2474,0
TX905347,23,11.18,Ropa,0,0,0,1937,0
TX905348,16,14.41,Alimentación,0,0,2,2464,0
TX905349,15,34.49,Electrónica,0,1,3,1167,0
TX905350,7,112.43,Retirada de efectivo,0,0,1,2455,0
TX905351,15,27.42,Retirada de efectivo,0,0,5,1036,0
TX905352,15,39.24,Retirada de efectivo,0,1,2,2168,0
TX905353,14,23.85,Restauración,0,1,4,130,0
TX905354,19,109.13,Retirada de efectivo,0,0,3,115,0
TX905355,19,3.6,Viajes,0,0,4,1375,0
TX905356,17,4.63,Restauración,0,0,2,1871,0
TX905357,5,8.63,Alimentación,0,1,3,1852,0
TX905358,6,66.73,Alimentación,0,0,1,2349,0
TX905359,4,39.72,Alimentación,0,0,6,1079,0
TX905360,9,81.33,Alimentación,0,0,1,1139,0
TX905361,21,36.64,Viajes,0,0,4,166,0
TX905362,4,78.47,Ropa,0,0,5,1207,0
TX905363,10,41.61,Suscripciones,0,0,0,900,0
TX905364,1,48.3,Electrónica,0,0,1,1487,0
TX905365,22,3.76,Suscripciones,0,1,1,170,0
TX905366,23,108.78,Retirada de efectivo,0,0,1,2215,0
TX905367,20,27.94,Alimentación,0,0,2,1187,0
TX905368,16,102.2,Restauración,0,0,1,1632,0
TX905369,11,97.43,Suscripciones,0,1,2,2590,0
TX905370,14,30.48,Retirada de efectivo,0,0,3,977,0
TX905371,1,12.59,Alimentación,0,0,3,1857,0
TX905372,7,82.2,Retirada de efectivo,0,0,2,2441,0
TX905373,11,8.98,Restauración,0,0,5,196,0
TX905374,14,35.25,Restauración,0,0,3,166,0
TX905375,3,2.57,Suscripciones,0,0,5,1354,0
TX905376,13,36.08,Electrónica,0,0,1,2376,0
TX905377,1,63.34,Suscripciones,1,0,2,1312,0
TX905378,22,51.93,Retirada de efectivo,0,0,2,2088,0
TX905379,16,16.0,Suscripciones,0,0,3,2480,0
TX905380,12,11.85,Electrónica,0,1,3,267,0
TX905381,2,54.18,Electrónica,0,0,1,410,0
TX905382,15,96.18,Electrónica,0,0,2,2498,0
TX905383,1,2.91,Ropa,0,0,2,2299,0
TX905384,12,18.91,Electrónica,1,0,4,1153,0
TX905385,5,25.62,Electrónica,0,0,2,762,0
TX905386,9,10.16,Ropa,0,0,0,90,0
TX905387,14,84.5,Retirada de efectivo,0,1,2,691,0
TX905388,0,33.18,Viajes,0,0,1,124,0
TX905389,1,25.78,Retirada de efectivo,0,0,3,1466,0
TX905390,14,16.07,Electrónica,0,1,2,349,0
TX905391,23,35.71,Ropa,0,0,1,1971,0
TX905392,17,16.75,Retirada de efectivo,0,0,2,497,0
TX905393,19,9.33,Electrónica,0,0,0,2415,0
TX905394,12,13.55,Viajes,0,0,2,1304,0
TX905395,4,9.87,Ropa,0,0,4,2270,0
TX905396,16,22.15,Suscripciones,0,0,0,327,0
TX905397,22,63.53,Retirada de efectivo,0,0,4,2184,0
TX905398,3,4.68,Viajes,0,0,1,1107,0
TX905399,23,28.79,Retirada de efectivo,0,0,0,770,0
TX905400,6,296.4,Ropa,0,0,2,1077,0
TX905401,17,41.07,Retirada de efectivo,0,0,3,1149,0
TX905402,21,30.7,Ropa,0,1,2,1831,0
TX905403,22,144.1,Suscripciones,0,0,1,341,0
TX905404,23,2.24,Viajes,0,0,2,1076,0
TX905405,4,151.32,Suscripciones,0,1,4,931,1
TX905406,2,9.93,Ropa,0,0,3,259,0
TX905407,7,35.54,Alimentación,0,1,3,1469,0
TX905408,5,5.64,Electrónica,0,1,5,202,0
TX905409,20,4.88,Viajes,1,0,3,1415,0
TX905410,17,17.5,Ropa,0,0,1,1529,0
TX905411,3,27.47,Suscripciones,0,0,2,1949,0
TX905412,5,31.52,Electrónica,0,0,2,558,0
TX905413,8,104.47,Retirada de efectivo,0,0,2,691,0
TX905414,20,2.73,Electrónica,0,1,1,208,0
TX905415,2,18.29,Retirada de efectivo,0,0,0,106,0
TX905416,4,4.01,Suscripciones,0,1,1,2237,0
TX905417,8,24.67,Alimentación,1,0,3,1725,0
TX905418,21,271.25,Suscripciones,0,1,2,135,0
TX905419,11,105.36,Retirada de efectivo,0,0,0,2329,0
TX905420,19,7.36,Electrónica,0,1,0,232,0
TX905421,20,28.33,Viajes,0,0,1,370,0
TX905422,5,12.96,Ropa,0,0,4,1428,0
TX905423,10,146.61,Suscripciones,0,0,1,1116,0
TX905424,13,51.09,Ropa,1,0,6,2518,0
TX905425,10,6.33,Alimentación,0,0,1,1360,0
TX905426,11,34.78,Suscripciones,0,0,1,1636,0
TX905427,16,31.69,Restauración,0,0,0,272,0
TX905428,16,34.32,Restauración,0,0,3,1919,0
TX905429,9,28.58,Viajes,0,0,2,1596,0
TX905430,8,80.29,Electrónica,0,0,3,1265,0
TX905431,9,53.66,Alimentación,0,0,3,1741,0
TX905432,9,30.7,Viajes,0,0,3,2378,0
TX905433,10,16.18,Restauración,0,0,4,1111,0
TX905434,14,23.09,Suscripciones,0,0,0,627,0
TX905435,7,15.46,Retirada de efectivo,0,0,1,1365,0
TX905436,11,10.1,Electrónica,0,0,1,650,0
TX905437,6,6.67,Electrónica,0,0,1,2178,0
TX905438,18,38.53,Ropa,0,1,3,528,0
TX905439,21,107.5,Viajes,0,1,3,1199,0
TX905440,6,38.67,Electrónica,0,0,3,859,0
TX905441,7,8.0,Retirada de efectivo,0,1,0,199,0
TX905442,8,8.87,Retirada de efectivo,0,1,3,202,1
TX905443,19,56.1,Suscripciones,0,0,1,2046,0
TX905444,21,12.12,Viajes,0,0,4,1461,0
TX905445,7,21.98,Electrónica,0,0,4,868,0
TX905446,5,17.16,Restauración,0,0,0,2341,0
TX905447,15,5.22,Alimentación,0,0,0,906,0
TX905448,9,43.06,Electrónica,0,0,2,1478,0
TX905449,17,13.76,Viajes,0,0,1,30,0
TX905450,5,4.74,Suscripciones,0,0,1,1904,0
TX905451,20,27.98,Electrónica,0,0,0,1418,0
TX905452,4,24.84,Ropa,1,0,4,1586,0
TX905453,16,150.62,Viajes,0,1,2,2293,1
TX905454,15,22.81,Restauración,0,0,2,639,0
TX905455,7,2.41,Restauración,0,0,4,895,0
TX905456,16,106.79,Restauración,0,0,2,2471,0
TX905457,3,47.05,Electrónica,1,0,3,2186,0
TX905458,23,10.96,Restauración,0,0,4,1350,0
TX905459,15,330.27,Retirada de efectivo,0,0,2,866,0
TX905460,9,15.21,Suscripciones,0,0,5,1890,0
TX905461,2,122.31,Restauración,0,0,2,1265,0
TX905462,11,30.26,Alimentación,0,1,2,1811,0
TX905463,8,127.26,Suscripciones,1,0,1,2387,0
TX905464,13,11.22,Retirada de efectivo,0,1,1,973,0
TX905465,18,19.4,Ropa,1,0,5,2278,0
TX905466,6,16.21,Electrónica,0,0,7,2084,0
TX905467,13,6.37,Restauración,0,0,2,1420,0
TX905468,16,7.76,Alimentación,0,0,2,2062,0
TX905469,13,3.25,Alimentación,1,0,2,2565,0
TX905470,23,58.56,Ropa,0,0,2,1548,0
TX905471,0,67.3,Electrónica,0,0,2,1662,0
TX905472,3,83.89,Alimentación,0,0,2,150,0
TX905473,8,13.08,Viajes,0,0,3,703,0
TX905474,22,4.97,Electrónica,0,0,0,2252,0
TX905475,11,7.35,Electrónica,0,0,2,1730,0
TX905476,6,37.75,Alimentación,0,0,1,1818,0
TX905477,22,14.12,Retirada de efectivo,0,1,2,1328,0
TX905478,14,6.23,Suscripciones,0,0,5,1048,0
TX905479,22,131.44,Restauración,0,0,4,848,0
TX905480,11,10.33,Ropa,0,0,2,238,0
TX905481,17,123.47,Viajes,0,0,3,436,0
TX905482,10,12.22,Viajes,0,0,2,1871,0
TX905483,0,13.64,Restauración,0,0,0,1058,0
TX905484,1,21.76,Electrónica,0,0,1,260,0
TX905485,7,22.02,Electrónica,1,1,1,2242,0
TX905486,8,44.41,Alimentación,1,0,5,1984,0
TX905487,6,34.38,Electrónica,0,0,2,1879,0
TX905488,2,75.86,Viajes,0,1,1,1819,0
TX905489,5,5.95,Ropa,0,0,3,1102,0
TX905490,19,8.36,Ropa,0,1,2,666,0
TX905491,1,66.28,Viajes,0,0,0,566,0
TX905492,5,8.13,Electrónica,0,0,3,94,0
TX905493,7,20.78,Viajes,0,0,2,1501,0
TX905494,20,6.01,Electrónica,0,0,3,1724,0
TX905495,21,63.59,Retirada de efectivo,0,0,1,1427,0
TX905496,4,4.7,Electrónica,0,0,3,1799,0
TX905497,22,15.52,Alimentación,0,0,1,306,0
TX905498,8,7.8,Retirada de efectivo,0,0,6,1763,0
TX905499,19,35.2,Ropa,0,0,4,1577,0
TX905500,0,36.67,Electrónica,0,0,1,2049,0
TX905501,23,106.81,Alimentación,0,1,2,495,0
TX905502,19,32.96,Suscripciones,1,1,2,2310,0
TX905503,4,10.55,Viajes,0,0,1,2597,0
TX905504,21,27.37,Electrónica,0,0,2,503,0
TX905505,21,44.39,Ropa,0,0,2,1839,0
TX905506,11,61.75,Alimentación,0,0,1,264,0
TX905507,2,24.0,Restauración,0,1,2,1686,0
TX905508,14,69.2,Alimentación,0,0,1,615,0
TX905509,7,22.55,Restauración,0,0,0,2468,0
TX905510,3,7.37,Viajes,0,0,1,2390,0
TX905511,3,8.47,Ropa,0,0,3,2010,0
TX905512,8,19.93,Suscripciones,0,0,2,2401,0
TX905513,21,19.23,Ropa,1,0,3,1195,0
TX905514,0,23.37,Alimentación,0,0,2,2337,0
TX905515,14,139.37,Suscripciones,0,1,2,1455,0
TX905516,22,27.73,Retirada de efectivo,0,0,3,2159,0
TX905517,19,61.8,Retirada de efectivo,1,0,5,688,0
TX905518,20,40.13,Ropa,1,0,1,1159,0
TX905519,19,51.92,Restauración,0,0,3,943,0
TX905520,20,8.36,Retirada de efectivo,0,0,3,346,0
TX905521,14,36.67,Ropa,0,1,2,818,0
TX905522,5,121.96,Retirada de efectivo,0,0,0,64,0
TX905523,10,12.31,Electrónica,0,0,4,2284,0
TX905524,12,12.99,Alimentación,0,0,4,684,0
TX905525,0,14.69,Restauración,0,1,0,662,0
TX905526,7,60.82,Restauración,0,0,1,1619,0
TX905527,13,10.27,Restauración,0,0,3,286,0
TX905528,4,14.71,Retirada de efectivo,0,0,0,1563,0
TX905529,23,13.04,Suscripciones,0,0,1,1707,0
TX905530,5,8.79,Restauración,0,0,2,1867,0
TX905531,17,5.41,Ropa,0,0,3,990,0
TX905532,20,22.46,Ropa,0,1,3,269,0
TX905533,20,65.78,Viajes,0,0,3,448,0
TX905534,6,4.7,Suscripciones,1,0,3,1739,0
TX905535,10,29.44,Alimentación,0,0,4,2301,0
TX905536,17,237.94,Suscripciones,0,0,3,1380,0
TX905537,2,13.39,Viajes,0,0,3,713,0
TX905538,15,36.89,Electrónica,0,0,4,2167,0
TX905539,22,36.75,Suscripciones,0,1,2,1512,0
TX905540,2,8.9,Suscripciones,0,0,3,2042,0
TX905541,6,26.6,Ropa,1,0,2,2468,0
TX905542,4,5.15,Electrónica,0,0,2,2463,0
TX905543,11,23.06,Electrónica,0,0,1,1027,0
TX905544,21,209.42,Alimentación,0,0,2,1685,0
TX905545,20,287.92,Ropa,0,1,1,1429,0
TX905546,6,4.86,Retirada de efectivo,0,1,1,492,0
TX905547,4,6.19,Alimentación,0,0,2,1831,0
TX905548,4,69.06,Ropa,0,0,2,775,0
TX905549,20,23.26,Viajes,0,0,3,57,0
TX905550,10,53.26,Suscripciones,0,0,3,2387,0
TX905551,15,34.91,Ropa,0,0,0,334,0
TX905552,23,11.44,Electrónica,0,0,0,463,0
TX905553,4,118.62,Electrónica,1,0,4,683,0
TX905554,12,4.29,Ropa,0,0,1,1584,0
TX905555,20,17.7,Viajes,0,0,2,467,0
TX905556,2,20.1,Viajes,0,0,3,2489,0
TX905557,2,8.52,Electrónica,0,0,4,438,0
TX905558,4,15.46,Retirada de efectivo,0,0,1,76,0
TX905559,22,31.04,Retirada de efectivo,0,0,2,327,0
TX905560,0,31.18,Viajes,0,0,3,438,0
TX905561,18,58.78,Ropa,0,1,4,439,0
TX905562,11,216.17,Ropa,0,0,2,1032,0
TX905563,10,29.02,Restauración,0,1,2,1601,0
TX905564,8,20.37,Alimentación,0,0,3,2492,0
TX905565,12,20.75,Alimentación,0,0,2,1970,0
TX905566,12,5.48,Electrónica,0,0,2,460,0
TX905567,14,49.92,Suscripciones,0,0,2,765,0
TX905568,4,13.75,Viajes,0,0,3,712,0
TX905569,12,131.03,Suscripciones,0,0,3,66,0
TX905570,3,10.97,Alimentación,0,1,0,770,0
TX905571,2,29.74,Ropa,0,0,3,43,0
TX905572,22,87.49,Ropa,0,0,0,1796,0
TX905573,7,29.08,Ropa,0,0,2,2172,0
TX905574,13,39.25,Suscripciones,1,1,1,514,0
TX905575,16,55.5,Electrónica,0,0,2,297,0
TX905576,16,12.24,Restauración,0,0,2,958,0
TX905577,3,215.08,Electrónica,0,0,4,469,0
TX905578,10,3.64,Restauración,0,0,2,2308,0
TX905579,14,21.27,Ropa,0,1,2,1213,0
TX905580,9,21.1,Ropa,0,0,1,192,0
TX905581,9,76.54,Alimentación,0,0,2,1556,0
TX905582,0,18.49,Electrónica,0,0,4,422,0
TX905583,22,5.56,Alimentación,1,0,2,1400,0
TX905584,7,25.84,Viajes,0,0,3,593,0
TX905585,9,40.2,Viajes,0,0,1,2148,0
TX905586,23,11.49,Ropa,0,0,3,216,0
TX905587,20,9.52,Electrónica,0,1,4,1921,0
TX905588,3,22.05,Ropa,0,0,1,1492,0
TX905589,10,6.12,Ropa,0,0,1,774,0
TX905590,14,37.67,Ropa,0,0,2,1487,0
TX905591,6,18.23,Suscripciones,0,1,2,1805,0
TX905592,5,13.82,Ropa,0,0,1,457,0
TX905593,14,83.7,Viajes,0,0,5,1727,0
TX905594,22,57.54,Restauración,1,0,1,1903,0
TX905595,7,6.9,Electrónica,0,0,0,233,0
TX905596,2,17.84,Alimentación,0,0,3,2515,0
TX905597,22,19.01,Alimentación,0,0,2,488,0
TX905598,10,71.57,Alimentación,0,0,3,118,0
TX905599,4,25.02,Retirada de efectivo,0,0,4,334,0
TX905600,0,28.81,Suscripciones,0,1,4,1933,0
TX905601,18,23.44,Viajes,0,1,4,461,0
TX905602,3,45.52,Restauración,1,0,2,1717,0
TX905603,19,4.17,Restauración,0,0,1,1682,0
TX905604,21,93.82,Restauración,0,0,1,625,0
TX905605,13,30.06,Suscripciones,0,0,3,1227,0
TX905606,2,6.24,Alimentación,0,1,2,121,0
TX905607,11,5.08,Viajes,0,0,0,1370,0
TX905608,19,27.2,Restauración,0,1,0,1764,0
TX905609,19,18.78,Retirada de efectivo,0,0,3,2171,0
TX905610,4,17.9,Electrónica,0,0,2,1677,0
TX905611,13,28.35,Alimentación,0,0,1,160,0
TX905612,3,57.61,Electrónica,0,0,0,170,0
TX905613,1,11.05,Retirada de efectivo,0,0,4,1021,0
TX905614,21,2.5,Alimentación,0,0,3,1227,0
TX905615,15,25.74,Electrónica,0,0,4,1197,0
TX905616,11,25.45,Restauración,0,0,5,2419,0
TX905617,5,28.78,Electrónica,0,1,2,911,0
TX905618,7,12.77,Suscripciones,0,0,6,195,0
TX905619,2,26.76,Suscripciones,0,1,2,2438,0
TX905620,22,104.91,Retirada de efectivo,0,1,1,745,0
TX905621,8,14.16,Suscripciones,0,0,3,1885,0
TX905622,19,13.93,Retirada de efectivo,0,0,0,709,0
TX905623,23,27.66,Viajes,0,0,1,1089,0
TX905624,13,76.4,Suscripciones,0,0,4,89,0
TX905625,16,9.96,Alimentación,0,0,0,2156,0
TX905626,6,31.42,Alimentación,0,0,3,662,0
TX905627,2,7.02,Alimentación,0,0,4,2177,0
TX905628,22,90.61,Ropa,0,0,2,1753,0
TX905629,16,7.07,Suscripciones,0,0,4,450,0
TX905630,10,8.77,Retirada de efectivo,0,0,3,2046,0
TX905631,23,11.2,Suscripciones,0,0,4,995,0
TX905632,2,20.84,Alimentación,0,0,3,1397,0
TX905633,16,4.71,Ropa,0,0,0,1916,0
TX905634,22,96.37,Suscripciones,0,1,2,2462,0
TX905635,17,21.66,Suscripciones,0,0,3,966,0
TX905636,15,15.27,Electrónica,0,0,1,1691,0
TX905637,23,27.75,Viajes,0,0,2,967,0
TX905638,21,48.69,Suscripciones,0,0,0,2121,0
TX905639,18,10.71,Suscripciones,1,0,2,693,0
TX905640,11,95.4,Ropa,0,0,1,2181,0
TX905641,22,21.79,Restauración,0,0,2,1488,0
TX905642,17,8.46,Suscripciones,0,0,2,328,0
TX905643,18,4.35,Retirada de efectivo,0,0,4,258,0
TX905644,1,12.42,Suscripciones,0,0,2,1471,0
TX905645,5,3.98,Restauración,0,0,2,431,0
TX905646,6,5.1,Ropa,1,0,1,630,0
TX905647,18,8.48,Alimentación,0,1,0,193,0
TX905648,10,117.65,Ropa,0,0,4,2499,0
TX905649,0,102.78,Alimentación,1,0,2,2225,0
TX905650,3,26.72,Viajes,0,0,1,1832,0
TX905651,9,11.81,Retirada de efectivo,0,0,1,929,0
TX905652,21,59.96,Suscripciones,0,0,1,829,0
TX905653,15,34.09,Restauración,0,0,1,2197,0
TX905654,13,35.54,Restauración,0,0,4,1408,0
TX905655,8,32.01,Restauración,0,0,1,753,0
TX905656,6,73.98,Electrónica,0,0,4,1581,0
TX905657,5,13.71,Viajes,0,0,3,1658,0
TX905658,14,28.46,Retirada de efectivo,0,0,3,1372,0
TX905659,21,40.3,Alimentación,0,0,3,2314,0
TX905660,0,8.81,Retirada de efectivo,0,0,2,2422,0
TX905661,3,122.47,Electrónica,0,0,3,1890,0
TX905662,18,10.32,Suscripciones,0,1,3,2491,0
TX905663,2,19.18,Viajes,0,0,1,1387,0
TX905664,10,28.21,Restauración,0,0,3,1620,0
TX905665,11,20.98,Alimentación,0,1,1,2212,0
TX905666,4,7.17,Alimentación,0,1,1,1466,0
TX905667,22,37.15,Retirada de efectivo,0,0,2,2211,0
TX905668,19,6.6,Electrónica,0,0,3,2477,0
TX905669,1,48.69,Restauración,0,0,3,254,0
TX905670,14,176.07,Ropa,0,0,1,1758,0
TX905671,16,46.37,Ropa,0,0,2,640,0
TX905672,2,15.57,Ropa,0,0,1,1484,0
TX905673,13,127.27,Restauración,0,0,3,1353,0
TX905674,10,6.69,Ropa,0,0,8,1218,0
TX905675,6,13.4,Restauración,0,1,2,2362,0
TX905676,19,67.95,Electrónica,0,0,3,76,0
TX905677,0,32.25,Retirada de efectivo,0,0,1,2121,0
TX905678,6,48.48,Viajes,0,0,1,398,0
TX905679,2,10.14,Viajes,0,0,3,1169,0
TX905680,15,5.88,Viajes,0,0,4,740,0
TX905681,22,19.03,Alimentación,0,0,3,1154,0
TX905682,1,15.67,Electrónica,0,0,2,2570,0
TX905683,13,29.26,Ropa,0,0,1,2479,0
TX905684,2,66.2,Restauración,0,0,5,517,0
TX905685,12,11.97,Viajes,0,1,2,977,0
TX905686,12,18.12,Retirada de efectivo,0,0,6,943,0
TX905687,1,37.16,Alimentación,0,0,0,2284,0
TX905688,12,2.53,Restauración,0,0,1,356,0
TX905689,17,56.13,Alimentación,0,0,3,335,0
TX905690,0,3.1,Retirada de efectivo,0,0,0,200,0
TX905691,6,7.91,Suscripciones,0,0,1,416,0
TX905692,23,146.6,Electrónica,0,1,2,421,0
TX905693,13,40.46,Alimentación,0,0,2,1970,0
TX905694,10,58.21,Suscripciones,0,0,4,606,0
TX905695,17,9.16,Electrónica,0,0,3,2587,0
TX905696,5,13.23,Alimentación,0,0,3,1519,0
TX905697,15,16.44,Electrónica,0,0,3,2283,0
TX905698,23,38.31,Ropa,0,1,1,201,0
TX905699,20,53.03,Ropa,0,0,2,1820,0
TX905700,22,45.96,Restauración,0,0,3,221,0
TX905701,21,28.42,Electrónica,1,0,4,1468,0
TX905702,20,26.23,Electrónica,0,0,2,1615,0
TX905703,16,22.03,Retirada de efectivo,0,0,3,593,0
TX905704,1,15.38,Viajes,0,0,0,1462,0
TX905705,21,4.78,Restauración,0,0,2,1992,0
TX905706,5,14.32,Restauración,0,1,1,1108,0
TX905707,23,153.25,Suscripciones,1,0,1,595,0
TX905708,7,17.76,Suscripciones,1,0,2,2387,0
TX905709,19,16.95,Retirada de efectivo,1,0,1,185,1
TX905710,20,18.31,Electrónica,0,0,3,2587,0
TX905711,12,14.23,Restauración,0,0,2,1208,0
TX905712,21,17.92,Restauración,0,0,2,843,0
TX905713,23,9.48,Suscripciones,1,1,2,146,1
TX905714,1,28.14,Ropa,0,0,2,1100,0
TX905715,1,50.66,Alimentación,0,0,3,2420,0
TX905716,18,8.62,Suscripciones,1,0,1,953,0
TX905717,21,57.11,Viajes,0,0,2,2291,0
TX905718,1,36.07,Retirada de efectivo,0,0,2,2441,0
TX905719,14,6.18,Ropa,0,0,5,795,0
TX905720,4,65.38,Alimentación,0,1,2,966,0
TX905721,12,33.8,Viajes,0,0,5,871,0
TX905722,3,8.16,Retirada de efectivo,1,0,5,1205,1
TX905723,13,18.08,Suscripciones,0,0,2,2572,0
TX905724,17,71.38,Retirada de efectivo,0,0,1,2487,0
TX905725,13,28.0,Restauración,1,1,1,1627,1
TX905726,6,13.94,Alimentación,0,0,1,1948,0
TX905727,8,30.94,Suscripciones,0,0,1,2503,0
TX905728,5,12.44,Electrónica,0,0,1,419,0
TX905729,19,18.19,Alimentación,0,1,2,1838,0
TX905730,11,23.24,Retirada de efectivo,0,0,2,2305,0
TX905731,13,142.78,Electrónica,0,0,2,1725,0
TX905732,13,10.6,Electrónica,0,0,1,1479,0
TX905733,0,89.6,Ropa,0,0,2,2367,0
TX905734,1,2.0,Electrónica,0,0,2,1215,0
TX905735,4,20.53,Suscripciones,0,0,1,1849,0
TX905736,5,34.39,Retirada de efectivo,0,0,0,2537,0
TX905737,5,60.63,Ropa,0,0,1,1310,0
TX905738,9,42.22,Viajes,0,1,4,2202,0
TX905739,4,2.0,Suscripciones,0,0,0,1913,0
TX905740,19,95.04,Suscripciones,0,0,2,972,0
TX905741,7,8.12,Retirada de efectivo,0,1,4,2119,0
TX905742,1,9.4,Retirada de efectivo,0,0,1,1004,0
TX905743,17,4.35,Alimentación,0,0,2,272,0
TX905744,22,44.57,Retirada de efectivo,0,0,0,883,0
TX905745,0,39.92,Alimentación,1,0,2,699,0
TX905746,14,15.89,Restauración,0,0,2,1441,0
TX905747,8,7.33,Alimentación,0,0,1,2538,0
TX905748,11,31.18,Suscripciones,0,0,2,390,0
TX905749,20,3.65,Viajes,0,0,2,865,0
TX905750,17,569.3,Retirada de efectivo,1,0,1,1122,0
TX905751,23,27.25,Alimentación,0,0,4,343,0
TX905752,4,111.71,Electrónica,0,0,4,10,0
TX905753,10,53.38,Ropa,0,0,0,884,0
TX905754,0,19.51,Restauración,0,0,3,2421,0
TX905755,15,11.24,Retirada de efectivo,0,0,2,1157,0
TX905756,20,70.74,Alimentación,0,0,5,261,0
TX905757,7,25.07,Ropa,0,1,1,119,1
TX905758,12,76.02,Alimentación,0,0,3,1492,0
TX905759,11,21.85,Suscripciones,0,0,1,1431,0
TX905760,23,166.49,Alimentación,0,0,5,785,0
TX905761,18,40.41,Alimentación,1,1,2,513,0
TX905762,14,10.51,Ropa,0,1,1,477,0
TX905763,15,72.71,Alimentación,0,0,4,689,0
TX905764,17,34.45,Viajes,0,0,0,18,0
TX905765,16,13.44,Restauración,0,0,3,2392,0
TX905766,21,17.13,Restauración,0,0,3,1067,0
TX905767,1,10.34,Retirada de efectivo,0,0,0,1257,0
TX905768,16,10.62,Suscripciones,0,0,2,980,0
TX905769,20,50.93,Suscripciones,0,0,2,2059,0
TX905770,9,123.03,Retirada de efectivo,0,0,1,473,0
TX905771,5,38.96,Restauración,0,0,2,2243,0
TX905772,6,20.91,Electrónica,0,0,3,530,0
TX905773,12,19.39,Viajes,0,0,2,1343,0
TX905774,11,31.92,Suscripciones,0,0,4,60,0
TX905775,23,38.08,Alimentación,0,1,2,487,0
TX905776,11,7.85,Retirada de efectivo,0,0,1,80,0
TX905777,8,18.81,Electrónica,0,0,1,710,0
TX905778,11,37.16,Viajes,0,0,1,1568,0
TX905779,21,8.79,Viajes,1,0,4,2215,0
TX905780,10,129.51,Ropa,0,0,2,1789,0
TX905781,14,469.48,Electrónica,0,0,4,1017,0
TX905782,22,80.33,Restauración,0,0,3,1016,0
TX905783,2,9.01,Restauración,0,0,3,731,0
TX905784,15,46.1,Restauración,0,0,2,795,0
TX905785,0,49.18,Viajes,0,0,1,785,0
TX905786,7,11.07,Restauración,0,0,3,232,0
TX905787,3,12.41,Electrónica,0,0,2,2165,0
TX905788,20,10.0,Suscripciones,0,0,1,1966,0
TX905789,10,15.79,Ropa,0,0,2,90,0
TX905790,19,6.6,Suscripciones,0,0,5,957,0
TX905791,18,13.79,Alimentación,0,0,3,234,0
TX905792,6,50.52,Alimentación,0,0,1,25,0
TX905793,7,9.78,Electrónica,0,0,2,743,0
TX905794,17,69.52,Suscripciones,1,0,2,2239,0
TX905795,2,7.7,Alimentación,0,0,3,1485,0
TX905796,13,52.07,Retirada de efectivo,0,1,3,1374,0
TX905797,2,44.76,Electrónica,0,0,2,1497,0
TX905798,8,24.0,Electrónica,0,0,1,2514,0
TX905799,11,17.55,Ropa,0,1,2,1787,0
TX905800,10,26.58,Electrónica,0,1,2,260,0
TX905801,12,59.6,Retirada de efectivo,0,0,2,1406,0
TX905802,14,8.49,Suscripciones,0,0,4,1079,0
TX905803,22,24.92,Suscripciones,0,0,2,2066,0
TX905804,21,15.2,Restauración,0,0,0,420,0
TX905805,22,27.11,Restauración,0,0,2,1935,0
TX905806,15,17.04,Ropa,1,0,1,550,0
TX905807,20,61.14,Ropa,0,0,2,862,0
TX905808,22,5.25,Alimentación,0,0,3,1159,0
TX905809,3,18.89,Restauración,0,0,4,975,0
TX905810,14,25.57,Suscripciones,0,0,1,2101,0
TX905811,23,9.03,Electrónica,0,0,4,774,0
TX905812,18,4.38,Viajes,0,0,5,518,0
TX905813,6,66.43,Alimentación,0,0,3,2229,0
TX905814,18,15.83,Electrónica,0,1,4,2397,0
TX905815,0,9.26,Alimentación,1,0,2,1323,0
TX905816,21,28.23,Alimentación,0,0,0,1928,0
TX905817,7,12.36,Viajes,0,0,1,1718,0
TX905818,7,11.53,Restauración,0,0,3,1213,0
TX905819,15,20.23,Alimentación,1,1,4,1951,0
TX905820,8,16.22,Alimentación,0,0,4,1261,0
TX905821,17,100.62,Restauración,0,0,2,576,0
TX905822,11,36.46,Electrónica,0,0,2,1263,0
TX905823,20,9.59,Ropa,0,0,0,2039,0
TX905824,11,102.26,Electrónica,0,0,2,1192,0
TX905825,10,18.03,Retirada de efectivo,0,0,2,1822,0
TX905826,16,147.09,Viajes,1,0,2,1791,0
TX905827,1,8.62,Viajes,0,1,2,6,0
TX905828,4,12.79,Restauración,1,0,2,212,0
TX905829,11,4.55,Ropa,0,0,0,2445,0
TX905830,4,12.81,Alimentación,1,0,1,1066,0
TX905831,22,1225.2,Retirada de efectivo,0,0,5,578,0
TX905832,3,18.76,Alimentación,0,0,2,1314,0
TX905833,21,44.84,Suscripciones,0,0,3,2314,0
TX905834,15,11.89,Electrónica,0,0,1,1152,0
TX905835,2,20.47,Electrónica,0,0,0,2101,0
TX905836,4,27.42,Electrónica,0,1,1,1266,0
TX905837,8,62.38,Electrónica,1,0,4,1669,0
TX905838,14,17.46,Ropa,0,0,1,1093,0
TX905839,18,77.73,Electrónica,0,0,1,594,0
TX905840,20,10.95,Restauración,0,1,0,2559,0
TX905841,10,21.28,Restauración,0,0,6,1881,0
TX905842,13,16.36,Ropa,0,0,5,936,0
TX905843,21,37.56,Alimentación,0,0,3,1772,0
TX905844,11,34.29,Suscripciones,0,0,0,1988,0
TX905845,16,141.15,Suscripciones,1,0,3,1355,0
TX905846,2,70.15,Restauración,1,0,3,1759,0
TX905847,9,26.22,Viajes,0,0,2,1041,0
TX905848,15,14.12,Ropa,0,0,3,2452,0
TX905849,11,17.6,Retirada de efectivo,0,0,1,268,0
TX905850,10,12.72,Alimentación,0,0,2,2135,0
TX905851,23,22.4,Restauración,1,0,0,820,0
TX905852,11,103.07,Suscripciones,1,0,0,1733,0
TX905853,6,83.26,Suscripciones,0,0,1,593,0
TX905854,12,122.43,Ropa,0,0,0,1877,0
TX905855,5,7.9,Alimentación,0,0,1,1757,0
TX905856,15,68.36,Electrónica,0,0,2,460,0
TX905857,16,9.66,Retirada de efectivo,1,0,6,1118,0
TX905858,22,38.62,Alimentación,0,0,0,1784,0
TX905859,6,18.1,Electrónica,0,0,1,1127,0
TX905860,7,42.02,Retirada de efectivo,1,0,2,1887,0
TX905861,8,99.41,Retirada de efectivo,0,0,2,479,0
TX905862,11,19.43,Ropa,0,0,6,1755,0
TX905863,12,11.76,Viajes,0,0,4,746,0
TX905864,4,12.91,Retirada de efectivo,0,0,1,678,0
TX905865,7,90.82,Ropa,0,0,2,398,0
TX905866,20,35.85,Alimentación,0,0,1,1248,0
TX905867,6,8.63,Viajes,0,0,4,139,0
TX905868,0,37.62,Viajes,0,1,2,388,0
TX905869,12,58.32,Viajes,0,1,1,2346,0
TX905870,5,509.14,Restauración,0,1,1,2087,0
TX905871,10,7.31,Restauración,1,0,4,2478,0
TX905872,22,27.77,Viajes,0,0,2,2440,0
TX905873,13,11.31,Retirada de efectivo,0,0,2,1542,0
TX905874,5,97.01,Alimentación,0,0,2,604,0
TX905875,14,12.83,Ropa,0,0,1,609,0
TX905876,23,13.39,Restauración,1,0,6,1095,0
TX905877,14,37.04,Retirada de efectivo,0,0,0,1520,0
TX905878,9,15.08,Electrónica,0,0,2,72,0
TX905879,12,108.72,Viajes,0,0,3,1728,0
TX905880,9,235.41,Viajes,0,0,7,112,0
TX905881,11,7.08,Alimentación,0,0,1,364,0
TX905882,15,58.98,Ropa,0,0,0,2296,0
TX905883,20,86.17,Restauración,0,0,2,712,0
TX905884,21,13.41,Retirada de efectivo,0,0,2,742,0
TX905885,23,53.27,Electrónica,0,0,3,853,0
TX905886,17,95.19,Restauración,0,0,2,901,0
TX905887,21,11.19,Electrónica,0,0,0,1690,0
TX905888,10,11.29,Retirada de efectivo,0,1,1,1274,0
TX905889,2,19.1,Viajes,0,0,1,279,0
TX905890,14,24.15,Restauración,0,1,4,2446,0
TX905891,21,14.17,Alimentación,0,0,1,2595,0
TX905892,3,219.75,Restauración,0,0,2,2076,0
TX905893,14,31.32,Viajes,0,0,2,204,0
TX905894,10,13.47,Viajes,0,0,0,2074,0
TX905895,8,49.89,Alimentación,0,0,1,2550,0
TX905896,20,13.23,Retirada de efectivo,0,1,2,25,0
TX905897,10,10.24,Ropa,0,0,0,97,0
TX905898,17,36.15,Electrónica,0,0,2,1074,0
TX905899,7,4.76,Electrónica,0,0,1,814,0
TX905900,9,19.68,Ropa,0,0,0,271,0
TX905901,6,7.82,Alimentación,0,0,3,1051,0
TX905902,23,40.51,Electrónica,0,0,1,898,0
TX905903,18,20.13,Alimentación,0,0,3,2350,0
TX905904,4,20.34,Electrónica,0,0,2,32,0
TX905905,7,5.27,Alimentación,0,0,4,595,0
TX905906,22,84.17,Viajes,0,1,3,580,0
TX905907,2,17.81,Restauración,0,0,2,289,0
TX905908,12,17.57,Viajes,0,1,2,2499,1
TX905909,4,3.75,Retirada de efectivo,0,0,4,1657,0
TX905910,12,97.15,Retirada de efectivo,0,0,2,1241,0
TX905911,11,17.65,Ropa,0,0,1,1566,0
TX905912,19,17.13,Electrónica,0,0,1,1993,0
TX905913,11,137.17,Viajes,0,0,1,859,0
TX905914,11,9.73,Alimentación,0,0,2,40,0
TX905915,21,26.43,Alimentación,0,0,1,1304,0
TX905916,19,69.37,Ropa,0,0,1,1993,0
TX905917,14,29.13,Electrónica,0,0,1,495,0
TX905918,19,23.99,Viajes,0,0,4,1323,0
TX905919,1,39.42,Retirada de efectivo,0,0,2,1733,0
TX905920,16,39.11,Restauración,0,0,3,1598,0
TX905921,22,19.67,Suscripciones,0,0,4,518,0
TX905922,5,46.85,Electrónica,1,0,1,344,1
TX905923,8,73.84,Electrónica,0,0,4,384,0
TX905924,22,18.69,Electrónica,0,0,3,1404,0
TX905925,10,55.47,Retirada de efectivo,0,0,2,2433,0
TX905926,6,268.51,Alimentación,0,1,1,1874,0
TX905927,16,62.24,Restauración,0,0,4,1824,0
TX905928,9,23.2,Retirada de efectivo,0,0,1,1548,0
TX905929,18,8.7,Retirada de efectivo,0,0,3,1332,0
TX905930,20,14.56,Retirada de efectivo,0,0,1,935,0
TX905931,18,10.26,Ropa,0,0,2,606,0
TX905932,19,16.33,Restauración,0,0,4,1725,0
TX905933,5,103.69,Alimentación,0,0,2,153,0
TX905934,6,97.11,Alimentación,0,0,2,2521,0
TX905935,18,197.61,Alimentación,0,0,1,1378,0
TX905936,11,10.72,Viajes,0,0,2,62,0
TX905937,5,20.53,Restauración,1,0,2,663,0
TX905938,0,3.75,Ropa,0,0,0,1178,0
TX905939,17,73.48,Suscripciones,0,0,4,1387,0
TX905940,18,185.06,Electrónica,0,0,1,1754,0
TX905941,13,8.08,Viajes,0,0,3,27,0
TX905942,5,242.43,Ropa,0,0,0,131,0
TX905943,20,34.31,Viajes,0,0,0,1738,0
TX905944,5,62.34,Suscripciones,0,0,1,614,0
TX905945,12,7.04,Suscripciones,0,0,3,2155,0
TX905946,20,50.66,Ropa,0,0,1,2255,0
TX905947,9,97.68,Electrónica,0,1,3,2196,0
TX905948,3,11.55,Electrónica,0,0,2,1995,0
TX905949,10,40.89,Alimentación,0,0,0,754,0
TX905950,12,35.01,Ropa,0,0,1,143,0
TX905951,8,26.56,Electrónica,0,0,0,2120,0
TX905952,9,119.38,Restauración,0,0,1,605,0
TX905953,1,25.59,Ropa,0,0,3,1199,0
TX905954,10,61.23,Alimentación,0,0,1,2543,0
TX905955,20,85.48,Alimentación,0,0,1,1384,0
TX905956,4,3.4,Electrónica,1,0,0,1350,0
TX905957,20,23.69,Restauración,0,0,3,2541,0
TX905958,15,13.91,Viajes,0,0,1,165,0
TX905959,18,16.38,Ropa,0,0,1,1235,0
TX905960,15,11.65,Ropa,0,0,3,2031,0
TX905961,17,14.68,Restauración,0,0,2,2327,0
TX905962,7,3.36,Alimentación,0,1,2,1592,0
TX905963,11,12.55,Electrónica,0,0,3,1941,0
TX905964,19,7.0,Alimentación,0,0,3,1899,0
TX905965,5,10.5,Electrónica,0,0,4,2569,0
TX905966,16,53.78,Alimentación,0,0,4,167,0
TX905967,10,104.97,Viajes,0,0,2,333,0
TX905968,3,40.53,Suscripciones,0,0,2,1278,0
TX905969,3,42.42,Suscripciones,0,0,0,1475,0
TX905970,19,10.15,Retirada de efectivo,0,0,1,653,0
TX905971,18,10.58,Viajes,0,0,5,1275,0
TX905972,1,23.5,Retirada de efectivo,1,1,2,973,0
TX905973,6,23.61,Electrónica,1,0,3,1419,0
TX905974,13,48.05,Restauración,0,0,2,1518,0
TX905975,23,40.13,Viajes,0,0,2,1746,0
TX905976,3,39.13,Suscripciones,0,0,1,1510,0
TX905977,16,188.6,Retirada de efectivo,0,0,4,1768,0
TX905978,7,25.08,Ropa,0,0,1,1383,0
TX905979,13,50.76,Alimentación,0,0,0,1520,0
TX905980,20,135.98,Retirada de efectivo,0,0,3,2426,0
TX905981,23,33.89,Viajes,1,0,4,1075,0
TX905982,3,21.09,Retirada de efectivo,0,0,0,821,0
TX905983,23,6.85,Restauración,0,0,3,1821,0
TX905984,5,6.41,Ropa,0,1,2,1589,0
TX905985,6,59.24,Ropa,0,0,2,1443,0
TX905986,7,31.92,Ropa,0,0,2,1272,1
TX905987,7,58.82,Alimentación,1,0,3,1856,0
TX905988,12,20.39,Viajes,1,0,3,1801,0
TX905989,12,11.86,Retirada de efectivo,1,0,0,1528,0
TX905990,6,7.77,Restauración,0,1,4,382,0
TX905991,3,30.98,Ropa,1,1,0,671,1
TX905992,17,14.22,Retirada de efectivo,0,0,8,2525,0
TX905993,19,13.6,Electrónica,0,1,1,137,0
TX905994,9,223.32,Retirada de efectivo,0,0,3,1148,0
TX905995,23,95.64,Ropa,0,0,6,2154,0
TX905996,11,14.17,Restauración,0,1,1,1995,0
TX905997,7,77.03,Viajes,0,0,1,2347,0
TX905998,2,14.94,Suscripciones,0,0,2,1571,0
TX905999,5,58.24,Ropa,0,0,3,551,0
